-- phpMyAdmin SQL Dump
-- version 5.1.1
-- https://www.phpmyadmin.net/
--
-- Servidor: localhost
-- Tiempo de generación: 16-11-2022 a las 13:34:52
-- Versión del servidor: 10.5.15-MariaDB-0+deb11u1
-- Versión de PHP: 7.4.30

SET SQL_MODE = "NO_AUTO_VALUE_ON_ZERO";
START TRANSACTION;
SET time_zone = "+00:00";


/*!40101 SET @OLD_CHARACTER_SET_CLIENT=@@CHARACTER_SET_CLIENT */;
/*!40101 SET @OLD_CHARACTER_SET_RESULTS=@@CHARACTER_SET_RESULTS */;
/*!40101 SET @OLD_COLLATION_CONNECTION=@@COLLATION_CONNECTION */;
/*!40101 SET NAMES utf8mb4 */;

--
-- Base de datos: `facturacionAppV3`
--

-- --------------------------------------------------------

--
-- Estructura de tabla para la tabla `categorias`
--

CREATE TABLE `categorias` (
  `id_categoria` int(11) NOT NULL,
  `activo` tinyint(1) NOT NULL,
  `nombre` varchar(255) DEFAULT NULL,
  `descripcion` varchar(255) DEFAULT NULL,
  `level_depth` int(11) DEFAULT NULL
) ENGINE=InnoDB DEFAULT CHARSET=utf8mb4;

-- --------------------------------------------------------

--
-- Estructura de tabla para la tabla `categorias_productos`
--

CREATE TABLE `categorias_productos` (
  `id_categoria_producto` int(11) NOT NULL,
  `pro_codigo` int(11) DEFAULT NULL,
  `id_categoria` int(11) DEFAULT NULL,
  `fkIdCategoria` int(11) DEFAULT NULL,
  `fkIdProducto` int(11) DEFAULT NULL
) ENGINE=InnoDB DEFAULT CHARSET=utf8mb4;

-- --------------------------------------------------------

--
-- Estructura de tabla para la tabla `cheques`
--

CREATE TABLE `cheques` (
  `id_cheque` int(11) NOT NULL,
  `num_interno` varchar(255) DEFAULT NULL,
  `fechapago` datetime DEFAULT NULL,
  `fechaemision` datetime DEFAULT NULL,
  `interes` double DEFAULT NULL,
  `importe` double DEFAULT NULL,
  `id_cliente` int(11) DEFAULT NULL,
  `id_entidad_financiera` int(11) DEFAULT NULL,
  `id_tipo_cheque` int(11) DEFAULT NULL
) ENGINE=InnoDB DEFAULT CHARSET=utf8mb4;

-- --------------------------------------------------------

--
-- Estructura de tabla para la tabla `clientes`
--

CREATE TABLE `clientes` (
  `cli_codigo` int(11) NOT NULL,
  `cpostal` varchar(255) DEFAULT NULL,
  `email` varchar(255) DEFAULT NULL,
  `razon_social` varchar(255) DEFAULT NULL,
  `cod_postal` varchar(255) DEFAULT NULL,
  `telefono_1` varchar(255) DEFAULT NULL,
  `telefono_2` varchar(255) DEFAULT NULL,
  `direccion` varchar(255) DEFAULT NULL,
  `nro_documento` varchar(255) DEFAULT NULL,
  `fkIdTipoDocumento` int(11) DEFAULT NULL,
  `fkIdTipoCliente` int(11) DEFAULT NULL,
  `iva_codigo` int(11) DEFAULT NULL,
  `localidad` varchar(255) DEFAULT NULL,
  `provincia` varchar(255) DEFAULT NULL,
  `id_lista_precio` int(11) DEFAULT NULL
) ENGINE=InnoDB DEFAULT CHARSET=utf8mb4;

--
-- Volcado de datos para la tabla `clientes`
--

INSERT INTO `clientes` (`cli_codigo`, `cpostal`, `email`, `razon_social`, `cod_postal`, `telefono_1`, `telefono_2`, `direccion`, `nro_documento`, `fkIdTipoDocumento`, `fkIdTipoCliente`, `iva_codigo`, `localidad`, `provincia`, `id_lista_precio`) VALUES
(1, '3500', '', 'CONSUMIDOR FINAL', NULL, '0', NULL, '', '0', 1, 1, 5, 'RESISTENCIA', 'CHACO', 12),
(20000, '3500', '', 'LOPEZ ELVA CATALINA', NULL, '3624441540', NULL, 'AV. MARCONI 1190', '27063494092', 5, 1, 1, 'RESISTENCIA', 'CHACO', 12),
(20001, '3500', 'knorzelisabeth@hotmail.com', 'KNORZ CARMEN', NULL, '3624-852849', NULL, 'AV RIVADAVIA 1365', '17771943', 1, 1, 5, 'RESISTENCIA', 'CHACO', 12),
(20002, '3500', 'tata_gja@hotmal.com', 'AGUERO GUSTAVO', NULL, '3624788711', NULL, 'AV WUILDE 355', '25369612', 1, 1, 5, 'RESISTENCIA ', 'CHACO', 12),
(20003, '3500', 'nn', 'CONTRERAS JUAN CARLOS', NULL, '3624-800260', NULL, 'SUCRE 1405', '22486548', 1, 1, 5, 'RESISTENCIA', 'CHACO', 12),
(20004, '3500', '', 'SERROUYA LEONARDO', NULL, '3624887121', NULL, '140 VIV MZ106 PC5 B LEGISLATURA', '29223600', 1, 1, 5, 'RESISTENCIA', 'CHACO', 12),
(20005, NULL, NULL, 'FLORES PABLO', NULL, '3624858374', NULL, NULL, '0', 1, 1, 5, NULL, 'CHACO', 12),
(20006, '0', '', 'ABAN MANUEL', NULL, '3624-397201', NULL, 'CASA 35 SECTOR C BARRIO RAOTA', '0', 1, 1, 5, 'RESISTENCIA', 'CHACO', 12),
(20007, '3500', 'gerardyto.romero@gmai.com', 'ROMERO GERARDO', NULL, '3624836983', NULL, 'PJE MISIONES 5430', '28047847', 1, 1, 5, 'BARRANQUERAS', 'CHACO', 12),
(20008, NULL, NULL, 'MANSILLA GRISELDA', NULL, '111111111', NULL, NULL, '0', 1, 1, 5, NULL, 'CHACO', 12),
(20009, '0', '', 'ALARCON GASTON', NULL, '3624535135', NULL, '', '0', 1, 1, 5, '', 'CHACO', 12),
(20010, '3500', 'florrrbarretoooo@gmail.com', 'BARRETO PABLO', NULL, '3624098254', NULL, '12 DE OCTUBRE 97', '22164278', 1, 1, 5, 'RESISTENCIA', 'CHACO', 12),
(20011, '0', '', 'CABRERA FERNANDO', NULL, '3624782506', NULL, '', '0', 1, 1, 5, '', 'CHACO', 12),
(20012, '4000', '', 'TRANS ENERGI SRL', NULL, '3624244490', NULL, 'JUJUY 45', '30711829802', 5, 1, 1, 'SANMIGUEL', 'TUCUMAN', 12),
(20013, '3500', 'yamilacveron@gmail.com', 'LEZCANO CRISTIAN', NULL, '3624-658296', NULL, 'LESTANI 1280', '26968490', 1, 1, 5, 'RESISTENCIA', 'CHACO', 12),
(20014, '0', '', 'GAUNA JUAN JOSE', NULL, '3624932238-4582091', NULL, 'MZ 55 PC 14 100 VIV. UOM', '0', 1, 1, 5, 'RESISTENCIA', 'CHACO', 12),
(20015, '3500', 'franmaria5@gmail.com', 'IFRAN MONICA ELISABETH ', NULL, '3624055985', NULL, 'AV DR RAMIREZ 982', '26984370', 1, 1, 5, 'RESISTENCIA', 'CHACO', 12),
(20016, '0', '', 'VERON MATIAS', NULL, '3624800805', NULL, '', '0', 1, 1, 5, '', 'CHACO', 12),
(20017, '3500', '', 'RODRIGUEZ PABLO SEBASTIAN', NULL, '22711459', NULL, 'VEDIA 430', '22711459', 1, 1, 5, 'RESISTENCIA', 'CHACO', 12),
(20018, '1048', '', 'EL ESTERO SA', NULL, '3624558844', NULL, 'LAVALLE LLAVALLE 1634 PISO:7 DPTO:FAVALLE 1634 PISO:7 DPTO:F1634 PISO:7 DPTO:F', '30707535519', 5, 1, 1, 'CAP FED', 'CIUDAD AUTONOMA DE BUENOS AIRES', 12),
(20019, '3500', 'luis_a-c82@hotmail.com', 'DE CASO RICARDO LUIS', NULL, '3624682900', NULL, 'MZ 103 PC 3 B LEGISLATIVO', '21930820', 1, 1, 5, 'RESISTENCIA', 'CHACO', 12),
(20020, '0', '', 'MARTINEZ ALICIA ELIZABETH', NULL, '3624279598', NULL, 'SGTO CABRAL 5165', '0', 1, 1, 5, 'BQUERAS', 'CHACO', 12),
(20021, '3500', 'claudiapeiovich@hotmail.com', 'OCONNOR RUBEN EDUARDO', NULL, '3624685568', NULL, 'TATANE 3258', '20265197', 1, 1, 5, 'COLONIA BENITEZ', 'CHACO', 12),
(20022, '1429', '-', 'ESTEVEZ LUCAS', NULL, '47021502 / 1565033198', NULL, 'DEHEZA 1651 PISO 2 DPTO F', '44554508', 1, 1, 5, 'CABA', 'CIUDAD AUTONOMA DE BUENOS AIRES', 12),
(20023, '3500', 'lugodavito@gmail.com', 'LUGO DAVID', NULL, '3624259451', NULL, 'MZ 93 PC3 100 VIV (ROLDAN 3085)', '26401398', 1, 1, 5, 'RESISTENCIA', 'CHACO', 12),
(20024, '3500', 'jorgebrassart@gmail.com', 'BRASSART JOGE', NULL, '3624319815', NULL, 'MZ 60 PC27 JUAN B ALBERDI', '30789986', 1, 1, 5, 'RESISTENCIA', 'CHACO', 12),
(20025, '3500', '', 'SOTO DEL PALACIO FACUNDO MIGUEL', NULL, '3624636123', NULL, 'SANTIAGO DE ESTERO 1135', '20350628216', 5, 1, 1, 'RESISTENCIA', 'CHACO', 12),
(20026, '0', '', 'MINISTERIO DE HACIENDA (HECTOR)', NULL, '3624- 639547 - 056707', NULL, '', '0', 1, 1, 5, '', 'CHACO', 12),
(20027, '0', '', 'CATANEO RODOLFO', NULL, '3624710099', NULL, '', '0', 1, 1, 5, '', 'CHACO', 12),
(20028, '0', 'tatodoreguau@hotmail.com', 'FIEDLER IVAN', NULL, '3624825152', NULL, '', '0', 1, 1, 5, '', 'CHACO', 12),
(20029, NULL, NULL, 'GONZALEZ ELISABET', NULL, '3624784200', NULL, NULL, '0', 1, 1, 5, NULL, 'CHACO', 12),
(20030, '3500', '', 'COOP DE TRABAJO LOS FORTINES', NULL, '36245698874', NULL, 'PJE FORTIN RIVADAVIA 1595', '30714256153', 5, 1, 1, 'RESISTENCIA', 'CHACO', 12),
(20031, '3700', 'nn', 'BENITEZ GERVACIA JUSTINA ', NULL, '3624101053', NULL, 'AV IRIGOYEN 598', '27112504155', 5, 1, 1, 'SANZ PEÑA', 'CHACO', 12),
(20032, '0', '', 'LEGUIZAMON JORGE EDUARDO', NULL, '3624790644', NULL, 'CHACRA 47 MZ8 PC 9', '0', 1, 1, 5, 'RESISTENCIA', 'CHACO', 12),
(20033, NULL, NULL, 'RAMIREZ ANTONIO', NULL, '3624558899', NULL, NULL, '0', 1, 1, 5, NULL, 'CHACO', 12),
(20034, '3500', '', 'PEREZ MAXIMILIANO', NULL, '3725406042', NULL, 'PADRE CERQUEIRA 832', '42276105', 1, 1, 5, 'RESISTENCIA', 'CHACO', 12),
(20035, '3514', 'anpaesme47@hotmail.com', 'RIOS LETICIA', NULL, '3624895449', NULL, '506 VIV MZ23 PC5 ', '27665207', 1, 1, 5, 'FONTANA', 'CHACO', 12),
(20036, '0', '', 'SALOMON CAROLINA', NULL, '3624302461', NULL, 'BARRIO BANCARIO MZ 81 CS 03', '0', 1, 1, 5, 'RESISTENCIA', 'CHACO', 12),
(20037, '3500', 'oscarschulz@gmail.com', 'SCHULZ GABRIEL OSCAR', NULL, '3624444990', NULL, 'B SAN CAYETANO MZ 40 M 8 CASA 118', '12477023', 1, 1, 5, 'RESISTENCIA', 'CHACO', 12),
(20038, '0', '', 'CENA MARIO', NULL, '3624809204', NULL, 'MISIONERO KLEIN 970 PB', '0', 1, 1, 5, 'RESISTENCIA', 'CHACO', 12),
(20039, '3500', '', 'MINISTERIO DE INDUSTRIA, COMERCIO Y SERVICIOS DE LA PROVINCIA DEL CHACO', NULL, '13132132', NULL, 'M. T DE ALVEAR 145', '30710389108', 5, 1, 3, 'RESISTENCIA', 'CHACO', 12),
(20040, '0', 'sergiovillaboa@yahoo.com.ar', 'VILLABOA SERGIO', NULL, '3624-424362', NULL, 'HERNANDARIAS 499', '0', 1, 1, 5, 'RESISTENCIA', 'CHACO', 12),
(20041, NULL, NULL, 'FIGEREDO FERNANDO', NULL, '3794659178', NULL, NULL, '0', 1, 1, 5, NULL, 'CHACO', 12),
(20042, '3500', '', 'CERRUDO MARIA DE LOS ANGELES', NULL, '3624004605', NULL, 'AV. ALVEAR 2143', '27377532', 1, 1, 5, 'RESISTENCIA', 'CHACO', 12),
(20043, NULL, NULL, 'FERNANDEZ JESUS', NULL, '3624275543', NULL, NULL, '0', 1, 1, 5, NULL, 'CHACO', 12),
(20044, '3500', '', 'MONTOBBIO JOSE', NULL, '3624467821', NULL, 'MZ 26 PC2 B 300VIV', '10747909', 1, 1, 5, 'RESISTENCIA', 'CHACO', 12),
(20045, '3535', 'centudiego1987@gmail.com', 'CENTURION DIEGO', NULL, '+54 9 364 456-6192', NULL, 'CALLE 17 ESQ. 42.', '25504258', 1, 1, 5, 'SANZ PEÑA', 'CHACO', 12),
(20046, NULL, NULL, 'IRIGOYEN MARTA', NULL, '36244413741', NULL, NULL, '0', 1, 1, 5, NULL, 'CHACO', 12),
(20047, '3500', '', 'MACIEL NATALIA', NULL, '3624779354', NULL, 'JUAN DOMINGO PERON 1451 TORRE A 14F', '24079325', 1, 1, 5, 'RESISTENCIA', 'CHACO', 12),
(20048, '3500', '', 'RETAMOZO RUBEN', NULL, '362 4 249797', NULL, '2 DE FEBRERO 242', '17251699', 1, 1, 5, 'RESISTENCIA', 'CHACO', 12),
(20049, '3500', '', 'GOMEZ CLAUDIA', NULL, '3624225301', NULL, 'MISIONERO KLEIN 496', '17808439', 1, 1, 5, 'RESISTENCIA', 'CHACO', 12),
(20050, '0', '', 'MIGNNONI HUGO', NULL, 'S/N', NULL, '', '0', 1, 1, 5, '', 'CHACO', 12),
(20051, '3500', 'conosurap@gmail.com', 'MEANA JOSE FABIAN', NULL, '3624405860 - 3624427143', NULL, 'JUAN D PERON 359', '20204513857', 5, 1, 1, 'RCIA', 'CHACO', 12),
(20052, '0', '', 'ROA JAVIER', NULL, '3624250780', NULL, '', '0', 1, 1, 5, '', 'CHACO', 12),
(20053, NULL, NULL, 'MEYER NATALIA', NULL, '3624205704', NULL, NULL, '0', 1, 1, 5, NULL, 'CHACO', 12),
(20054, '', '', 'MINISTERIO DE ED Y DEP MODELO FP-EPGS N1', NULL, '3624300010', NULL, 'SANTA FE 1548', '30628540787', 5, 1, 3, 'CABA', 'CIUDAD AUTONOMA DE BUENOS AIRES', 12),
(20055, '0', 'huevoday@hotmail.com', 'DEIBIAGGI GUSTAVO', NULL, '3624882817', NULL, 'AV. EDISON 653', '0', 1, 1, 5, '', 'CHACO', 12),
(20056, '3500', '', 'VALENZUELA MARIA VIRGINIA', NULL, '3624857761', NULL, 'LEANDRO N. ALEM 3180', '35149761', 1, 1, 5, 'RESISTENCIA', 'CHACO', 12),
(20057, '3500', '-', 'TOLEDO MARIA LAURA ', NULL, '3624699032 - 4474400', NULL, 'MZ 94 UF 19 ITLO ARGENTINO', '20057427', 1, 1, 5, 'RESISTENCIA', 'CHACO', 12),
(20058, '0', '', 'VALENZUELA LUCAS', NULL, '3624044863', NULL, 'LEANDRO N. ALEM 3180', '0', 1, 1, 5, 'RESISTENCIA', 'CHACO', 12),
(20059, '0', 'nn', 'RIOS DEBORA', NULL, '3624-275253', NULL, 'BARRIO BARBERAN CALLE 3 ENTRE 8 Y 9', '0', 1, 1, 5, '', 'CHACO', 12),
(20060, '3500', '', 'ZEQUEIRA DIEGO ARGENTINO', NULL, '3624308248', NULL, 'MZ 93 PC 4 BARRIO 100 VIV (ROLDAN 3000)', '32408365', 1, 1, 5, 'RESISTENCIA', 'CHACO', 12),
(20061, '3500', '', 'MACIEL  RAFAEL JORGE', NULL, '3624316063', NULL, 'FRONDIZI 1151', '21995889', 1, 1, 5, 'RESISTENCIA', 'CHACO', 12),
(20062, '3500', 'nn', 'SACCHI FRANCO', NULL, '3624873909', NULL, 'MITRE 475 6A', '37771763', 1, 1, 5, 'RESISTENCIA', 'CHACO', 12),
(20063, NULL, NULL, 'ZANIER FLORENCIA', NULL, '3725411001', NULL, NULL, '0', 1, 1, 5, NULL, 'CHACO', 12),
(20064, '3500', '', 'HOSPITAL EVA PERON', NULL, '111111111', NULL, '9 DE JULIO 4800', '30999177448', 5, 1, 3, 'BARRANQUERAS', 'CHACO', 12),
(20065, '3500', 'alexis_gnr14@hotmail.com', 'DORREGO ALEXIS', NULL, '3624046207', NULL, 'MARGARTITA BELEN ', '37454352', 1, 1, 5, 'MARGARTITA BELEN ', 'CHACO', 12),
(20066, '3500', '', 'ADOLFINA SA', NULL, '36244464004', NULL, 'RUTA 16 KM 19.4', '30670134691', 5, 1, 1, 'RESISTENCIA', 'CHACO', 12),
(20067, NULL, NULL, 'GAUNA EDGARDO', NULL, '3624105220', NULL, NULL, '0', 1, 1, 5, NULL, 'CHACO', 12),
(20068, '3500', '', 'SANCHEZ OSCAR NELSON', NULL, '3624-624029', NULL, 'LOS ANDES 1435', '16004098', 1, 1, 5, 'RESISTENCIA', 'CHACO', 12),
(20069, NULL, NULL, 'BRINACH FEDERICO', NULL, '3624228458', NULL, NULL, '0', 1, 1, 5, NULL, 'CHACO', 12),
(20070, NULL, NULL, 'MACIAS WILDA', NULL, '3624-275255', NULL, NULL, '0', 1, 1, 5, NULL, 'CHACO', 12),
(20071, NULL, NULL, 'ESCOBAR HECTOR NICOLAS', NULL, '3624623508', NULL, NULL, '0', 1, 1, 5, NULL, 'CHACO', 12),
(20072, '1038', '', 'PROY PNUD ARG 16/015 PRIMEROS AÑOS ACOMP LA CRIANZA, APOYO AL PNPI', NULL, '3624275255', NULL, 'JULIO A ROCA 782 5TO PISO', '30683077050', 5, 1, 5, 'CABA ', 'BUENOS AIRES', 12),
(20073, '3500', '-', 'FERRAGUT ALBERTO', NULL, '3624840055', NULL, 'CATAMARCA 1375', '14869142', 1, 1, 5, 'RESISTENCIA', 'CHACO', 12),
(20074, '3000', 'jferrari@elit.com.ar', 'ELIT SA', NULL, '3424550015', NULL, 'SAN LUIS 2659', '1111111111', 1, 1, 5, 'SANTA FE', 'SANTA FE', 12),
(20075, '3500', 'garcianestor_raul@hotmail.com', 'GRACIA NESTOR', NULL, '3734440003', NULL, 'CASEROS 855', '0', 1, 1, 5, 'MACHAGAI', 'CHACO', 12),
(20076, '3500', 'garcianestor_raul@hotmail.com', 'GARCIA NESTOR RAUL', NULL, '3734440003', NULL, 'CASEROS 855', '0', 1, 1, 5, 'MACHAGAI', 'CHACO', 12),
(20077, '', '', 'RISTOFF NICOLAS', NULL, '1', NULL, 'MANUEL ESTRADA 2061', '1', 1, 1, 5, 'LAS BREÑAS', 'CHACO', 12),
(20078, '3550', 'NN', 'LINARES ANDRES ALBERTO', NULL, '3624720943', NULL, 'LESTANI 4990', '20201932964', 5, 1, 1, 'BARRANQUERAS ', 'CHACO', 12),
(20079, NULL, NULL, 'BONFANTI CARLOS', NULL, '362411111', NULL, NULL, '0', 1, 1, 5, NULL, 'CHACO', 12),
(20080, NULL, NULL, 'ALBORNOS TATIANA', NULL, '3624045311', NULL, NULL, '0', 1, 1, 5, NULL, 'CHACO', 12),
(20081, '0', '-', 'ORTIGOZA MARCELO', NULL, '3624292487', NULL, '', '0', 1, 1, 5, '', 'CHACO', 12),
(20082, '0', '', 'PEIOVICH CARLOS', NULL, '3624-436560', NULL, 'SGTO CABRAL 265', '0', 1, 1, 5, 'RCIA', 'CHACO', 12),
(20083, '3500', '', 'JARDIN N°66 JOSE PALMA', NULL, '3624335523', NULL, 'SARMIENTO 745', '30999259789', 5, 1, 3, 'FONTANA', 'CHACO', 12),
(20084, NULL, NULL, 'TORRES MARIA DOLORES', NULL, '3624065932', NULL, NULL, '0', 1, 1, 5, NULL, 'CHACO', 12),
(20085, NULL, NULL, 'CORDOBA MARIA', NULL, '3735453644', NULL, NULL, '0', 1, 1, 5, NULL, 'CHACO', 12),
(20086, NULL, NULL, 'VILLALBA PAULINA', NULL, '36241111', NULL, NULL, '0', 1, 1, 5, NULL, 'CHACO', 12),
(20087, NULL, NULL, 'CORONEL MANUEL', NULL, '111111', NULL, NULL, '0', 1, 1, 5, NULL, 'CHACO', 12),
(20088, '3500', 'nn', 'ALVAREZ MIRIAM', NULL, '3624206259', NULL, 'CANGALLO 3400', '36388593', 1, 1, 5, 'RCIA', 'CHACO', 12),
(20089, '0', '', 'EES 700', NULL, '3624563503', NULL, '', '0', 1, 1, 5, '', 'CHACO', 12),
(20090, NULL, NULL, 'IRIARTE PAMELA', NULL, '3624707110', NULL, NULL, '0', 1, 1, 5, NULL, 'CHACO', 12),
(20091, '3500', '', 'GOMEZ ARACELI ALEJANDRA', NULL, '3624-851526', NULL, 'B VIAL MZ 13 PC 18', '36115426', 1, 1, 5, 'RCIA', 'CHACO', 12),
(20092, '3514', 'marcelogustavosilva79@gmail.com', 'SILVA MARCELO GUSTAVO', NULL, '3624072113', NULL, 'B 120 VIV MZ07 PC08', '32181897', 1, 1, 5, 'FONTANA ', 'CHACO', 12),
(20093, '3500', '-', 'ORBAN MIGUEL ANGEL', NULL, '03624-137180', NULL, 'DONOVAN 1198 2° A', '25291577', 1, 1, 5, 'RCIA', 'CHACO', 12),
(20094, NULL, NULL, 'DIAZ FABRICIO', NULL, '3624596852', NULL, NULL, '0', 1, 1, 5, NULL, 'CHACO', 12),
(20095, '0', '', 'SCHRODER CARLA', NULL, '3624608431', NULL, '', '0', 1, 1, 5, '', 'CHACO', 12),
(20096, '3500', '', 'GALVAN MIRTA', NULL, '3624-255254', NULL, 'OBLIGADO 4835', '16869998', 1, 1, 5, 'BQUERAS', 'CHACO', 12),
(20097, '3500', '', 'ALARCON JORGE', NULL, '3624758369', NULL, 'JR LESTANI 255', '26696470', 1, 1, 5, 'RESISTENCIA', 'CHACO', 12),
(20098, '0', '', 'LEGUIZAMON EMANUEL', NULL, '3624710624', NULL, '', '0', 1, 1, 5, '', 'CHACO', 12),
(20099, '0', '', 'QUIROZ MIGUEL', NULL, '3624-168509', NULL, 'COCOMAROLA 726', '0', 1, 1, 5, 'RCIA', 'CHACO', 12),
(20100, '0', '', 'MEDINA ROSALIA', NULL, '3624242330', NULL, '', '0', 1, 1, 5, '', 'CHACO', 12);

-- --------------------------------------------------------

--
-- Estructura de tabla para la tabla `comprobantes`
--

CREATE TABLE `comprobantes` (
  `id_comprobante` int(11) NOT NULL,
  `comprobante` varchar(255) NOT NULL,
  `fecha` datetime NOT NULL,
  `id_cuenta_corriente` int(11) DEFAULT NULL
) ENGINE=InnoDB DEFAULT CHARSET=utf8mb4;

--
-- Volcado de datos para la tabla `comprobantes`
--

INSERT INTO `comprobantes` (`id_comprobante`, `comprobante`, `fecha`, `id_cuenta_corriente`) VALUES
(200, 'TRANSPORTE CLI/ 20000', '2022-11-15 12:06:49', 201),
(201, 'TRANSPORTE CLI/ 20001', '2022-11-15 12:06:49', 202),
(202, 'TRANSPORTE CLI/ 20002', '2022-11-15 12:06:49', 203),
(203, 'TRANSPORTE CLI/ 20003', '2022-11-15 12:06:49', 204),
(204, 'TRANSPORTE CLI/ 20004', '2022-11-15 12:06:49', 205),
(205, 'TRANSPORTE CLI/ 20005', '2022-11-15 12:06:49', 206),
(206, 'TRANSPORTE CLI/ 20006', '2022-11-15 12:06:49', 207),
(207, 'TRANSPORTE CLI/ 20007', '2022-11-15 12:06:49', 208),
(208, 'TRANSPORTE CLI/ 20008', '2022-11-15 12:06:49', 209),
(209, 'TRANSPORTE CLI/ 20009', '2022-11-15 12:06:49', 210),
(210, 'TRANSPORTE CLI/ 20010', '2022-11-15 12:06:49', 211),
(211, 'TRANSPORTE CLI/ 20011', '2022-11-15 12:06:49', 212),
(212, 'TRANSPORTE CLI/ 20012', '2022-11-15 12:06:49', 213),
(213, 'TRANSPORTE CLI/ 20013', '2022-11-15 12:06:49', 214),
(214, 'TRANSPORTE CLI/ 20014', '2022-11-15 12:06:49', 215),
(215, 'TRANSPORTE CLI/ 20015', '2022-11-15 12:06:49', 216),
(216, 'TRANSPORTE CLI/ 20016', '2022-11-15 12:06:49', 217),
(217, 'TRANSPORTE CLI/ 20017', '2022-11-15 12:06:49', 218),
(218, 'TRANSPORTE CLI/ 20018', '2022-11-15 12:06:49', 219),
(219, 'TRANSPORTE CLI/ 20019', '2022-11-15 12:06:49', 220),
(220, 'TRANSPORTE CLI/ 20020', '2022-11-15 12:06:49', 221),
(221, 'TRANSPORTE CLI/ 20021', '2022-11-15 12:06:50', 222),
(222, 'TRANSPORTE CLI/ 20022', '2022-11-15 12:06:50', 223),
(223, 'TRANSPORTE CLI/ 20023', '2022-11-15 12:06:50', 224),
(224, 'TRANSPORTE CLI/ 20024', '2022-11-15 12:06:50', 225),
(225, 'TRANSPORTE CLI/ 20025', '2022-11-15 12:06:50', 226),
(226, 'TRANSPORTE CLI/ 20026', '2022-11-15 12:06:50', 227),
(227, 'TRANSPORTE CLI/ 20027', '2022-11-15 12:06:50', 228),
(228, 'TRANSPORTE CLI/ 20028', '2022-11-15 12:06:50', 229),
(229, 'TRANSPORTE CLI/ 20029', '2022-11-15 12:06:50', 230),
(230, 'TRANSPORTE CLI/ 20030', '2022-11-15 12:06:50', 231),
(231, 'TRANSPORTE CLI/ 20031', '2022-11-15 12:06:50', 232),
(232, 'TRANSPORTE CLI/ 20032', '2022-11-15 12:06:50', 233),
(233, 'TRANSPORTE CLI/ 20033', '2022-11-15 12:06:50', 234),
(234, 'TRANSPORTE CLI/ 20034', '2022-11-15 12:06:50', 235),
(235, 'TRANSPORTE CLI/ 20035', '2022-11-15 12:06:50', 236),
(236, 'TRANSPORTE CLI/ 20036', '2022-11-15 12:06:50', 237),
(237, 'TRANSPORTE CLI/ 20037', '2022-11-15 12:06:50', 238),
(238, 'TRANSPORTE CLI/ 20038', '2022-11-15 12:06:50', 239),
(239, 'TRANSPORTE CLI/ 20039', '2022-11-15 12:06:50', 240),
(240, 'TRANSPORTE CLI/ 20040', '2022-11-15 12:06:50', 241),
(241, 'TRANSPORTE CLI/ 20041', '2022-11-15 12:06:50', 242),
(242, 'TRANSPORTE CLI/ 20042', '2022-11-15 12:06:50', 243),
(243, 'TRANSPORTE CLI/ 20043', '2022-11-15 12:06:50', 244),
(244, 'TRANSPORTE CLI/ 20044', '2022-11-15 12:06:50', 245),
(245, 'TRANSPORTE CLI/ 20045', '2022-11-15 12:06:50', 246),
(246, 'TRANSPORTE CLI/ 20046', '2022-11-15 12:06:50', 247),
(247, 'TRANSPORTE CLI/ 20047', '2022-11-15 12:06:50', 248),
(248, 'TRANSPORTE CLI/ 20048', '2022-11-15 12:06:50', 249),
(249, 'TRANSPORTE CLI/ 20049', '2022-11-15 12:06:50', 250),
(250, 'TRANSPORTE CLI/ 20050', '2022-11-15 12:06:50', 251),
(251, 'TRANSPORTE CLI/ 20051', '2022-11-15 12:06:50', 252),
(252, 'TRANSPORTE CLI/ 20052', '2022-11-15 12:06:50', 253),
(253, 'TRANSPORTE CLI/ 20053', '2022-11-15 12:06:50', 254),
(254, 'TRANSPORTE CLI/ 20054', '2022-11-15 12:06:50', 255),
(255, 'TRANSPORTE CLI/ 20055', '2022-11-15 12:06:51', 256),
(256, 'TRANSPORTE CLI/ 20056', '2022-11-15 12:06:51', 257),
(257, 'TRANSPORTE CLI/ 20057', '2022-11-15 12:06:51', 258),
(258, 'TRANSPORTE CLI/ 20058', '2022-11-15 12:06:51', 259),
(259, 'TRANSPORTE CLI/ 20059', '2022-11-15 12:06:51', 260),
(260, 'TRANSPORTE CLI/ 20060', '2022-11-15 12:06:51', 261),
(261, 'TRANSPORTE CLI/ 20061', '2022-11-15 12:06:51', 262),
(262, 'TRANSPORTE CLI/ 20062', '2022-11-15 12:06:51', 263),
(263, 'TRANSPORTE CLI/ 20063', '2022-11-15 12:06:51', 264),
(264, 'TRANSPORTE CLI/ 20064', '2022-11-15 12:06:51', 265),
(265, 'TRANSPORTE CLI/ 20065', '2022-11-15 12:06:51', 266),
(266, 'TRANSPORTE CLI/ 20066', '2022-11-15 12:06:51', 267),
(267, 'TRANSPORTE CLI/ 20067', '2022-11-15 12:06:51', 268),
(268, 'TRANSPORTE CLI/ 20068', '2022-11-15 12:06:51', 269),
(269, 'TRANSPORTE CLI/ 20069', '2022-11-15 12:06:51', 270),
(270, 'TRANSPORTE CLI/ 20070', '2022-11-15 12:06:51', 271),
(271, 'TRANSPORTE CLI/ 20071', '2022-11-15 12:06:51', 272),
(272, 'TRANSPORTE CLI/ 20072', '2022-11-15 12:06:51', 273),
(273, 'TRANSPORTE CLI/ 20073', '2022-11-15 12:06:51', 274),
(274, 'TRANSPORTE CLI/ 20074', '2022-11-15 12:06:51', 275),
(275, 'TRANSPORTE CLI/ 20075', '2022-11-15 12:06:51', 276),
(276, 'TRANSPORTE CLI/ 20076', '2022-11-15 12:06:51', 277),
(277, 'TRANSPORTE CLI/ 20077', '2022-11-15 12:06:51', 278),
(278, 'TRANSPORTE CLI/ 20078', '2022-11-15 12:06:51', 279),
(279, 'TRANSPORTE CLI/ 20079', '2022-11-15 12:06:51', 280),
(280, 'TRANSPORTE CLI/ 20080', '2022-11-15 12:06:51', 281),
(281, 'TRANSPORTE CLI/ 20081', '2022-11-15 12:06:51', 282),
(282, 'TRANSPORTE CLI/ 20082', '2022-11-15 12:06:51', 283),
(283, 'TRANSPORTE CLI/ 20083', '2022-11-15 12:06:51', 284),
(284, 'TRANSPORTE CLI/ 20084', '2022-11-15 12:06:51', 285),
(285, 'TRANSPORTE CLI/ 20085', '2022-11-15 12:06:51', 286),
(286, 'TRANSPORTE CLI/ 20086', '2022-11-15 12:06:52', 287),
(287, 'TRANSPORTE CLI/ 20087', '2022-11-15 12:06:52', 288),
(288, 'TRANSPORTE CLI/ 20088', '2022-11-15 12:06:52', 289),
(289, 'TRANSPORTE CLI/ 20089', '2022-11-15 12:06:52', 290),
(290, 'TRANSPORTE CLI/ 20090', '2022-11-15 12:06:52', 291),
(291, 'TRANSPORTE CLI/ 20091', '2022-11-15 12:06:52', 292),
(292, 'TRANSPORTE CLI/ 20092', '2022-11-15 12:06:52', 293),
(293, 'TRANSPORTE CLI/ 20093', '2022-11-15 12:06:52', 294),
(294, 'TRANSPORTE CLI/ 20094', '2022-11-15 12:06:52', 295),
(295, 'TRANSPORTE CLI/ 20095', '2022-11-15 12:06:52', 296),
(296, 'TRANSPORTE CLI/ 20096', '2022-11-15 12:06:52', 297),
(297, 'TRANSPORTE CLI/ 20097', '2022-11-15 12:06:52', 298),
(298, 'TRANSPORTE CLI/ 20098', '2022-11-15 12:06:52', 299),
(299, 'TRANSPORTE CLI/ 20099', '2022-11-15 12:06:52', 300),
(316, 'FB VENTA/1', '2022-11-16 12:06:34', NULL),
(317, 'FA VENTA/20000', '2022-11-16 12:11:24', 308);

-- --------------------------------------------------------

--
-- Estructura de tabla para la tabla `comprobantes_facturas`
--

CREATE TABLE `comprobantes_facturas` (
  `id_comprobante_factura` int(11) NOT NULL,
  `fk_factura` int(11) DEFAULT NULL,
  `fk_comprobante` int(11) DEFAULT NULL
) ENGINE=InnoDB DEFAULT CHARSET=utf8mb4;

--
-- Volcado de datos para la tabla `comprobantes_facturas`
--

INSERT INTO `comprobantes_facturas` (`id_comprobante_factura`, `fk_factura`, `fk_comprobante`) VALUES
(12, 90, 316),
(13, 91, 317);

-- --------------------------------------------------------

--
-- Estructura de tabla para la tabla `condiciones_ventas`
--

CREATE TABLE `condiciones_ventas` (
  `id_condicion_venta` int(11) NOT NULL,
  `condicion_venta` varchar(255) NOT NULL
) ENGINE=InnoDB DEFAULT CHARSET=utf8mb4;

--
-- Volcado de datos para la tabla `condiciones_ventas`
--

INSERT INTO `condiciones_ventas` (`id_condicion_venta`, `condicion_venta`) VALUES
(1, 'Cuenta Corriente');

-- --------------------------------------------------------

--
-- Estructura de tabla para la tabla `creditos_personales`
--

CREATE TABLE `creditos_personales` (
  `id_credito_personal` int(11) NOT NULL,
  `id_cliente` int(11) DEFAULT NULL,
  `aprobacion` datetime DEFAULT NULL,
  `monto` double DEFAULT NULL,
  `id_medio_pago` int(11) DEFAULT NULL
) ENGINE=InnoDB DEFAULT CHARSET=utf8mb4;

-- --------------------------------------------------------

--
-- Estructura de tabla para la tabla `cuentas_corrientes`
--

CREATE TABLE `cuentas_corrientes` (
  `id_cuenta_corriente` int(11) NOT NULL,
  `saldo` double DEFAULT NULL,
  `haber` double DEFAULT NULL,
  `debe` double DEFAULT NULL,
  `fkidclicodigo` int(11) DEFAULT NULL,
  `fecha` date DEFAULT NULL
) ENGINE=InnoDB DEFAULT CHARSET=utf8mb4;

--
-- Volcado de datos para la tabla `cuentas_corrientes`
--

INSERT INTO `cuentas_corrientes` (`id_cuenta_corriente`, `saldo`, `haber`, `debe`, `fkidclicodigo`, `fecha`) VALUES
(201, 0, 0, 0, 20000, '2022-11-15'),
(202, 0, 0, 0, 20001, '2022-11-15'),
(203, 0, 0, 0, 20002, '2022-11-15'),
(204, 0, 0, 0, 20003, '2022-11-15'),
(205, 0, 0, 0, 20004, '2022-11-15'),
(206, 0, 0, 0, 20005, '2022-11-15'),
(207, 0, 0, 0, 20006, '2022-11-15'),
(208, 0, 0, 0, 20007, '2022-11-15'),
(209, 0, 0, 0, 20008, '2022-11-15'),
(210, 0, 0, 0, 20009, '2022-11-15'),
(211, 0, 0, 0, 20010, '2022-11-15'),
(212, 0, 0, 0, 20011, '2022-11-15'),
(213, 0, 0, 0, 20012, '2022-11-15'),
(214, 0, 0, 0, 20013, '2022-11-15'),
(215, 0, 0, 0, 20014, '2022-11-15'),
(216, 0, 0, 0, 20015, '2022-11-15'),
(217, 0, 0, 0, 20016, '2022-11-15'),
(218, 0, 0, 0, 20017, '2022-11-15'),
(219, 0, 0, 0, 20018, '2022-11-15'),
(220, 0, 0, 0, 20019, '2022-11-15'),
(221, 0, 0, 0, 20020, '2022-11-15'),
(222, 0, 0, 0, 20021, '2022-11-15'),
(223, 0, 0, 0, 20022, '2022-11-15'),
(224, 0, 0, 0, 20023, '2022-11-15'),
(225, 0, 0, 0, 20024, '2022-11-15'),
(226, 0, 0, 0, 20025, '2022-11-15'),
(227, 0, 0, 0, 20026, '2022-11-15'),
(228, 0, 0, 0, 20027, '2022-11-15'),
(229, 0, 0, 0, 20028, '2022-11-15'),
(230, 0, 0, 0, 20029, '2022-11-15'),
(231, 0, 0, 0, 20030, '2022-11-15'),
(232, 0, 0, 0, 20031, '2022-11-15'),
(233, 0, 0, 0, 20032, '2022-11-15'),
(234, 0, 0, 0, 20033, '2022-11-15'),
(235, 0, 0, 0, 20034, '2022-11-15'),
(236, 0, 0, 0, 20035, '2022-11-15'),
(237, 0, 0, 0, 20036, '2022-11-15'),
(238, 0, 0, 0, 20037, '2022-11-15'),
(239, 0, 0, 0, 20038, '2022-11-15'),
(240, 0, 0, 0, 20039, '2022-11-15'),
(241, 0, 0, 0, 20040, '2022-11-15'),
(242, 0, 0, 0, 20041, '2022-11-15'),
(243, 0, 0, 0, 20042, '2022-11-15'),
(244, 0, 0, 0, 20043, '2022-11-15'),
(245, 0, 0, 0, 20044, '2022-11-15'),
(246, 0, 0, 0, 20045, '2022-11-15'),
(247, 0, 0, 0, 20046, '2022-11-15'),
(248, 0, 0, 0, 20047, '2022-11-15'),
(249, 0, 0, 0, 20048, '2022-11-15'),
(250, 0, 0, 0, 20049, '2022-11-15'),
(251, 0, 0, 0, 20050, '2022-11-15'),
(252, 0, 0, 0, 20051, '2022-11-15'),
(253, 0, 0, 0, 20052, '2022-11-15'),
(254, 0, 0, 0, 20053, '2022-11-15'),
(255, 0, 0, 0, 20054, '2022-11-15'),
(256, 0, 0, 0, 20055, '2022-11-15'),
(257, 0, 0, 0, 20056, '2022-11-15'),
(258, 0, 0, 0, 20057, '2022-11-15'),
(259, 0, 0, 0, 20058, '2022-11-15'),
(260, 0, 0, 0, 20059, '2022-11-15'),
(261, 0, 0, 0, 20060, '2022-11-15'),
(262, 0, 0, 0, 20061, '2022-11-15'),
(263, 0, 0, 0, 20062, '2022-11-15'),
(264, 0, 0, 0, 20063, '2022-11-15'),
(265, 0, 0, 0, 20064, '2022-11-15'),
(266, 0, 0, 0, 20065, '2022-11-15'),
(267, 0, 0, 0, 20066, '2022-11-15'),
(268, 0, 0, 0, 20067, '2022-11-15'),
(269, 0, 0, 0, 20068, '2022-11-15'),
(270, 0, 0, 0, 20069, '2022-11-15'),
(271, 0, 0, 0, 20070, '2022-11-15'),
(272, 0, 0, 0, 20071, '2022-11-15'),
(273, 0, 0, 0, 20072, '2022-11-15'),
(274, 0, 0, 0, 20073, '2022-11-15'),
(275, 0, 0, 0, 20074, '2022-11-15'),
(276, 0, 0, 0, 20075, '2022-11-15'),
(277, 0, 0, 0, 20076, '2022-11-15'),
(278, 0, 0, 0, 20077, '2022-11-15'),
(279, 0, 0, 0, 20078, '2022-11-15'),
(280, 0, 0, 0, 20079, '2022-11-15'),
(281, 0, 0, 0, 20080, '2022-11-15'),
(282, 0, 0, 0, 20081, '2022-11-15'),
(283, 0, 0, 0, 20082, '2022-11-15'),
(284, 0, 0, 0, 20083, '2022-11-15'),
(285, 0, 0, 0, 20084, '2022-11-15'),
(286, 0, 0, 0, 20085, '2022-11-15'),
(287, 0, 0, 0, 20086, '2022-11-15'),
(288, 0, 0, 0, 20087, '2022-11-15'),
(289, 0, 0, 0, 20088, '2022-11-15'),
(290, 0, 0, 0, 20089, '2022-11-15'),
(291, 0, 0, 0, 20090, '2022-11-15'),
(292, 0, 0, 0, 20091, '2022-11-15'),
(293, 0, 0, 0, 20092, '2022-11-15'),
(294, 0, 0, 0, 20093, '2022-11-15'),
(295, 0, 0, 0, 20094, '2022-11-15'),
(296, 0, 0, 0, 20095, '2022-11-15'),
(297, 0, 0, 0, 20096, '2022-11-15'),
(298, 0, 0, 0, 20097, '2022-11-15'),
(299, 0, 0, 0, 20098, '2022-11-15'),
(300, 0, 0, 0, 20099, '2022-11-15'),
(301, 0, 0, 0, 20100, '2022-11-15'),
(308, 117800, 0, 117800, 20000, '2022-11-16');

-- --------------------------------------------------------

--
-- Estructura de tabla para la tabla `cupones_tarjetas`
--

CREATE TABLE `cupones_tarjetas` (
  `id_cupon_tarjeta` int(11) NOT NULL,
  `id_cliente` int(11) DEFAULT NULL,
  `id_plan_pago` int(11) DEFAULT NULL,
  `ultimosdigitos` varchar(255) DEFAULT NULL,
  `numlote` varchar(255) DEFAULT NULL,
  `importe` double DEFAULT NULL,
  `numcupon` varchar(255) DEFAULT NULL,
  `id_tarjeta` int(11) DEFAULT NULL,
  `id_entidad_financiera` int(11) DEFAULT NULL
) ENGINE=InnoDB DEFAULT CHARSET=utf8mb4;

-- --------------------------------------------------------

--
-- Estructura de tabla para la tabla `entidades_financieras`
--

CREATE TABLE `entidades_financieras` (
  `id_entidad_financiera` int(11) NOT NULL,
  `descripcion` varchar(255) DEFAULT NULL,
  `alta` datetime DEFAULT NULL,
  `activo` tinyint(1) DEFAULT NULL,
  `cuit` varchar(255) DEFAULT NULL,
  `id_tipo_entidad` int(11) DEFAULT NULL
) ENGINE=InnoDB DEFAULT CHARSET=utf8mb4;

--
-- Volcado de datos para la tabla `entidades_financieras`
--

INSERT INTO `entidades_financieras` (`id_entidad_financiera`, `descripcion`, `alta`, `activo`, `cuit`, `id_tipo_entidad`) VALUES
(1, 'NUEVO BANCO DEL CHACO S.A.', '2022-10-24 11:31:57', 1, '30-67015779-9', 1),
(2, 'NARANJA DIGITAL COMPAÑIA FINANCIERA S.A.U', '2022-10-24 12:41:09', 1, '30-71663964-5', 1),
(3, 'BANCO DE LA NACIÓN ARGENTINA', '2022-11-09 14:11:50', 1, '30-50001091-2', 1),
(4, 'BANCO BBVA ARGENTINA S.A.', '2022-11-16 12:47:07', 1, '30-50000319-3', 1),
(5, 'BANCO DE GALICIA Y BUENOS AIRES S.A.', '2022-11-16 12:47:07', 1, '30-50000173-5 ', 1),
(6, 'BANCO DE CORRIENTES S.A.', '2022-11-16 12:49:52', 1, '30-50001060-2', 1),
(7, 'BANCO DE FORMOSA S.A.', '2022-11-16 12:49:52', 1, '30-67137590-0 ', 1),
(8, 'BANCO DE LA CIUDAD DE BUENOS AIRES', '2022-11-16 13:29:00', 1, '30-99903208-3', 1),
(9, 'BANCO PATAGONIA S.A.', '2022-11-16 13:30:55', 1, '30-50000661-3', 1);

-- --------------------------------------------------------

--
-- Estructura de tabla para la tabla `fabricantes`
--

CREATE TABLE `fabricantes` (
  `id_fabricante` int(11) NOT NULL,
  `fab_codigo` int(11) NOT NULL,
  `descripcion` varchar(255) NOT NULL,
  `url_imagen` varchar(255) DEFAULT NULL,
  `habilitado` tinyint(1) DEFAULT NULL
) ENGINE=InnoDB DEFAULT CHARSET=utf8mb4;

-- --------------------------------------------------------

--
-- Estructura de tabla para la tabla `facturas`
--

CREATE TABLE `facturas` (
  `id_factura` int(11) NOT NULL,
  `fecha` datetime DEFAULT NULL,
  `subtotal` double DEFAULT NULL,
  `total` double DEFAULT NULL,
  `fk_tipo_factura` int(11) DEFAULT NULL,
  `fk_cuenta_corriente` int(11) DEFAULT NULL,
  `descripcion` varchar(255) DEFAULT NULL,
  `descripcion_importe` varchar(255) DEFAULT NULL
) ENGINE=InnoDB DEFAULT CHARSET=utf8mb4;

--
-- Volcado de datos para la tabla `facturas`
--

INSERT INTO `facturas` (`id_factura`, `fecha`, `subtotal`, `total`, `fk_tipo_factura`, `fk_cuenta_corriente`, `descripcion`, `descripcion_importe`) VALUES
(90, '2022-11-16 12:06:34', 877, 877, 2, NULL, '-', 'RECIBIMOS (OCHOCIENTOS SETENTA Y SIETE PESOS)'),
(91, '2022-11-16 12:11:24', 117800, 117800, 1, 308, '-', 'RECIBIMOS (CIENTO DIECISIETE MIL OCHOCIENTOS PESOS)');

-- --------------------------------------------------------

--
-- Estructura de tabla para la tabla `facturas_items`
--

CREATE TABLE `facturas_items` (
  `id` int(11) NOT NULL,
  `importe` double NOT NULL,
  `cantidad` int(11) NOT NULL,
  `fkProCodigo` int(11) DEFAULT NULL,
  `factura_id` int(11) DEFAULT NULL,
  `tipo_iva` varchar(255) DEFAULT NULL,
  `total` double DEFAULT NULL
) ENGINE=InnoDB DEFAULT CHARSET=utf8mb4;

--
-- Volcado de datos para la tabla `facturas_items`
--

INSERT INTO `facturas_items` (`id`, `importe`, `cantidad`, `fkProCodigo`, `factura_id`, `tipo_iva`, `total`) VALUES
(124, 877, 1, 4495, 90, '21', 877),
(125, 117800, 1, 4748, 91, '10,5', 117800);

-- --------------------------------------------------------

--
-- Estructura de tabla para la tabla `gateways_pagos`
--

CREATE TABLE `gateways_pagos` (
  `id_gateway_pago` int(11) NOT NULL,
  `descripcion` varchar(255) DEFAULT NULL,
  `activo` tinyint(1) DEFAULT NULL,
  `alta` datetime DEFAULT NULL,
  `id_medio_pago` int(11) DEFAULT NULL
) ENGINE=InnoDB DEFAULT CHARSET=utf8mb4;

--
-- Volcado de datos para la tabla `gateways_pagos`
--

INSERT INTO `gateways_pagos` (`id_gateway_pago`, `descripcion`, `activo`, `alta`, `id_medio_pago`) VALUES
(1, 'First Data', 1, '2022-10-19 13:30:46', 1),
(2, 'Mercado Pago', 1, '2022-10-19 13:30:46', 1),
(3, 'Posnet', 1, '2022-10-19 13:33:47', 1),
(4, 'PayWay', 1, '2022-10-19 13:33:47', 1);

-- --------------------------------------------------------

--
-- Estructura de tabla para la tabla `lista_precios`
--

CREATE TABLE `lista_precios` (
  `id_lista_precio` int(11) NOT NULL,
  `nombre` varchar(255) DEFAULT NULL,
  `fecha_desde` date NOT NULL,
  `fecha_hasta` date NOT NULL,
  `importe` double NOT NULL,
  `porcentaje` double NOT NULL,
  `descuento` double NOT NULL
) ENGINE=InnoDB DEFAULT CHARSET=utf8mb4;

--
-- Volcado de datos para la tabla `lista_precios`
--

INSERT INTO `lista_precios` (`id_lista_precio`, `nombre`, `fecha_desde`, `fecha_hasta`, `importe`, `porcentaje`, `descuento`) VALUES
(1, 'Contado', '2012-10-20', '2035-12-31', 0, 60, 0),
(2, 'Mayorista', '2012-10-20', '2035-12-31', 0, 30, 0),
(4, 'Especial Mayorista', '2012-11-27', '2035-12-31', 0, 20, 0),
(6, 'Insumos', '2013-02-01', '2035-12-31', 0, 25, 0),
(8, 'Gremio', '2013-03-26', '2035-12-31', 0, 5, 1),
(9, 'Super Especial', '2013-02-01', '2035-12-31', 0, 18, 0),
(12, 'Efectivo/Trasferencia', '2021-01-27', '2035-02-26', 0, 40, 0),
(13, 'Distribuidor', '2021-02-04', '2025-11-26', 0, 12, 0);

-- --------------------------------------------------------

--
-- Estructura de tabla para la tabla `lista_precios_clientes`
--

CREATE TABLE `lista_precios_clientes` (
  `id_lista_precio_cliente` int(11) NOT NULL,
  `fkIdClienteLista` int(11) DEFAULT NULL,
  `fkIdLista` int(11) DEFAULT NULL,
  `defecto` tinyint(1) NOT NULL
) ENGINE=InnoDB DEFAULT CHARSET=utf8mb4;

-- --------------------------------------------------------

--
-- Estructura de tabla para la tabla `lista_productos`
--

CREATE TABLE `lista_productos` (
  `id_lista_producto` int(11) NOT NULL,
  `importe` mediumtext DEFAULT NULL,
  `porcentaje` mediumtext DEFAULT NULL,
  `cantidadminima` int(11) DEFAULT NULL,
  `fkIdListaPrecioProducto` int(11) DEFAULT NULL,
  `fkIdProductoLista` int(11) DEFAULT NULL
) ENGINE=InnoDB DEFAULT CHARSET=utf8mb4;

--
-- Volcado de datos para la tabla `lista_productos`
--

INSERT INTO `lista_productos` (`id_lista_producto`, `importe`, `porcentaje`, `cantidadminima`, `fkIdListaPrecioProducto`, `fkIdProductoLista`) VALUES
(292, '732', '34,8572149494307', 1, 4, 15402),
(293, '672', '25,3333333333333', 1, 8, 15125),
(294, '1679', '154,433478396021', 1, 4, 15150),
(295, '1526', '58,622988067534', 1, 4, 15768),
(296, '3628', '9,07268170426066', 1, 8, 15850),
(297, '636', '32,9203384168536', 1, 2, 15767),
(298, '170698', '74,3091857484828', 1, 2, 15342),
(299, '1869', '62,703125', 1, 4, 15134),
(300, '1311', '22,2074798509602', 1, 4, 15415),
(301, '3010', '40,9231976999836', 1, 9, 15222),
(302, '93', '87,5', 1, 2, 15778),
(303, '376', '40,9999999999997', 1, 2, 15305),
(304, '360', '34,9999999999997', 1, 4, 15305),
(305, '478', '30,7246376811594', 1, 8, 15305),
(306, '6867', '23,4396009870587', 1, 4, 15658),
(307, '16690', '5,11654349061968', 1, 8, 15816),
(308, '15234', '23,8790225146586', 1, 4, 15669),
(309, '79', '64,5833333333333', 1, 9, 15632),
(310, '5880', '30,0631735414344', 1, 2, 15858),
(311, '1674', '119,115830737837', 1, 4, 15314),
(312, '12397', '20,0038441499224', 1, 13, 15438),
(313, '3409', '36,2560529823009', 1, 2, 15901),
(314, '78813', '113,961579028263', 1, 4, 15174),
(315, '286', '15,1082564979013', 1, 13, 15729),
(316, '1266', '21,4911417322833', 1, 2, 15724),
(317, '638', '25,8139534883721', 1, 8, 15877),
(318, '1431', '45,7001879699248', 1, 4, 15104),
(319, '160732', '91,0425108617737', 1, 2, 15276),
(320, '1501', '30,6221296200377', 1, 2, 15989),
(321, '3180', '25,6866920084765', 1, 2, 15606),
(322, '2855', '24,1581177520069', 1, 4, 15575),
(323, '1170', '12,2785433070865', 1, 9, 15932),
(324, '317', '27,5850255588627', 1, 4, 15053),
(325, '507', '28,5915492957746', 1, 8, 15729),
(326, '351', '41,269223883788', 1, 2, 15730),
(327, '2855', '8,19935691318328', 1, 8, 15731),
(328, '2339', '63,8308189655173', 1, 4, 15732),
(329, '1244', '19,3799212598424', 1, 4, 15724),
(330, '4069', '10,1766004415011', 1, 8, 15572),
(331, '6592', '48,3727414036245', 1, 2, 15746),
(332, '4458', '30,7437554143808', 1, 2, 15546),
(333, '416192', '5,03753394026513', 1, 8, 15462),
(334, '181256', '5,08169250104734', 1, 8, 15137),
(335, '4349', '23,8360719072703', 1, 4, 15219),
(336, '2635', '21,2423610410702', 1, 4, 15844),
(337, '3517', '10,0511508951407', 1, 8, 15844),
(338, '6544', '25,1913070094888', 1, 4, 15659),
(339, '1244', '19,3799212598424', 1, 4, 15725),
(340, '3196', '50,187969924812', 1, 2, 15734),
(341, '2989', '40,4605263157895', 1, 4, 15734),
(342, '2877', '35,1973684210526', 1, 9, 15734),
(343, '2012', '90,6043528954527', 1, 2, 15737),
(344, '1852', '21,8717097270592', 1, 4, 15801),
(345, '10524', '20,0418517635065', 1, 13, 15866),
(346, '615', '23,125', 1, 8, 15756),
(347, '436', '129,883192731992', 1, 2, 15757),
(348, '373', '96,6661258922778', 1, 4, 15757),
(349, '615', '23,125', 1, 8, 15757),
(350, '953', '24,3650793650794', 1, 8, 15760),
(351, '748', '84,185271239519', 1, 2, 15762),
(352, '691', '70,1497626022829', 1, 4, 15763),
(353, '748', '135,973597359736', 1, 2, 15766),
(354, '537', '134,786995515695', 1, 2, 15771),
(355, '429', '87,567264573991', 1, 4, 15771),
(356, '773', '21,9191919191919', 1, 8, 15771),
(357, '375', '33,0357142857143', 1, 8, 15776),
(358, '3434', '30,4239499998481', 1, 2, 15452),
(359, '3332', '26,5499712869813', 1, 4, 15452),
(360, '3225', '22,4860916568171', 1, 9, 15452),
(361, '14025', '40,2252628254299', 1, 4, 15484),
(362, '13010', '8,0565371024735', 1, 8, 15552),
(363, '2471', '15,3767123287671', 1, 8, 15617),
(364, '93', '87,5', 1, 2, 15985),
(365, '36851', '108,367500916291', 1, 2, 15485),
(366, '34060', '92,5862820875649', 1, 4, 15485),
(367, '35869', '5,35883905013192', 1, 8, 15485),
(368, '1213', '30,0443129838142', 1, 4, 15521),
(369, '1514', '14,4632768361582', 1, 8, 15521),
(370, '698', '31,5631542345392', 1, 9, 15854),
(371, '7439', '33,4110473457676', 1, 2, 15897),
(372, '33270', '30,0831343443247', 1, 2, 15159),
(373, '11980', '30,3080403759137', 1, 2, 15363),
(374, '11065', '20,3554646710755', 1, 4, 15363),
(375, '3517', '10,0511508951407', 1, 8, 15575),
(376, '1266', '21,4911417322833', 1, 2, 15931),
(377, '1520', '21,0344033284206', 1, 4, 15605),
(378, '1497', '19,202961699109', 1, 9, 15605),
(379, '1905', '11,8055555555556', 1, 8, 15605),
(380, '354', '37,4661615781923', 1, 2, 15299),
(381, '36940', '113,127995739393', 1, 4, 15252),
(382, '10370', '30,3889226198451', 1, 2, 15620),
(383, '148', '19,0987124463519', 1, 9, 15784),
(384, '191', '53,7017167381974', 1, 2, 15788),
(385, '154', '23,9270386266094', 1, 4, 15788),
(386, '618', '145,978935336381', 1, 2, 15435),
(387, '31193', '105,56831915256', 1, 4, 15231),
(388, '15478', '25,0646412411118', 1, 4, 15980),
(389, '28069', '20,091764158241', 1, 2, 15160),
(390, '25703', '9,9689555794388', 1, 4, 15160),
(391, '158', '47,5061747205038', 25, 9, 15085),
(392, '11409', '7,84329563812601', 1, 8, 15115),
(393, '1913', '16,1958011462745', 1, 4, 15848),
(394, '458', '84,3342009651707', 1, 4, 15050),
(395, '360', '44,89151167568', 1, 12, 15909),
(396, '217', '33,4433349174349', 1, 9, 15194),
(397, '13194', '30,193285223589', 1, 2, 15368),
(398, '792', '37,8928413836753', 1, 2, 15774),
(399, '75031', '33,0355372315814', 1, 2, 15358),
(400, '67709', '20,0530872627733', 1, 4, 15358),
(401, '85748', '5,14601769911505', 1, 8, 15358),
(402, '6397', '7,69119769119769', 1, 8, 15284),
(403, '3039', '20,113791513761', 1, 4, 15606),
(404, '3012', '19,0466403551985', 1, 9, 15606),
(405, '596', '32,1146861877199', 1, 2, 15424),
(406, '304', '37,0065510764028', 1, 2, 15711),
(407, '42878', '5,40922126626958', 1, 8, 15252),
(408, '938', '33,2386363636364', 1, 2, 15723),
(409, '895', '27,1306818181818', 1, 4, 15723),
(410, '1352', '18,5542168674699', 1, 8, 15723),
(411, '863', '22,5852272727273', 1, 9, 15723),
(412, '1029', '44,0127638134692', 1, 12, 15712),
(413, '1266', '21,4911417322833', 1, 2, 15908),
(414, '16785', '30,140830288728', 1, 2, 15267),
(415, '47', '31,8109227841518', 100, 4, 15692),
(416, '428', '72,2599083255307', 1, 9, 15050),
(417, '462', '39,121158991274', 1, 2, 15892),
(418, '472', '151,775964095935', 1, 4, 15434),
(419, '428', '28,8828052992755', 1, 4, 15892),
(420, '24633', '59,7103264006554', 1, 2, 15553),
(421, '21621', '40,1817467262847', 1, 4, 15553),
(422, '27308', '5,11466296038915', 1, 8, 15553),
(423, '1908', '30,3607368546365', 1, 2, 15073),
(424, '1835', '25,373140528437', 1, 4, 15073),
(425, '1621', '10,7519677365648', 1, 13, 15073),
(426, '1997', '15,3813559322034', 1, 8, 15075),
(427, '1908', '30,3607368546365', 1, 2, 15072),
(428, '2955', '260,140625', 1, 2, 15499),
(429, '5439', '30,1240871972045', 1, 2, 15802),
(430, '5048', '20,7696988732282', 1, 4, 15802),
(431, '6374', '7,75687409551374', 1, 8, 15802),
(432, '32879', '30,0983649525237', 1, 2, 15549),
(433, '30350', '20,0914071689861', 1, 4, 15549),
(434, '38434', '5,31165311653116', 1, 8, 15549),
(435, '9800', '23,2219326590629', 1, 4, 15620),
(436, '6937', '24,4081779053085', 1, 4, 15897),
(437, '9196', '20,1746908232954', 1, 9, 15115),
(438, '107194', '5,17162066525124', 1, 8, 15347),
(439, '4513', '108,128760358724', 1, 2, 15548),
(440, '1436', '36,1757802606686', 1, 2, 15895),
(441, '1337', '26,7876171368481', 1, 4, 15895),
(442, '4191', '30,96875', 1, 2, 15049),
(443, '3998', '24,9375', 1, 4, 15049),
(444, '4869', '8,47744360902256', 1, 8, 15049),
(445, '1679', '13,4536082474227', 1, 8, 15895),
(446, '2076', '30,5660377358491', 1, 2, 15741),
(447, '17905', '20,1097456262745', 1, 4, 15550),
(448, '252', '80,7149161518093', 1, 2, 15770),
(449, '217', '55,6156222418358', 10, 4, 15770),
(450, '413', '30', 1, 8, 15770),
(451, '1194', '17,0833333333333', 1, 8, 15855),
(452, '2652', '34,5737483085247', 1, 2, 15990),
(453, '3570', '84,1666666666667', 1, 2, 15046),
(454, '3302', '70,3412698412698', 1, 4, 15046),
(455, '3824', '9,38388625592417', 1, 8, 15046),
(456, '855', '22,3347059239644', 1, 4, 15607),
(457, '429', '69,7756862464951', 1, 2, 15454),
(458, '394', '55,9245230329116', 1, 4, 15454),
(459, '513', '31,6', 1, 8, 15454),
(460, '4040', '110,452641477176', 1, 2, 15441),
(461, '3789', '97,3774897418362', 1, 4, 15441),
(462, '4213', '8,6117136659436', 1, 8, 15441),
(463, '2592', '11,8367346938775', 1, 8, 15151),
(464, '12766', '78,834051724138', 1, 2, 15650),
(465, '11779', '65,0075431034483', 1, 4, 15650),
(466, '13574', '5,5393180236604', 1, 8, 15650),
(467, '12766', '78,834051724138', 1, 2, 15651),
(468, '11779', '65,0075431034483', 1, 4, 15651),
(469, '13574', '5,5393180236604', 1, 8, 15651),
(470, '12766', '78,834051724138', 1, 2, 15649),
(471, '11779', '65,0075431034483', 1, 4, 15649),
(472, '13574', '5,5393180236604', 1, 8, 15649),
(473, '12766', '78,834051724138', 1, 2, 15648),
(474, '11779', '65,0075431034483', 1, 4, 15648),
(475, '13574', '5,5393180236604', 1, 8, 15648),
(476, '11142', '78,8092714272547', 1, 2, 15647),
(477, '10292', '65,1682841078177', 1, 4, 15647),
(478, '11837', '6,57458563535911', 1, 8, 15647),
(479, '4158', '129,722455178041', 1, 2, 15332),
(480, '3880', '21,25', 1, 9, 15049),
(481, '2068', '30,6098707917222', 1, 2, 15617),
(482, '1314', '24,0940192198026', 1, 4, 15796),
(483, '2056', '12,5106382978723', 1, 8, 15314),
(484, '88', '77,4193548387097', 1, 4, 15985),
(485, '112352', '18,0168067226891', 1, 9, 15069),
(486, '2275', '23,9719321006545', 1, 4, 15749),
(487, '15063', '25,1906741317088', 1, 4, 15571),
(488, '930', '20,5128205128205', 1, 8, 15408),
(489, '6465', '33,5121480566083', 1, 2, 15853),
(490, '5977', '23,4342009179193', 1, 4, 15853),
(491, '317', '23,0982294358389', 1, 9, 15300),
(492, '354', '37,4661615781923', 1, 2, 15381),
(493, '351', '36,3011941071907', 1, 4, 15381),
(494, '419', '28,9830508474576', 1, 8, 15381),
(495, '317', '23,0982294358389', 1, 9, 15381),
(496, '351', '36,3011941071907', 1, 4, 15382),
(497, '419', '28,9830508474576', 1, 8, 15382),
(498, '317', '23,0982294358389', 1, 9, 15382),
(499, '351', '36,3011941071907', 1, 4, 15380),
(500, '296', '19,5870690825409', 1, 4, 15338),
(501, '2794', '31,1471100696948', 1, 2, 15809),
(502, '2693', '26,4062875510694', 1, 4, 15809),
(503, '3275', '9,02777777777779', 1, 8, 15809),
(504, '2155', '1,15319334294639', 1, 9, 15809),
(505, '3199', '30,1718805950715', 1, 2, 15804),
(506, '3097', '26,0213548618119', 1, 4, 15804),
(507, '3783', '8,62318840579709', 1, 8, 15804),
(508, '2973', '20,9756176958885', 1, 9, 15804),
(509, '1301', '21,2753099054914', 1, 9, 15415),
(510, '1507', '40,4780107821487', 1, 12, 15415),
(511, '1291', '20,3431399600226', 1, 13, 15415),
(512, '7786', '6,64268585131894', 1, 8, 15525),
(513, '2376', '21,5450481647045', 1, 4, 15545),
(514, '7749', '23,0559728882395', 1, 2, 15609),
(515, '7623', '21,0550627599754', 1, 4, 15609),
(516, '7559', '20,0387274567302', 1, 9, 15609),
(517, '305', '90,625', 1, 2, 15984),
(518, '11126', '19,1848586938488', 1, 9, 15552),
(519, '3892', '115,026405856887', 1, 4, 15332),
(520, '4680', '8,59375', 1, 8, 15332),
(521, '164618', '30,0152437656688', 1, 2, 15130),
(522, '237', '45,7422597946178', 1, 2, 15195),
(523, '31756', '7,38990959463401', 1, 8, 15557),
(524, '13177', '20,2105707503387', 1, 9, 15816),
(525, '90279', '76,8155315271593', 1, 2, 15234),
(526, '76743', '50,3046592894115', 1, 4, 15234),
(527, '92784', '5,23542028393422', 1, 8, 15234),
(528, '4835', '8,94538606403013', 1, 8, 15548),
(529, '354', '37,4661615781923', 1, 2, 15385),
(530, '351', '36,3011941071907', 1, 4, 15385),
(531, '419', '28,9830508474576', 1, 8, 15385),
(532, '317', '23,0982294358389', 1, 9, 15385),
(533, '276', '38,0065139074564', 1, 2, 15156),
(534, '509', '24,7499608839022', 1, 4, 15006),
(535, '476', '16,6620459346512', 1, 9, 15008),
(536, '530', '29,8968158516074', 1, 2, 15009),
(537, '509', '24,7499608839022', 1, 4, 15009),
(538, '638', '25,8139534883721', 1, 8, 15009),
(539, '48744', '20,0136145429792', 1, 2, 15237),
(540, '47934', '18,0192967237642', 1, 4, 15237),
(541, '52822', '30,0541430204588', 1, 12, 15237),
(542, '793', '32,2480609399065', 1, 2, 15191),
(543, '757', '26,2443658657115', 1, 4, 15191),
(544, '864', '44,0886817806799', 1, 12, 15191),
(545, '59824', '152,460180055402', 1, 2, 15461),
(546, '579', '-5,9574147387208', 1, 2, 15559),
(547, '530', '-13,916113664114', 1, 4, 15559),
(548, '796', '22,7184466019418', 1, 8, 15559),
(549, '519', '-15,7027603616513', 1, 9, 15559),
(550, '530', '29,8968158516074', 1, 2, 15008),
(551, '148', '52,8644905043057', 1, 4, 15584),
(552, '146', '50,7987541461394', 1, 9, 15584),
(553, '148', '52,8644905043057', 1, 4, 15988),
(554, '305', '90,625', 1, 2, 15981),
(555, '290', '81,25', 1, 4, 15981),
(556, '314', '38,4313725490196', 1, 8, 15981),
(557, '156', '61,1274359369709', 1, 2, 15790),
(558, '146', '50,7987541461394', 1, 9, 15987),
(559, '455', '48,1838150706072', 1, 12, 15893),
(560, '1651', '71,6163520966571', 1, 2, 15768),
(561, '1859', '12,7230046948357', 1, 8, 15768),
(562, '28707', '5,31992084432717', 1, 8, 15612),
(563, '308', '184,375', 1, 2, 15173),
(564, '263', '142,826704545455', 1, 4, 15173),
(565, '351', '36,1818181818182', 1, 8, 15173),
(566, '236', '117,897727272727', 1, 9, 15173),
(567, '188', '44,7058823529412', 1, 8, 15788),
(568, '148', '19,0987124463519', 1, 9, 15788),
(569, '290', '81,25', 1, 4, 15984),
(570, '260', '62,5', 1, 9, 15981),
(571, '188', '44,7058823529412', 1, 8, 15784),
(572, '792', '32', 1, 2, 15641),
(573, '792', '32', 1, 2, 15642),
(574, '774', '29', 1, 4, 15642),
(575, '1117', '17,8676470588235', 1, 8, 15642),
(576, '738', '23', 1, 9, 15642),
(577, '667', '24,2975974448439', 1, 9, 15109),
(578, '47', '31,8109227841518', 305, 9, 15692),
(579, '7498', '30,4588737481528', 1, 2, 15544),
(580, '6930', '20,576152984089', 1, 4, 15544),
(581, '1652', '31,6040874891227', 1, 2, 15814),
(582, '1586', '26,3462970688551', 1, 4, 15814),
(583, '2074', '11,7446808510638', 1, 8, 15814),
(584, '8584', '15,2333746385791', 1, 2, 15795),
(585, '35549', '5,42963554136739', 1, 8, 15160),
(586, '2701', '23,2378043394308', 1, 2, 15842),
(587, '33154', '5,46335899629314', 1, 8, 15231),
(588, '559', '51,3958333333334', 1, 2, 15818),
(589, '473', '28,1041666666667', 1, 4, 15818),
(590, '726', '22,7659574468085', 1, 8, 15818),
(591, '559', '51,3958333333334', 1, 2, 15820),
(592, '473', '28,1041666666667', 1, 4, 15820),
(593, '726', '22,7659574468085', 1, 8, 15820),
(594, '559', '51,3958333333334', 1, 2, 15821),
(595, '473', '28,1041666666667', 1, 4, 15821),
(596, '726', '22,7659574468085', 1, 8, 15821),
(597, '559', '51,3958333333334', 1, 2, 15822),
(598, '473', '28,1041666666667', 1, 4, 15822),
(599, '726', '22,7659574468085', 1, 8, 15822),
(600, '559', '51,3958333333334', 1, 2, 15823),
(601, '473', '28,1041666666667', 1, 4, 15823),
(602, '726', '22,7659574468085', 1, 8, 15823),
(603, '354', '56,8863636363636', 1, 2, 15824),
(604, '313', '38,7159090909091', 1, 4, 15824),
(605, '535', '28,6666666666667', 1, 8, 15824),
(606, '354', '56,8863636363636', 1, 2, 15825),
(607, '313', '38,7159090909091', 1, 4, 15825),
(608, '535', '28,6666666666667', 1, 8, 15825),
(609, '354', '56,8863636363636', 1, 2, 15826),
(610, '313', '38,7159090909091', 1, 4, 15826),
(611, '535', '28,6666666666667', 1, 8, 15826),
(612, '23251', '34,8624589687741', 1, 12, 15439),
(613, '1349', '18,2424242424242', 1, 8, 15725),
(614, '15024', '50,2135007978081', 1, 2, 15484),
(615, '1741', '163,828877836494', 1, 2, 15150),
(616, '5497', '10,6178861788618', 1, 8, 15219),
(617, '351', '36,3011941071907', 1, 4, 15386),
(618, '286', '15,1082564979013', 1, 13, 15909),
(619, '354', '37,4661615781923', 1, 2, 15383),
(620, '351', '36,3011941071907', 1, 4, 15383),
(621, '419', '28,9830508474576', 1, 8, 15383),
(622, '317', '23,0982294358389', 1, 9, 15383),
(623, '354', '37,4661615781923', 1, 2, 15379),
(624, '351', '36,3011941071907', 1, 4, 15379),
(625, '419', '28,9830508474576', 1, 8, 15379),
(626, '317', '23,0982294358389', 1, 9, 15379),
(627, '615', '23,125', 1, 8, 15831),
(628, '450', '56,6964285714286', 1, 2, 15832),
(629, '396', '37,8928571428572', 1, 4, 15832),
(630, '615', '23,125', 1, 8, 15832),
(631, '450', '56,6964285714286', 1, 2, 15833),
(632, '396', '37,8928571428572', 1, 4, 15833),
(633, '615', '23,125', 1, 8, 15833),
(634, '450', '56,6964285714286', 1, 2, 15834),
(635, '396', '37,8928571428572', 1, 4, 15834),
(636, '615', '23,125', 1, 8, 15834),
(637, '450', '56,6964285714286', 1, 2, 15835),
(638, '396', '37,8928571428572', 1, 4, 15835),
(639, '615', '23,125', 1, 8, 15835),
(640, '450', '56,6964285714286', 1, 2, 15836),
(641, '396', '37,8928571428572', 1, 4, 15836),
(642, '615', '23,125', 1, 8, 15836),
(643, '531', '52,2720588235294', 1, 2, 15837),
(644, '471', '35,0661764705883', 1, 4, 15837),
(645, '728', '22,5531914893617', 1, 8, 15837),
(646, '531', '52,2720588235294', 1, 2, 15838),
(647, '471', '35,0661764705883', 1, 4, 15838),
(648, '728', '22,5531914893617', 1, 8, 15838),
(649, '531', '52,2720588235294', 1, 2, 15839),
(650, '471', '35,0661764705883', 1, 4, 15839),
(651, '728', '22,5531914893617', 1, 8, 15839),
(652, '531', '52,2720588235294', 1, 2, 15840),
(653, '471', '35,0661764705883', 1, 4, 15840),
(654, '728', '22,5531914893617', 1, 8, 15840),
(655, '585', '150,164473684211', 1, 2, 15373),
(656, '531', '127,072368421053', 1, 4, 15373),
(657, '903', '17,1559633027523', 1, 8, 15373),
(658, '585', '150,164473684211', 1, 2, 15371),
(659, '531', '127,072368421053', 1, 4, 15371),
(660, '903', '17,1559633027523', 1, 8, 15371),
(661, '585', '150,164473684211', 1, 2, 15372),
(662, '531', '127,072368421053', 1, 4, 15372),
(663, '903', '17,1559633027523', 1, 8, 15372),
(664, '585', '150,164473684211', 1, 2, 15374),
(665, '531', '127,072368421053', 1, 4, 15374),
(666, '903', '17,1559633027523', 1, 8, 15374),
(667, '585', '150,164473684211', 1, 2, 15375),
(668, '531', '127,072368421053', 1, 4, 15375),
(669, '903', '17,1559633027523', 1, 8, 15375),
(670, '585', '150,164473684211', 1, 2, 15376),
(671, '531', '127,072368421053', 1, 4, 15376),
(672, '903', '17,1559633027523', 1, 8, 15376),
(673, '585', '150,164473684211', 1, 2, 15378),
(674, '531', '127,072368421053', 1, 4, 15378),
(675, '903', '17,1559633027523', 1, 8, 15378),
(676, '585', '150,164473684211', 1, 2, 15377),
(677, '531', '127,072368421053', 1, 4, 15377),
(678, '903', '17,1559633027523', 1, 8, 15377),
(679, '436', '131,032608695652', 1, 2, 15511),
(680, '395', '109,307065217391', 1, 4, 15511),
(681, '672', '25,3333333333333', 1, 8, 15511),
(682, '436', '131,032608695652', 1, 2, 15306),
(683, '395', '109,307065217391', 1, 4, 15306),
(684, '672', '25,3333333333333', 1, 8, 15306),
(685, '436', '131,032608695652', 1, 2, 15512),
(686, '395', '109,307065217391', 1, 4, 15512),
(687, '672', '25,3333333333333', 1, 8, 15512),
(688, '530', '-13,916113664114', 1, 4, 15504),
(689, '519', '-15,7027603616513', 1, 9, 15503),
(690, '796', '22,7184466019418', 1, 8, 15562),
(691, '530', '-13,916113664114', 1, 4, 15565),
(692, '796', '22,7184466019418', 1, 8, 15558),
(693, '476', '16,6620459346512', 1, 9, 15877),
(694, '476', '16,6620459346512', 1, 9, 15009),
(695, '530', '29,8968158516074', 1, 2, 15010),
(696, '509', '24,7499608839022', 1, 4, 15010),
(697, '88', '77,4193548387097', 1, 4, 15778),
(698, '5657', '25,1305055652882', 1, 4, 15858),
(699, '1177', '32,410463527071', 1, 2, 15139),
(700, '4293', '97,9828868202973', 1, 4, 15548),
(701, '59', '65,4647754098927', 1, 12, 15692),
(702, '46', '29,0064350653401', 305, 13, 15692),
(703, '902', '32,7402268462782', 1, 2, 15414),
(704, '855', '19,6607512735823', 1, 13, 15712),
(705, '853', '25,5292832592853', 1, 4, 15414),
(706, '1116', '20,2857142857143', 1, 8, 15414),
(707, '2757', '23,0515279277426', 1, 2, 15077),
(708, '58025', '5,35801663676398', 1, 8, 15068),
(709, '119018', '25,0189075630252', 1, 2, 15069),
(710, '114240', '20', 1, 4, 15069),
(711, '131090', '5,11038726022439', 1, 8, 15069),
(712, '92', '91,6666666666667', 1, 2, 15630),
(713, '530', '29,8968158516074', 1, 2, 15887),
(714, '638', '25,8139534883721', 1, 8, 15006),
(715, '509', '24,7499608839022', 1, 4, 15887),
(716, '13010', '19,7229333410682', 1, 4, 15668),
(717, '15340', '6,06246172688304', 1, 8, 15668),
(718, '638', '25,8139534883721', 1, 8, 15887),
(719, '476', '16,6620459346512', 1, 9, 15887),
(720, '530', '29,8968158516074', 1, 2, 15888),
(721, '1959', '23,2075471698113', 1, 4, 15741),
(722, '351', '41,269223883788', 1, 2, 15693),
(723, '317', '27,5850255588627', 1, 4, 15693),
(724, '507', '28,5915492957746', 1, 8, 15693),
(725, '313', '25,9751198735773', 1, 9, 15693),
(726, '351', '41,269223883788', 1, 2, 15687),
(727, '317', '27,5850255588627', 1, 4, 15687),
(728, '507', '28,5915492957746', 1, 8, 15687),
(729, '313', '25,9751198735773', 1, 9, 15687),
(730, '351', '41,269223883788', 1, 2, 15055),
(731, '317', '27,5850255588627', 1, 4, 15055),
(732, '507', '28,5915492957746', 1, 8, 15055),
(733, '313', '25,9751198735773', 1, 9, 15055),
(734, '351', '41,269223883788', 1, 2, 15056),
(735, '317', '27,5850255588627', 1, 4, 15056),
(736, '507', '28,5915492957746', 1, 8, 15056),
(737, '313', '25,9751198735773', 1, 9, 15056),
(738, '351', '41,269223883788', 1, 2, 15057),
(739, '317', '27,5850255588627', 1, 4, 15057),
(740, '507', '28,5915492957746', 1, 8, 15057),
(741, '313', '25,9751198735773', 1, 9, 15057),
(742, '351', '41,269223883788', 1, 2, 15694),
(743, '317', '27,5850255588627', 1, 4, 15694),
(744, '507', '28,5915492957746', 1, 8, 15694),
(745, '313', '25,9751198735773', 1, 9, 15694),
(746, '351', '41,269223883788', 1, 2, 15878),
(747, '317', '27,5850255588627', 1, 4, 15878),
(748, '507', '28,5915492957746', 1, 8, 15878),
(749, '313', '25,9751198735773', 1, 9, 15878),
(750, '351', '41,269223883788', 1, 2, 15879),
(751, '317', '27,5850255588627', 1, 4, 15879),
(752, '507', '28,5915492957746', 1, 8, 15879),
(753, '313', '25,9751198735773', 1, 9, 15879),
(754, '351', '41,269223883788', 1, 2, 15688),
(755, '317', '27,5850255588627', 1, 4, 15688),
(756, '507', '28,5915492957746', 1, 8, 15688),
(757, '313', '25,9751198735773', 1, 9, 15688),
(758, '351', '41,269223883788', 1, 2, 15689),
(759, '317', '27,5850255588627', 1, 4, 15689),
(760, '507', '28,5915492957746', 1, 8, 15689),
(761, '313', '25,9751198735773', 1, 9, 15689),
(762, '351', '41,269223883788', 1, 2, 15690),
(763, '317', '27,5850255588627', 1, 4, 15690),
(764, '507', '28,5915492957746', 1, 8, 15690),
(765, '313', '25,9751198735773', 1, 9, 15690),
(766, '1152', '134,959417621957', 1, 2, 15416),
(767, '1039', '111,912183080914', 1, 4, 15416),
(768, '704', '43,5863107689735', 1, 12, 15416),
(769, '549', '11,9728474604637', 1, 13, 15416),
(770, '1194', '17,0833333333333', 1, 8, 15416),
(771, '8584', '15,2333746385791', 1, 4, 15795),
(772, '1788', '142,731829573935', 1, 2, 15105),
(773, '1658', '125,083542188806', 1, 4, 15105),
(774, '2013', '13,6051502145923', 1, 8, 15105),
(775, '2698', '140,364583333333', 1, 2, 15107),
(776, '2530', '125,397478070175', 1, 4, 15107),
(777, '3071', '11,7528735632184', 1, 8, 15107),
(778, '2858', '139,641382868937', 1, 2, 15108),
(779, '2676', '124,38080495356', 1, 4, 15108),
(780, '3181', '9,88668555240794', 1, 8, 15108),
(781, '850', '38,2817192818528', 1, 2, 15855),
(782, '794', '29,1713942468131', 1, 4, 15855),
(783, '12770', '20,0805527053011', 1, 2, 15686),
(784, '12551', '18,0212229447325', 1, 4, 15686),
(785, '12342', '16,0559265065643', 1, 9, 15686),
(786, '14272', '34,20435772984', 1, 12, 15686),
(787, '12132', '14,081226736156', 1, 13, 15686),
(788, '450', '56,6964285714286', 1, 2, 15937),
(789, '389', '35,4553571428571', 1, 4, 15937),
(790, '615', '23,125', 1, 8, 15937),
(791, '450', '56,6964285714286', 1, 2, 15938),
(792, '389', '35,4553571428571', 1, 4, 15938),
(793, '615', '23,125', 1, 8, 15938),
(794, '450', '56,696428571429', 1, 2, 15939),
(795, '389', '35,4553571428575', 1, 4, 15939),
(796, '418', '45,5535714285718', 1, 12, 15939),
(797, '234', '62,9642857142857', 1, 2, 15940),
(798, '211', '46,9464285714286', 1, 4, 15940),
(799, '478', '34,5205479452055', 1, 8, 15940),
(800, '234', '62,9642857142857', 1, 2, 15941),
(801, '211', '46,9464285714286', 1, 4, 15941),
(802, '478', '34,5205479452055', 1, 8, 15941),
(803, '234', '62,9642857142857', 1, 2, 15942),
(804, '211', '46,9464285714286', 1, 4, 15942),
(805, '478', '34,5205479452055', 1, 8, 15942),
(806, '234', '62,9642857142857', 1, 2, 15943),
(807, '211', '46,9464285714286', 1, 4, 15943),
(808, '478', '34,5205479452055', 1, 8, 15943),
(809, '211', '46,9464285714286', 1, 4, 15911),
(810, '478', '34,5205479452055', 1, 8, 15911),
(811, '295', '59,7916666666667', 1, 2, 15944),
(812, '254', '37,5833333333333', 1, 4, 15944),
(813, '533', '28,9333333333333', 1, 8, 15944),
(814, '533', '28,9333333333333', 1, 8, 15914),
(815, '295', '59,7916666666667', 1, 2, 15945),
(816, '254', '37,5833333333333', 1, 4, 15945),
(817, '533', '28,9333333333333', 1, 8, 15945),
(818, '295', '59,7916666666667', 1, 2, 15946),
(819, '254', '37,5833333333333', 1, 4, 15946),
(820, '533', '28,9333333333333', 1, 8, 15946),
(821, '295', '59,7916666666667', 1, 2, 15947),
(822, '254', '37,5833333333333', 1, 4, 15947),
(823, '533', '28,9333333333333', 1, 8, 15947),
(824, '295', '59,7916666666667', 1, 2, 15948),
(825, '254', '37,5833333333333', 1, 4, 15948),
(826, '533', '28,9333333333333', 1, 8, 15948),
(827, '5428', '20,0651200651201', 1, 9, 15858),
(828, '794', '24,3809523809524', 1, 8, 15767),
(829, '507', '28,5915492957746', 1, 8, 15909),
(830, '3353', '79,6249999999995', 1, 4, 15199),
(831, '314', '38,4313725490196', 1, 8, 15984),
(832, '260', '62,5', 1, 9, 15984),
(833, '119093', '100,618940778234', 1, 2, 15175),
(834, '793', '22,3378164556962', 1, 4, 15638),
(835, '2633', '20,1351865330327', 1, 4, 15842),
(836, '8759', '18', 2, 13, 15656),
(837, '5177', '80,7223415682062', 1, 2, 15101),
(838, '3909', '61,1192136968928', 1, 4, 15102),
(839, '2879', '33,1151124852992', 1, 2, 15993),
(840, '544', '30,9900018868092', 1, 4, 15995),
(841, '544', '30,9900018868092', 1, 4, 15998),
(842, '727', '22,6595744680851', 1, 8, 15998),
(843, '610', '46,8821712333706', 1, 2, 15999),
(844, '544', '30,9900018868092', 1, 4, 15999),
(845, '727', '22,6595744680851', 1, 8, 15999),
(846, '703', '32,2324968565157', 1, 2, 15958),
(847, '668', '25,6490866289509', 1, 4, 15958),
(848, '997', '19,5967741935484', 1, 8, 15958),
(849, '639', '20,1942610118258', 1, 9, 15958),
(850, '703', '32,2324968565157', 1, 2, 15959),
(851, '668', '25,6490866289509', 1, 4, 15959),
(852, '997', '19,5967741935484', 1, 8, 15959),
(853, '639', '20,1942610118258', 1, 9, 15959),
(854, '703', '32,2324968565157', 1, 2, 15957),
(855, '559', '51,3958333333334', 1, 2, 15960),
(856, '473', '28,1041666666667', 1, 4, 15960),
(857, '672', '25,3333333333333', 1, 8, 15960),
(858, '559', '51,3958333333334', 1, 2, 15961),
(859, '473', '28,1041666666667', 1, 4, 15961),
(860, '672', '25,3333333333333', 1, 8, 15961),
(861, '559', '51,3958333333334', 1, 2, 15962),
(862, '473', '28,1041666666667', 1, 4, 15962),
(863, '672', '25,3333333333333', 1, 8, 15962),
(864, '559', '51,3958333333334', 1, 2, 15963),
(865, '473', '28,1041666666667', 1, 4, 15963),
(866, '672', '25,3333333333333', 1, 8, 15963),
(867, '559', '51,3958333333334', 1, 2, 15964),
(868, '473', '28,1041666666667', 1, 4, 15964),
(869, '672', '25,3333333333333', 1, 8, 15964),
(870, '559', '51,3958333333334', 1, 2, 15965),
(871, '473', '28,1041666666667', 1, 4, 15965),
(872, '672', '25,3333333333333', 1, 8, 15965),
(873, '559', '51,3958333333334', 1, 2, 15967),
(874, '473', '28,1041666666667', 1, 4, 15967),
(875, '672', '25,3333333333333', 1, 8, 15967),
(876, '559', '51,3958333333334', 1, 2, 15968),
(877, '473', '28,1041666666667', 1, 4, 15968),
(878, '672', '25,3333333333333', 1, 8, 15968),
(879, '559', '51,3958333333334', 1, 2, 15969),
(880, '473', '28,1041666666667', 1, 4, 15969),
(881, '672', '25,3333333333333', 1, 8, 15969),
(882, '1584', '21,3960069171513', 1, 2, 15359),
(883, '12379', '22,1511806717302', 1, 4, 15368),
(884, '63668', '33,0517389492742', 1, 2, 15366),
(885, '62230', '30,0466437584554', 1, 4, 15366),
(886, '75630', '5,22556390977444', 1, 8, 15366),
(887, '1519', '25,057893818916', 1, 9, 15081),
(888, '3709', '31,1004567865428', 1, 2, 15975),
(889, '3417', '20,7792560904871', 1, 4, 15975),
(890, '4312', '8,25531914893617', 1, 8, 15975),
(891, '1052', '22,0740740740741', 1, 8, 15191),
(892, '1170', '12,2785433070865', 1, 9, 15725),
(893, '80', '61,2903225806452', 1, 9, 15778),
(894, '80', '61,2903225806452', 1, 9, 15985),
(895, '940', '17,5', 1, 12, 15904),
(896, '1244', '19,3799212598424', 1, 4, 15931),
(897, '93', '87,5', 1, 2, 15626),
(898, '88', '77,4193548387097', 1, 4, 15626),
(899, '80', '61,2903225806452', 1, 9, 15626),
(900, '93', '87,5', 1, 2, 15631),
(901, '88', '77,4193548387097', 1, 4, 15631),
(902, '80', '61,2903225806452', 1, 9, 15631),
(903, '93', '87,5', 1, 2, 15628),
(904, '88', '77,4193548387097', 1, 4, 15628),
(905, '80', '61,2903225806452', 1, 9, 15628),
(906, '146', '50,7987541461394', 1, 9, 15790),
(907, '156', '61,1274359369709', 1, 2, 15783),
(908, '148', '52,8644905043057', 1, 4, 15783),
(909, '146', '50,7987541461394', 1, 9, 15783),
(910, '156', '61,1274359369709', 1, 2, 15629),
(911, '148', '52,8644905043057', 1, 4, 15629),
(912, '146', '50,7987541461394', 1, 9, 15629),
(913, '156', '61,1274359369709', 1, 2, 15633),
(914, '148', '52,8644905043057', 1, 4, 15633),
(915, '146', '50,7987541461394', 1, 9, 15633),
(916, '156', '61,1274359369709', 1, 2, 15625),
(917, '148', '52,8644905043057', 1, 4, 15625),
(918, '146', '50,7987541461394', 1, 9, 15625),
(919, '80', '66,6666666666667', 1, 4, 15630),
(920, '93', '87,5', 1, 2, 15792),
(921, '156', '61,1274359369709', 1, 2, 15120),
(922, '148', '52,8644905043057', 1, 4, 15120),
(923, '146', '50,7987541461394', 1, 9, 15120),
(924, '354', '37,4661615781923', 1, 2, 15388),
(925, '351', '36,3011941071907', 1, 4, 15388),
(926, '419', '28,9830508474576', 1, 8, 15388),
(927, '317', '23,0982294358389', 1, 9, 15388),
(928, '354', '37,4661615781923', 1, 2, 15389),
(929, '351', '36,3011941071907', 1, 4, 15389),
(930, '419', '28,9830508474576', 1, 8, 15389),
(931, '317', '23,0982294358389', 1, 9, 15389),
(932, '354', '37,4661615781923', 1, 2, 15569),
(933, '419', '28,9830508474576', 1, 8, 15386),
(934, '317', '23,0982294358389', 1, 9, 15386),
(935, '419', '28,9830508474576', 1, 8, 15380),
(936, '354', '37,4661615781923', 1, 2, 15384),
(937, '833', '22,58604097888', 1, 9, 15414),
(938, '7150', '145,95846622823', 1, 2, 15315),
(939, '165', '44,3749826750021', 1, 9, 15791),
(940, '156', '61,1274359369709', 1, 2, 15777),
(941, '148', '52,8644905043057', 1, 4, 15777),
(942, '156', '61,1274359369709', 1, 2, 15298),
(943, '148', '52,8644905043057', 1, 4, 15298),
(944, '146', '50,7987541461394', 1, 9, 15298),
(945, '93', '87,5', 1, 2, 15852),
(946, '88', '77,4193548387097', 1, 4, 15852),
(947, '156', '61,1274359369709', 1, 2, 15988),
(948, '305', '90,625', 1, 2, 15982),
(949, '554', '35,0375', 1, 2, 15779),
(950, '532', '29,675', 1, 4, 15779),
(951, '778', '21,4141414141414', 1, 8, 15779),
(952, '509', '24,06875', 1, 9, 15779),
(953, '290', '81,25', 1, 4, 15982),
(954, '314', '38,4313725490196', 1, 8, 15982),
(955, '260', '62,5', 1, 9, 15982),
(956, '106870', '80,0286011853752', 1, 4, 15175),
(957, '116669', '5,14715447154471', 1, 8, 15175),
(958, '476', '16,6620459346512', 1, 9, 15006),
(959, '530', '29,8968158516074', 1, 2, 15007),
(960, '189', '65,3749801550024', 1, 2, 15780),
(961, '175', '53,1249816250022', 1, 4, 15780),
(962, '165', '44,3749826750021', 1, 9, 15780),
(963, '156', '61,1274359369709', 1, 2, 15789),
(964, '148', '52,8644905043057', 1, 4, 15789),
(965, '146', '50,7987541461394', 1, 9, 15789),
(966, '156', '61,1274359369709', 1, 2, 15627),
(967, '148', '52,8644905043057', 1, 4, 15627),
(968, '146', '50,7987541461394', 1, 9, 15627),
(969, '2125', '51,6803527789496', 1, 12, 15106),
(970, '27874', '32,0892410341952', 1, 2, 15217),
(971, '14429', '25,0740788050085', 1, 4, 15455),
(972, '638', '25,8139534883721', 1, 8, 15010),
(973, '30131', '5,4861982434128', 1, 8, 15460),
(974, '1733', '38,5342795040764', 1, 2, 15902),
(975, '1651', '31,9792818587594', 1, 4, 15902),
(976, '2214', '12,1428571428571', 1, 8, 15902),
(977, '1692', '35,2567806814179', 15, 9, 15902),
(978, '4618', '171,893115942029', 1, 2, 15200),
(979, '4286', '152,346014492754', 1, 4, 15200),
(980, '4727', '8,03501945525292', 1, 8, 15200),
(981, '351', '41,269223883788', 1, 2, 15054),
(982, '317', '27,5850255588627', 1, 4, 15054),
(983, '507', '28,5915492957746', 1, 8, 15054),
(984, '313', '25,9751198735773', 1, 9, 15054),
(985, '3873', '70,1194294775918', 1, 4, 15589),
(986, '994', '147,232142857143', 1, 2, 15197),
(987, '1491', '6,22641509433961', 1, 8, 15886),
(988, '13970', '21,0953552502577', 1, 9, 15455),
(989, '146', '50,7987541461394', 1, 9, 15976),
(990, '3814', '9,19047619047619', 1, 8, 15606),
(991, '1932', '23,51', 1, 2, 15421),
(992, '4086', '9,80132450331126', 1, 8, 15972),
(993, '211', '46,9464285714286', 1, 4, 15913),
(994, '2293', '11,46718', 1, 8, 15744),
(995, '50493', '113,082907721607', 1, 4, 15461),
(996, '171907', '5,09192292828355', 1, 8, 15190),
(997, '2589', '18,1276103053633', 1, 9, 15842),
(998, '351', '36,3011941071907', 1, 4, 15569),
(999, '14914', '6,0239445494644', 1, 8, 15368),
(1000, '668', '25,6490866289509', 1, 4, 15957),
(1001, '1896', '12,2222222222222', 1, 8, 15150),
(1002, '19768', '6,35717669351018', 1, 8, 15667),
(1003, '385', '25,6892340543782', 1, 9, 15019),
(1004, '23994', '128,962033691282', 1, 2, 15226),
(1005, '41679', '125,76125', 1, 2, 15330),
(1006, '4633', '21,0637682298569', 1, 9, 15857),
(1007, '59015', '20,036868707098', 1, 4, 15691),
(1008, '726', '22,7659574468085', 1, 8, 15050),
(1009, '166182', '69,697647928238', 1, 4, 15342),
(1010, '118022', '82,390221712199', 1, 2, 15367),
(1011, '15755', '22,1548275960029', 1, 4, 15267),
(1012, '80', '61,2903225806452', 1, 9, 15852),
(1013, '2238', '11,8897637795276', 1, 8, 15134),
(1014, '1748', '41,0769628099173', 1, 12, 15870),
(1015, '2172', '13,12', 1, 8, 15420),
(1016, '239', '123,12642884937', 1, 2, 15085),
(1017, '1639', '14,6354166666667', 1, 8, 15407),
(1018, '1439', '1,22835497835496', 1, 9, 15011),
(1019, '17740', '110,112973760933', 1, 2, 15498),
(1020, '27956', '82,4423097003237', 1, 2, 15612),
(1021, '154', '23,9270386266094', 1, 4, 15786),
(1022, '6502', '123,667405233001', 1, 4, 15315),
(1023, '638', '25,8139534883721', 1, 8, 15888),
(1024, '74', '347,580645161292', 1, 2, 15604),
(1025, '69', '317,338709677421', 1, 4, 15604),
(1026, '57', '244,75806451613', 305, 6, 15604),
(1027, '419', '28,9830508474576', 1, 8, 15300),
(1028, '8478', '6,73267326732673', 1, 8, 15795),
(1029, '509', '24,7499608839022', 1, 4, 15888),
(1030, '1349', '18,2424242424242', 1, 8, 15931),
(1031, '9795', '20,2895602623916', 1, 4, 15577),
(1032, '317', '23,0982294358389', 1, 9, 15380),
(1033, '5471', '24,7386771803794', 1, 4, 15883),
(1034, '1816', '18,3687554875911', 1, 9, 15317),
(1035, '148639', '76,6690377272925', 1, 4, 15276),
(1036, '1846', '122,753712871287', 1, 4, 15312),
(1037, '155919', '48,110377827981', 1, 4, 15344),
(1038, '351', '36,3011941071907', 1, 4, 15303),
(1039, '317', '23,0982294358389', 1, 9, 15299),
(1040, '26198', '5,59279279279279', 1, 8, 15058),
(1041, '50459', '82,5164384354438', 1, 2, 15700),
(1042, '225', '38,362904868308', 1, 4, 15195),
(1043, '351', '36,3011941071907', 1, 4, 15384),
(1044, '472', '68,6233126676338', 1, 4, 15091),
(1045, '6544', '30,4066967186614', 1, 2, 15530),
(1046, '2693', '20,1950543015636', 1, 9, 15077),
(1047, '6775', '7,44535519125684', 1, 8, 15746),
(1048, '2450', '24,3234100135315', 1, 4, 15990),
(1049, '1545', '16,9354838709677', 1, 8, 15436),
(1050, '295', '59,7916666666667', 1, 2, 15914),
(1051, '3517', '90,5041666666673', 1, 4, 15339),
(1052, '419', '28,9830508474576', 1, 8, 15568),
(1053, '10665', '7,0993031358885', 1, 8, 15215),
(1054, '151954', '20,0132206148079', 1, 4, 15130),
(1055, '254', '37,5833333333333', 1, 4, 15914),
(1056, '1388', '11,025641025641', 1, 8, 15464),
(1057, '12822', '81,3065610859728', 1, 9, 15739),
(1058, '3231', '21,1970896493859', 1, 4, 15526),
(1059, '3239', '9,27170868347339', 1, 8, 15499),
(1060, '12301', '78,750968761178', 1, 4, 15696),
(1061, '9379', '7,13861386138613', 1, 8, 15201),
(1062, '15039', '96,9872938508579', 1, 2, 15573),
(1063, '16675', '97,4990889212828', 1, 4, 15498),
(1064, '1789', '134,168590913972', 1, 2, 15314),
(1065, '17676', '6,27783669141039', 1, 8, 15498),
(1066, '262', '31,0061834918608', 1, 9, 15156),
(1067, '987', '41,2214675402958', 1, 12, 15607),
(1068, '289', '30,2180020575346', 10, 9, 15614),
(1069, '7395', '23,0203619909502', 1, 2, 15325),
(1070, '544', '172', 1, 2, 15272),
(1071, '1758', '20,1122512528569', 1, 9, 15072),
(1072, '1827', '31,6574279379158', 1, 2, 15360),
(1073, '3744', '11,9058823529412', 1, 8, 15893),
(1074, '883', '10,375', 1, 13, 15904),
(1075, '995', '53,5007930822885', 1, 4, 15103),
(1076, '216902', '20,0142158309312', 1, 4, 15896),
(1077, '334', '50,526934406311', 1, 12, 15711),
(1078, '192', '180,239520958084', 1, 4, 15313),
(1079, '2855', '31,3650629116719', 1, 2, 15844),
(1080, '8450', '22,7923094120277', 1, 4, 15186),
(1081, '2674', '25,6578947368421', 1, 9, 15733),
(1082, '21225', '129,127914701389', 1, 2, 15324),
(1083, '1480', '76,7862393413703', 1, 4, 15453),
(1084, '25973', '23,080787019486', 1, 4, 15217),
(1085, '406', '106,171875', 1, 2, 15121),
(1086, '88', '77,4193548387097', 1, 4, 15792),
(1087, '471', '139,1796875', 1, 2, 15639),
(1088, '579', '-5,9574147387208', 1, 2, 15370),
(1089, '146', '50,7987541461394', 1, 9, 15777),
(1090, '18861', '85,430859237927', 1, 2, 15483),
(1091, '5976', '20,4991860255787', 1, 4, 15524),
(1092, '519', '-15,7027603616513', 1, 9, 15504),
(1093, '1657', '18,2749856728092', 10, 13, 15106),
(1094, '932', '23,4340300734035', 1, 2, 15920),
(1095, '3034', '32,3613686985693', 1, 2, 15440),
(1096, '2072', '30,9267660401815', 1, 2, 15531),
(1097, '4613', '61,0338345864662', 1, 4, 15101),
(1098, '5095', '8,1981981981982', 1, 8, 15102),
(1099, '2690', '24,3763989529193', 1, 4, 15993),
(1100, '6050', '20,5624259089092', 1, 4, 15530),
(1101, '29011', '5,59388219980475', 1, 8, 15251),
(1102, '343', '38,2592650637299', 25, 9, 15242),
(1103, '17473', '71,7848154108636', 1, 4, 15483),
(1104, '1390', '11,4649681528662', 1, 8, 15139),
(1105, '6708', '7,60330578512396', 1, 8, 15282),
(1106, '933', '132,059948979592', 1, 4, 15197),
(1107, '520', '23,4999975300001', 1, 9, 15171),
(1108, '727', '22,6595744680851', 1, 8, 15995),
(1109, '1504', '42,0375988634574', 1, 12, 15796),
(1110, '145218', '20,0148760330578', 1, 9, 15322),
(1111, '1268', '51,0043552133087', 1, 12, 15593),
(1112, '672', '25,3333333333333', 1, 8, 15516),
(1113, '1989', '74,3952338129496', 1, 4, 15637),
(1114, '9370', '30,4071337623259', 1, 2, 15532),
(1115, '10935', '6,61827497865073', 1, 8, 15529),
(1116, '4876', '10,1465191281139', 1, 13, 15144),
(1117, '476', '16,6620459346512', 1, 9, 15010),
(1118, '2392', '11,4074074074074', 1, 8, 15312),
(1119, '10660', '20,1790826164677', 1, 4, 15979),
(1120, '146', '50,7987541461394', 1, 9, 15988),
(1121, '672', '25,3333333333333', 1, 8, 15515),
(1122, '102', '77,7162258756253', 1, 4, 15586),
(1123, '156', '61,1274359369709', 1, 2, 15986),
(1124, '259', '48,2', 1, 8, 15313),
(1125, '2613', '20,3352476446897', 1, 4, 15889),
(1126, '796', '21,9592614392272', 1, 4, 15861),
(1127, '3579', '9,62121212121212', 1, 8, 15440),
(1128, '715', '24,4865929158179', 1, 9, 15774),
(1129, '15770', '25,0384867986633', 1, 4, 15570),
(1130, '774', '29', 1, 4, 15641),
(1131, '437', '106,647464445433', 1, 2, 15351),
(1132, '3919', '8,64801864801865', 1, 8, 15199),
(1133, '315', '31,2499825000024', 1, 2, 15781),
(1134, '8461', '6,81718061674009', 1, 8, 15658),
(1135, '672', '26,1538461538461', 1, 8, 15349),
(1136, '217', '44,281914893617', 1, 2, 15369),
(1137, '213', '41,6223404255319', 1, 4, 15369),
(1138, '318', '40', 1, 8, 15369),
(1139, '295', '324,476092089728', 1, 4, 15247),
(1140, '4579', '106,690972222222', 1, 2, 15337),
(1141, '4234', '91,1180555555556', 1, 4, 15337),
(1142, '4583', '9,78346456692914', 1, 8, 15337),
(1143, '15614', '5,88306208559372', 1, 8, 15484),
(1144, '3820', '106,916666666667', 1, 2, 15339),
(1145, '234', '62,9642857142857', 1, 2, 15912),
(1146, '1850', '20,5849106013456', 1, 4, 15317),
(1147, '3932', '9,40092165898618', 1, 8, 15526),
(1148, '5335', '10,175918001857', 1, 13, 15853),
(1149, '9794', '30,343026006641', 1, 2, 15362),
(1150, '79', '64,5833333333333', 1, 9, 15630),
(1151, '796', '22,7184466019418', 1, 8, 15565),
(1152, '519', '-15,7027603616513', 1, 9, 15558),
(1153, '8744', '7,07757704569607', 1, 8, 15538),
(1154, '556', '23,2479287254568', 1, 9, 15424),
(1155, '993', '23,6153846153846', 1, 8, 15638),
(1156, '11133', '6,52392947103274', 1, 8, 15845),
(1157, '3676', '10,3414634146341', 1, 8, 15847),
(1158, '75890', '5,09004502251126', 1, 8, 15365),
(1159, '1059', '21,5555555555555', 1, 8, 15405),
(1160, '897', '21,3157894736842', 1, 8, 15854),
(1161, '2690', '21,1014342011339', 1, 4, 15243),
(1162, '13999', '6,17292225201072', 1, 8, 15363),
(1163, '5729', '7,59677419354838', 1, 8, 15225),
(1164, '509', '24,7499608839022', 1, 4, 15007),
(1165, '2345', '12,5', 1, 8, 15801),
(1166, '1110', '116,346153846154', 1, 2, 15443),
(1167, '533', '28,9333333333333', 1, 8, 15915),
(1168, '4210', '20,8587530032506', 1, 4, 15805),
(1169, '2548', '31,32493180809', 1, 2, 15806),
(1170, '829', '21,0476190476191', 1, 8, 15435),
(1171, '4319', '35,0674531388323', 1, 2, 15846),
(1172, '4050', '26,6550556175668', 1, 4, 15846),
(1173, '5095', '8,1981981981982', 1, 8, 15846),
(1174, '4144', '68,9582496989161', 1, 4, 15588),
(1175, '533', '28,9333333333333', 1, 8, 15916),
(1176, '533', '28,9333333333333', 1, 8, 15917),
(1177, '533', '28,9333333333333', 1, 8, 15918),
(1178, '533', '28,9333333333333', 1, 8, 15919),
(1179, '2784', '41,2719891745598', 1, 12, 15990),
(1180, '3062', '34,122070874066', 1, 2, 15847),
(1181, '1584', '21,3960069171513', 1, 4, 15359),
(1182, '106698', '128,773120191128', 1, 2, 15323),
(1183, '2878', '26,0624820299027', 1, 4, 15847),
(1184, '2490', '37,6119487586442', 1, 2, 15851),
(1185, '2297', '26,9456410837774', 1, 4, 15851),
(1186, '2291', '179,915413533835', 1, 2, 15070),
(1187, '2949', '6,97160883280758', 1, 8, 15851),
(1188, '2589', '19,2299870463458', 1, 9, 15889),
(1189, '476', '182,987804878049', 1, 2, 15206),
(1190, '213', '41,6223404255319', 1, 4, 15210),
(1191, '1581', '16,3492063492063', 1, 8, 15103),
(1192, '890', '37,3022169278762', 1, 9, 15103),
(1193, '2758', '10,2359032341407', 1, 13, 15901),
(1194, '49857', '40,0424658125266', 1, 4, 15611),
(1195, '507', '28,5915492957746', 1, 8, 15053),
(1196, '317', '27,5850255588627', 1, 4, 15730),
(1197, '530', '25,8749974825001', 1, 4, 15168),
(1198, '3658', '32,4946784805461', 1, 2, 15064),
(1199, '5596', '171,772265391512', 1, 2, 15063),
(1200, '5210', '153,026001195457', 1, 4, 15063),
(1201, '5421', '7,80612244897959', 1, 8, 15063),
(1202, '579', '-5,9574147387208', 1, 2, 15506),
(1203, '6231', '161,863146551724', 1, 2, 15327),
(1204, '5818', '144,506465517241', 1, 4, 15327),
(1205, '6112', '8,50299401197606', 1, 8, 15327),
(1206, '11256', '6,2', 1, 8, 15685),
(1207, '108732', '121,328324443765', 1, 2, 15345),
(1208, '103554', '110,788298839805', 1, 4, 15345),
(1209, '98982', '5,13513513513514', 1, 8, 15345),
(1210, '213', '41,6223404255319', 1, 4, 15212),
(1211, '318', '40', 1, 8, 15212),
(1212, '5918', '33,2023488511301', 1, 4, 15746),
(1213, '353', '173,41515729266', 1, 2, 15246),
(1214, '2710', '10,8552631578947', 1, 8, 15811),
(1215, '1702', '12,2680412371134', 1, 8, 15065),
(1216, '1244', '19,3799212598424', 1, 4, 15908),
(1217, '547', '29,9124974017501', 1, 2, 15170),
(1218, '530', '25,8749974825001', 1, 4, 15170),
(1219, '4171', '18,266332946352', 1, 9, 15591),
(1220, '2319', '31,1651583710407', 1, 2, 15811),
(1221, '2144', '21,2669683257919', 1, 4, 15811),
(1222, '700', '-12,5', 1, 9, 15341),
(1223, '1516', '20,3974806874817', 1, 4, 15240),
(1224, '6550', '20,4044117647059', 1, 4, 15522),
(1225, '436', '129,883192731992', 1, 2, 15756),
(1226, '467', '104,511767876392', 1, 2, 15124),
(1227, '424', '85,6809198706432', 1, 4, 15124),
(1228, '716', '23,8297872340426', 1, 8, 15124),
(1229, '501', '68,0918788713008', 1, 2, 15250),
(1230, '1170', '12,2785433070865', 1, 9, 15931),
(1231, '1266', '21,4911417322833', 1, 2, 15932),
(1232, '716', '23,8297872340426', 1, 8, 15209),
(1233, '2397', '10,8921933085502', 1, 8, 15813),
(1234, '1951', '26,3780584785673', 1, 4, 15813),
(1235, '2023', '31,0419335223688', 1, 2, 15813),
(1236, '691', '70,1497626022829', 1, 4, 15762),
(1237, '794', '25,0943396226415', 1, 8, 15763),
(1238, '691', '117,991652106387', 1, 4, 15766),
(1239, '9196', '22,232931412598', 1, 2, 15245),
(1240, '10698', '10,1166326387264', 1, 13, 15644),
(1241, '103016', '120,878477099938', 1, 4, 15323),
(1242, '3672', '136,911064055055', 1, 2, 15321),
(1243, '10650', '39,2821338661121', 1, 12, 15189),
(1244, '2855', '8,19935691318328', 1, 8, 15732),
(1245, '37810', '159,697969178401', 1, 2, 15227),
(1246, '44187', '21,0297678393391', 1, 9, 15185),
(1247, '579', '-5,9574147387208', 1, 2, 15503),
(1248, '530', '-13,916113664114', 1, 4, 15503),
(1249, '796', '22,7184466019418', 1, 8, 15503),
(1250, '1057', '25,8766588804947', 1, 2, 15593),
(1251, '406', '106,171875', 1, 2, 15126),
(1252, '371', '88,3984375', 1, 4, 15126),
(1253, '49857', '40,0424658125266', 1, 9, 15611),
(1254, '61516', '7,20168954593453', 1, 8, 15611),
(1255, '18854', '6,01196410767697', 1, 8, 15669),
(1256, '8274', '72,13959542506', 1, 4, 15275),
(1257, '1908', '30,3607368546365', 1, 2, 15074),
(1258, '3671', '33,2667475872748', 1, 2, 15540),
(1259, '216', '276,071428571429', 1, 2, 15776),
(1260, '8074', '20,3935656738057', 1, 4, 15534),
(1261, '318', '40', 1, 8, 15211),
(1262, '217', '44,281914893617', 1, 2, 15212),
(1263, '76', '75,4838709677419', 50, 8, 15604),
(1264, '700', '-12,5', 1, 12, 15341),
(1265, '700', '-12,5', 1, 13, 15341),
(1266, '10469', '30,2925535988728', 1, 2, 15578),
(1267, '17690', '160,150197890774', 1, 2, 15266),
(1268, '47257', '115,392179503241', 1, 2, 15533),
(1269, '16311', '139,870541424331', 1, 4, 15266),
(1270, '48152', '5,49165848871442', 1, 8, 15533),
(1271, '874', '33,9100433390509', 1, 2, 15861),
(1272, '672', '25,3333333333333', 1, 8, 15519),
(1273, '14274', '30,2182353259722', 1, 2, 15816),
(1274, '184633', '63,9162699057316', 1, 2, 15137),
(1275, '4791', '133,258014581044', 1, 2, 15279),
(1276, '4538', '120,940277639069', 1, 4, 15279),
(1277, '5794', '7,59170653907496', 1, 8, 15279),
(1278, '168989', '50,0276035979467', 1, 4, 15137),
(1279, '544', '172', 1, 2, 15270),
(1280, '480', '140', 1, 4, 15270),
(1281, '826', '21,3333333333333', 1, 8, 15270),
(1282, '42233', '30,0266845187427', 1, 2, 15748),
(1283, '351', '41,269223883788', 1, 2, 15705),
(1284, '317', '27,5850255588627', 1, 4, 15705),
(1285, '1349', '18,2424242424242', 1, 8, 15724),
(1286, '480', '140', 1, 4, 15272),
(1287, '12148', '32,1759990668905', 1, 2, 15257),
(1288, '11036', '20,0769118951436', 1, 4, 15257),
(1289, '13053', '6,02591792656587', 1, 8, 15257),
(1290, '1270', '15,3333333333333', 1, 8, 15197),
(1291, '1113', '176,830357142857', 1, 2, 15198),
(1292, '1050', '161,160714285714', 1, 4, 15198),
(1293, '1270', '15,3333333333333', 1, 8, 15198),
(1294, '5999', '15,3198935331231', 1, 4, 15974),
(1295, '2534', '77,489224137931', 1, 2, 15731),
(1296, '2339', '63,8308189655173', 1, 4, 15731),
(1297, '8188', '32,1130996560025', 1, 2, 15286),
(1298, '7575', '22,2223656441401', 1, 4, 15286),
(1299, '7456', '20,3023047185094', 1, 9, 15286),
(1300, '970', '43,7280397675714', 1, 12, 15413),
(1301, '4716', '40,6422052022414', 1, 2, 15582),
(1302, '14719', '6,54603174603174', 1, 8, 15652),
(1303, '7020', '130,073413738857', 1, 2, 15180),
(1304, '6536', '114,210802307289', 1, 4, 15180),
(1305, '298696', '30,0127167807184', 1, 2, 15331),
(1306, '280310', '22,0098851032594', 1, 4, 15331),
(1307, '349223', '5,05084284937466', 1, 8, 15331),
(1308, '28582', '163,711508980449', 1, 2, 15256),
(1309, '50012', '19,5402799975065', 1, 4, 15068),
(1310, '1854', '14,1666666666667', 1, 8, 15081),
(1311, '610', '27,4864881042149', 1, 4, 15767),
(1312, '6451', '18,5845588235294', 1, 9, 15522),
(1313, '716', '132,731030804108', 1, 2, 15401),
(1314, '639', '107,702693692493', 1, 4, 15401),
(1315, '995', '23,4615384615385', 1, 8, 15401),
(1316, '64180', '5,26937269372694', 1, 8, 15461),
(1317, '4400', '24,4343891402715', 1, 4, 15695),
(1318, '4400', '24,4343891402715', 1, 9, 15695),
(1319, '4970', '40,5542986425339', 1, 12, 15695),
(1320, '3897', '10,2092760180996', 1, 13, 15695),
(1321, '2119', '11,3389121338912', 1, 8, 15360),
(1322, '3109', '30,8292004379096', 1, 2, 15812),
(1323, '2985', '25,6111815076102', 1, 4, 15812),
(1324, '3600', '9,09090909090909', 1, 8, 15812),
(1325, '2867', '20,6456473642608', 1, 9, 15812),
(1326, '1148', '32,3659580214509', 1, 2, 15815),
(1327, '1101', '26,9467942348584', 1, 4, 15815),
(1328, '1349', '11,25', 1, 8, 15815),
(1329, '1076', '24,0642603058198', 1, 9, 15815),
(1330, '826', '21,3333333333333', 1, 8, 15272),
(1331, '354', '37,4661615781923', 1, 2, 15380),
(1332, '547', '29,9124974017501', 1, 2, 15168),
(1333, '637', '29,2222222222222', 1, 8, 15168),
(1334, '520', '23,4999975300001', 1, 9, 15168),
(1335, '3257', '138,513970256872', 1, 2, 15034),
(1336, '3036', '122,329878323569', 1, 4, 15034),
(1337, '4099', '9,91208791208791', 1, 8, 15034),
(1338, '7998', '6,67444574095683', 1, 8, 15186),
(1339, '4318', '8,12765957446808', 1, 8, 15589),
(1340, '13948', '6,38926174496645', 1, 8, 15496),
(1341, '4513', '84,0030359293456', 1, 2, 15588),
(1342, '3656', '123,345864661654', 1, 4, 15035),
(1343, '1189', '16,8072256772972', 1, 4, 15665),
(1344, '1679', '13,4536082474227', 1, 8, 15665),
(1345, '1170', '12,2785433070865', 1, 9, 15908),
(1346, '10712', '82,8876218760507', 1, 2, 15662),
(1347, '17733', '129,226990692865', 1, 2, 15184),
(1348, '547', '29,9124974017501', 1, 2, 15171),
(1349, '351', '41,269223883788', 1, 2, 15053),
(1350, '530', '25,8749974825001', 1, 4, 15171),
(1351, '7836', '50,5201150557547', 1, 2, 15745),
(1352, '160679', '5,12576759565422', 1, 8, 15322),
(1353, '21029', '6,0786065207682', 1, 8, 15550),
(1354, '926', '22,6393903948194', 1, 4, 15920),
(1355, '9667', '33,2909786685222', 1, 2, 15845),
(1356, '25989', '139,787222968753', 1, 4, 15256),
(1357, '9184', '113,796594306016', 1, 4, 15215),
(1358, '24237', '25,0660496528265', 1, 4, 15608),
(1359, '23839', '23,0123182602521', 1, 9, 15608),
(1360, '29574', '8,52459016393443', 1, 8, 15608),
(1361, '4633', '20,3752819582473', 1, 4, 15579),
(1362, '1189', '83,4295909294885', 1, 2, 15103),
(1363, '40079', '117,094583333333', 1, 4, 15330),
(1364, '38275', '5,51715625771413', 1, 8, 15330),
(1365, '313', '38,7159090909091', 1, 4, 15827),
(1366, '4616', '20,6632337244746', 1, 4, 15581),
(1367, '351', '41,269223883788', 1, 2, 15703),
(1368, '317', '27,5850255588627', 1, 4, 15703),
(1369, '11816', '85,6699887830224', 1, 2, 15597),
(1370, '672', '26,1538461538461', 1, 8, 15348),
(1371, '1171', '63,6459408324734', 1, 2, 15464),
(1372, '234', '62,9642857142857', 1, 2, 15911),
(1373, '10979', '72,5178407962765', 1, 4, 15597),
(1374, '8935', '40,399572594474', 1, 12, 15597),
(1375, '867', '33,7539556962025', 1, 2, 15638),
(1376, '1349', '18,2424242424242', 1, 8, 15908),
(1377, '9420', '25,3656631593382', 1, 4, 15362),
(1378, '11439', '6,39116202945991', 1, 8, 15362),
(1379, '5329', '51,1007643901007', 1, 12, 15591),
(1380, '637', '29,2222222222222', 1, 8, 15171),
(1381, '547', '29,9124974017501', 1, 2, 15169),
(1382, '1692', '21,9290465631929', 1, 4, 15360),
(1383, '6474', '30,5407848610436', 1, 2, 15524),
(1384, '535', '28,6666666666667', 1, 8, 15827),
(1385, '354', '56,8863636363636', 1, 2, 15828),
(1386, '313', '38,7159090909091', 1, 4, 15828),
(1387, '3553', '31,0618729096993', 1, 2, 15810),
(1388, '3276', '20,8439897698212', 1, 4, 15810),
(1389, '4151', '8,96929824561403', 1, 8, 15810),
(1390, '610', '46,8821712333706', 1, 2, 15995),
(1391, '37413', '82,6075040048058', 1, 2, 15172);
INSERT INTO `lista_productos` (`id_lista_producto`, `importe`, `porcentaje`, `cantidadminima`, `fkIdListaPrecioProducto`, `fkIdProductoLista`) VALUES
(1392, '34872', '70,2052462955547', 1, 4, 15172),
(1393, '39652', '22,0803185787698', 1, 4, 15748),
(1394, '45736', '6,2594794015167', 1, 8, 15748),
(1395, '37533', '15,5563552208456', 1, 9, 15748),
(1396, '1729', '11,3333333333333', 1, 8, 15104),
(1397, '24829', '30,1520161290325', 1, 2, 15251),
(1398, '318', '40', 1, 8, 15210),
(1399, '4696', '33,716761020129', 1, 2, 15219),
(1400, '36958', '5,50242904627972', 1, 8, 15172),
(1401, '1372', '10,9090909090909', 1, 8, 15094),
(1402, '507', '28,5915492957746', 1, 8, 15705),
(1403, '9995', '70,6461707105234', 1, 4, 15662),
(1404, '519', '-15,7027603616513', 1, 9, 15565),
(1405, '579', '-5,9574147387208', 1, 2, 15566),
(1406, '530', '-13,916113664114', 1, 4, 15566),
(1407, '796', '22,7184466019418', 1, 8, 15566),
(1408, '579', '-5,9574147387208', 1, 2, 15564),
(1409, '11465', '6,40816326530611', 1, 8, 15662),
(1410, '530', '-13,916113664114', 1, 4, 15564),
(1411, '8032', '30,5199999999999', 1, 2, 15201),
(1412, '9011', '24,245888981282', 1, 4, 15845),
(1413, '1914', '31,0829985108594', 1, 2, 15220),
(1414, '1759', '20,4676041695934', 1, 4, 15220),
(1415, '796', '22,7184466019418', 1, 8, 15564),
(1416, '519', '-15,7027603616513', 1, 9, 15566),
(1417, '579', '-5,9574147387208', 1, 2, 15561),
(1418, '530', '-13,916113664114', 1, 4, 15561),
(1419, '796', '22,7184466019418', 1, 8, 15561),
(1420, '519', '-15,7027603616513', 1, 9, 15561),
(1421, '519', '-15,7027603616513', 1, 9, 15564),
(1422, '3344', '21,1214337996026', 1, 4, 15064),
(1423, '217', '44,281914893617', 1, 2, 15211),
(1424, '304', '26,66664977778', 1, 4, 15781),
(1425, '288', '19,9999840000021', 1, 9, 15781),
(1426, '2231', '11,8181818181818', 1, 8, 15220),
(1427, '501', '68,0918788713008', 1, 2, 15880),
(1428, '412', '38,2312456985547', 1, 4, 15880),
(1429, '793', '23,0097087378641', 1, 8, 15880),
(1430, '530', '25,8749974825001', 1, 4, 15169),
(1431, '637', '29,2222222222222', 1, 8, 15169),
(1432, '520', '23,4999975300001', 1, 9, 15169),
(1433, '436', '131,032608695652', 1, 2, 15514),
(1434, '395', '109,307065217391', 1, 4, 15514),
(1435, '672', '25,3333333333333', 1, 8, 15514),
(1436, '1296', '12,7823317705322', 1, 13, 15989),
(1437, '187', '45', 1, 8, 15586),
(1438, '8136', '15,2491646084556', 1, 2, 15973),
(1439, '8136', '15,2491646084556', 1, 4, 15973),
(1440, '3507', '5,23913', 1, 8, 15973),
(1441, '610', '46,8821712333706', 1, 2, 15996),
(1442, '544', '30,9900018868092', 1, 4, 15996),
(1443, '727', '22,6595744680851', 1, 8, 15996),
(1444, '610', '46,8821712333706', 1, 2, 15997),
(1445, '544', '30,9900018868092', 1, 4, 15997),
(1446, '727', '22,6595744680851', 1, 8, 15997),
(1447, '637', '29,2222222222222', 1, 8, 15170),
(1448, '520', '23,4999975300001', 1, 9, 15170),
(1449, '1896', '133,881578947368', 1, 2, 15076),
(1450, '476', '182,987804878049', 1, 2, 15208),
(1451, '476', '182,987804878049', 1, 2, 15204),
(1452, '446', '165,15243902439', 1, 4, 15204),
(1453, '829', '21,0476190476191', 1, 8, 15204),
(1454, '840', '74,5226730310263', 1, 2, 15761),
(1455, '780', '62,0567678145244', 1, 4, 15761),
(1456, '953', '24,3650793650794', 1, 8, 15761),
(1457, '4671', '32,0984162895928', 1, 2, 15695),
(1458, '8584', '15,2333746385791', 1, 9, 15795),
(1459, '579', '-5,9574147387208', 1, 2, 15562),
(1460, '530', '-13,916113664114', 1, 4, 15562),
(1461, '519', '-15,7027603616513', 1, 9, 15562),
(1462, '579', '-5,9574147387208', 1, 2, 15563),
(1463, '530', '-13,916113664114', 1, 4, 15563),
(1464, '796', '22,7184466019418', 1, 8, 15563),
(1465, '5859', '33,5850684700864', 1, 2, 15883),
(1466, '13533', '105,52453271028', 1, 2, 15496),
(1467, '13029', '97,8703271028037', 1, 4, 15496),
(1468, '631', '156,34375', 1, 2, 15161),
(1469, '579', '135,21875', 1, 4, 15161),
(1470, '903', '17,1559633027523', 1, 8, 15161),
(1471, '631', '156,34375', 1, 2, 15162),
(1472, '579', '135,21875', 1, 4, 15162),
(1473, '903', '17,1559633027523', 1, 8, 15162),
(1474, '631', '156,34375', 1, 2, 15163),
(1475, '579', '135,21875', 1, 4, 15163),
(1476, '903', '17,1559633027523', 1, 8, 15163),
(1477, '2972', '34,9699759924199', 1, 2, 15903),
(1478, '2810', '27,6129315406124', 1, 4, 15903),
(1479, '7555', '5,44430538172716', 1, 8, 15524),
(1480, '7584', '5,08135168961201', 1, 8, 15180),
(1481, '579', '-5,9574147387208', 1, 2, 15560),
(1482, '530', '-13,916113664114', 1, 4, 15560),
(1483, '796', '22,7184466019418', 1, 8, 15560),
(1484, '519', '-15,7027603616513', 1, 9, 15560),
(1485, '13859', '78,737103174603', 1, 2, 15652),
(1486, '12794', '65,001984126984', 1, 4, 15652),
(1487, '748', '84,185271239519', 1, 2, 15763),
(1488, '12399', '113,564374801258', 1, 4, 15216),
(1489, '14552', '6,05551969012265', 1, 8, 15216),
(1490, '413', '151,673762553219', 1, 4, 15164),
(1491, '4634', '9,4921875', 1, 8, 15588),
(1492, '2019', '142,011925252029', 1, 2, 15143),
(1493, '1892', '126,788787804279', 1, 4, 15143),
(1494, '2718', '10,8852459016393', 1, 8, 15143),
(1495, '610', '46,8821712333706', 1, 2, 15998),
(1496, '899', '144,784684986595', 1, 2, 15319),
(1497, '800', '117,828418230563', 1, 4, 15319),
(1498, '959', '26,2307692307692', 1, 8, 15319),
(1499, '3411', '31,0640665441199', 1, 2, 15863),
(1500, '426', '33,4375', 1, 8, 15614),
(1501, '2996', '36,1310466958711', 1, 2, 15574),
(1502, '2718', '23,4993941653463', 1, 4, 15574),
(1503, '3496', '10,1285347043702', 1, 8, 15574),
(1504, '2013', '27,198639014906', 1, 4, 15531),
(1505, '7411', '20,4287499999999', 1, 4, 15201),
(1506, '3223', '48,4272878525966', 1, 12, 15889),
(1507, '519', '-15,7027603616513', 1, 9, 15507),
(1508, '519', '-15,7027603616513', 1, 9, 15508),
(1509, '519', '-15,7027603616513', 1, 9, 15509),
(1510, '519', '-15,7027603616513', 1, 9, 15491),
(1511, '519', '-15,7027603616513', 1, 9, 15492),
(1512, '3354', '10,56', 1, 8, 15243),
(1513, '10290', '129,6875', 1, 2, 15061),
(1514, '9575', '113,727678571429', 1, 4, 15061),
(1515, '7012', '16,6489220122438', 1, 13, 15325),
(1516, '10931', '23,2342919400196', 1, 2, 15979),
(1517, '11502', '6,33550488599349', 1, 8, 15061),
(1518, '11973', '170,464371107651', 1, 2, 15144),
(1519, '11091', '150,540410920819', 1, 4, 15144),
(1520, '6215', '40,3938917927047', 1, 12, 15144),
(1521, '156259', '120,849155641062', 1, 2, 15190),
(1522, '150669', '112,94851132596', 1, 4, 15190),
(1523, '793', '23,0097087378641', 1, 8, 15766),
(1524, '437', '106,647464445433', 1, 2, 15127),
(1525, '395', '86,7866097390065', 1, 4, 15127),
(1526, '672', '26,1538461538461', 1, 8, 15127),
(1527, '14115', '29,891560654049', 1, 2, 15668),
(1528, '3830', '30,7510504201681', 1, 2, 15066),
(1529, '3519', '20,1339285714286', 1, 4, 15066),
(1530, '22917', '20,1294354838712', 1, 4, 15251),
(1531, '7095', '30,4227941176471', 1, 2, 15522),
(1532, '3145', '20,843297942321', 1, 4, 15863),
(1533, '719', '197,044491525424', 1, 2, 15297),
(1534, '674', '178,453389830508', 1, 4, 15297),
(1535, '49995', '33,056888532215', 1, 2, 15587),
(1536, '2422', '9,9628252788104', 1, 8, 15531),
(1537, '46220', '23,0100887680563', 1, 4, 15587),
(1538, '57114', '5,26787195223089', 1, 8, 15587),
(1539, '869', '137,871855463184', 1, 2, 15087),
(1540, '535', '28,6666666666667', 1, 8, 15829),
(1541, '2813', '99,757829570284', 1, 4, 15500),
(1542, '29914', '30,0326468272625', 1, 2, 15244),
(1543, '28092', '22,1126266855472', 1, 4, 15244),
(1544, '34982', '5,65803667745415', 1, 8, 15244),
(1545, '936', '64,5485378807611', 1, 2, 15419),
(1546, '770', '35,3657843677201', 1, 4, 15419),
(1547, '1194', '17,0833333333333', 1, 8, 15419),
(1548, '2431', '10,401080631754', 1, 13, 15903),
(1549, '1108', '187,161084529506', 1, 2, 15084),
(1550, '313', '25,9751198735773', 1, 9, 15053),
(1551, '313', '25,9751198735773', 1, 9, 15730),
(1552, '3987', '10,6053811659193', 1, 8, 15903),
(1553, '313', '25,9751198735773', 1, 9, 15705),
(1554, '35772', '145,699967031202', 1, 4, 15227),
(1555, '559', '51,3958333333334', 1, 2, 15819),
(1556, '473', '28,1041666666667', 1, 4, 15819),
(1557, '726', '22,7659574468085', 1, 8, 15819),
(1558, '826', '21,3333333333333', 1, 8, 15271),
(1559, '480', '140', 1, 4, 15273),
(1560, '826', '21,3333333333333', 1, 8, 15273),
(1561, '33592', '159,644655563871', 1, 2, 15274),
(1562, '31018', '139,749283349611', 1, 4, 15274),
(1563, '34184', '5,41228555617045', 1, 8, 15274),
(1564, '1789', '133,895812441648', 1, 2, 15396),
(1565, '1594', '108,4012996266', 1, 4, 15396),
(1566, '156', '61,1274359369709', 1, 2, 15583),
(1567, '148', '52,8644905043057', 1, 4, 15583),
(1568, '146', '50,7987541461394', 1, 9, 15583),
(1569, '13252', '129,546262080728', 1, 2, 15183),
(1570, '12335', '113,662325895395', 1, 4, 15183),
(1571, '1786', '14,9523809523809', 1, 8, 15453),
(1572, '1540', '24,2897727272727', 1, 2, 15870),
(1573, '1474', '18,9630681818182', 1, 4, 15870),
(1574, '1471', '18,7209452479339', 2, 9, 15870),
(1575, '3340', '9,97304582210242', 1, 8, 15993),
(1576, '3182', '32,9492277893005', 1, 2, 15994),
(1577, '72832', '108,167314326453', 1, 2, 15365),
(1578, '67973', '94,2793944517797', 1, 4, 15365),
(1579, '2771', '30,7179059472637', 1, 2, 15754),
(1580, '2690', '26,8968484294982', 1, 4, 15754),
(1581, '2617', '23,453179308549', 1, 9, 15754),
(1582, '2979', '24,4675517235468', 1, 4, 15994),
(1583, '3731', '9,44174757281553', 1, 8, 15994),
(1584, '2390', '141,226708074534', 1, 2, 15023),
(1585, '2228', '124,875776397516', 1, 4, 15023),
(1586, '2718', '10,8852459016393', 1, 8, 15023),
(1587, '3411', '193,27380952381', 1, 2, 15024),
(1588, '3175', '172,982804232804', 1, 4, 15024),
(1589, '4099', '9,91208791208791', 1, 8, 15024),
(1590, '3411', '193,27380952381', 1, 2, 15025),
(1591, '3175', '172,982804232804', 1, 4, 15025),
(1592, '4099', '9,91208791208791', 1, 8, 15025),
(1593, '3980', '130,982142857143', 1, 2, 15026),
(1594, '3833', '122,450892857143', 1, 4, 15026),
(1595, '4099', '9,91208791208791', 1, 8, 15026),
(1596, '2279', '164,526785714286', 1, 2, 15028),
(1597, '2012', '133,535714285714', 1, 4, 15028),
(1598, '2718', '10,8852459016393', 1, 8, 15028),
(1599, '3392', '214,971428571429', 1, 2, 15029),
(1600, '2078', '92,9571428571429', 1, 4, 15029),
(1601, '4099', '9,91208791208791', 1, 8, 15029),
(1602, '3256', '139,195298372514', 1, 2, 15030),
(1603, '3033', '122,813065099457', 1, 4, 15030),
(1604, '4099', '9,91208791208791', 1, 8, 15030),
(1605, '2291', '179,915413533835', 1, 2, 15031),
(1606, '2136', '160,977443609023', 1, 4, 15031),
(1607, '2718', '10,8852459016393', 1, 8, 15031),
(1608, '3359', '224,903273809524', 1, 2, 15033),
(1609, '3133', '203,043154761905', 1, 4, 15033),
(1610, '4099', '9,91208791208791', 1, 8, 15033),
(1611, '4099', '9,91208791208791', 1, 8, 15035),
(1612, '3779', '130,859962406015', 1, 2, 15036),
(1613, '3656', '123,345864661654', 1, 4, 15036),
(1614, '4099', '9,91208791208791', 1, 8, 15036),
(1615, '3133', '139,244595864662', 1, 2, 15037),
(1616, '2931', '123,819313909774', 1, 4, 15037),
(1617, '3434', '8,91246684350132', 1, 8, 15037),
(1618, '3460', '154,181735985533', 1, 2, 15038),
(1619, '3196', '134,787522603978', 1, 4, 15038),
(1620, '4099', '9,91208791208791', 1, 8, 15038),
(1621, '4618', '131,042179802956', 1, 2, 15040),
(1622, '4300', '115,132389162562', 1, 4, 15040),
(1623, '4778', '8,11538461538461', 1, 8, 15040),
(1624, '4588', '139,880952380952', 1, 2, 15041),
(1625, '4286', '124,091055341055', 1, 4, 15041),
(1626, '4778', '9,67863894139886', 1, 8, 15041),
(1627, '2776', '147,857142857143', 1, 2, 15042),
(1628, '2505', '123,660714285714', 1, 4, 15042),
(1629, '3434', '8,91246684350132', 1, 8, 15042),
(1630, '2776', '147,857142857143', 1, 2, 15043),
(1631, '2505', '123,660714285714', 1, 4, 15043),
(1632, '3434', '8,91246684350132', 1, 8, 15043),
(1633, '2291', '179,915413533835', 1, 2, 15022),
(1634, '2136', '160,977443609023', 1, 4, 15022),
(1635, '2718', '10,8852459016393', 1, 8, 15022),
(1636, '2535', '194,241071428571', 1, 2, 15044),
(1637, '2273', '163,830357142857', 1, 4, 15044),
(1638, '2718', '10,8852459016393', 1, 8, 15044),
(1639, '1754', '40,5448717948718', 1, 2, 15048),
(1640, '1658', '32,8525641025641', 1, 4, 15048),
(1641, '2309', '20,3793103448276', 1, 8, 15048),
(1642, '1098', '23,5231002147187', 1, 4, 15139),
(1643, '869', '137,871855463184', 1, 2, 15393),
(1644, '3469', '33,8730170038949', 1, 2, 15872),
(1645, '3197', '23,3761992970458', 1, 4, 15872),
(1646, '3956', '8,84792626728111', 1, 8, 15872),
(1647, '790', '116,247141330167', 1, 4, 15393),
(1648, '44032', '100,692986179544', 1, 4, 15533),
(1649, '790', '116,247141330167', 1, 4, 15087),
(1650, '354', '37,4661615781923', 1, 2, 15567),
(1651, '351', '36,3011941071907', 1, 4, 15567),
(1652, '419', '28,9830508474576', 1, 8, 15567),
(1653, '317', '23,0982294358389', 1, 9, 15567),
(1654, '995', '23,4615384615385', 1, 8, 15087),
(1655, '995', '23,4615384615385', 1, 8, 15393),
(1656, '2064', '24,337708928315', 1, 4, 15874),
(1657, '2508', '14,1095890410959', 1, 8, 15874),
(1658, '3020', '162,901785714286', 1, 2, 15202),
(1659, '313', '25,9751198735773', 1, 9, 15703),
(1660, '3815', '15,6024676777724', 1, 2, 15972),
(1661, '5869', '6,98890649762282', 1, 8, 15101),
(1662, '154170', '5,12615384615384', 1, 8, 15276),
(1663, '5570', '9,13539967373572', 1, 8, 15581),
(1664, '4389', '80,9036144578313', 1, 2, 15102),
(1665, '189', '76,4472596340204', 1, 4, 15085),
(1666, '5592', '8,77650897226754', 1, 8, 15579),
(1667, '2059', '40,6775456937613', 1, 12, 15072),
(1668, '14610', '91,3680672359222', 1, 4, 15573),
(1669, '15594', '5,94692400482509', 1, 8, 15573),
(1670, '5744', '30,5028661975111', 1, 2, 15282),
(1671, '2718', '10,8852459016393', 1, 8, 15070),
(1672, '436', '131,032608695652', 1, 2, 15517),
(1673, '1621', '10,7519677365648', 1, 13, 15072),
(1674, '1997', '15,3813559322034', 1, 8, 15072),
(1675, '3871', '8,91764705882353', 1, 8, 15339),
(1676, '12396', '6,09090909090909', 1, 8, 15577),
(1677, '8295', '7,00672645739911', 1, 8, 15522),
(1678, '2267', '176,983082706767', 1, 2, 15032),
(1679, '1995', '143,75', 1, 4, 15032),
(1680, '2718', '10,8852459016393', 1, 8, 15032),
(1681, '419', '28,9830508474576', 1, 8, 15384),
(1682, '1999', '31,5451121729975', 1, 2, 15801),
(1683, '2836', '23,7234151711083', 1, 4, 15440),
(1684, '6179', '31,6145628522742', 1, 2, 15285),
(1685, '5664', '20,6449075894612', 1, 4, 15285),
(1686, '544', '172', 1, 2, 15271),
(1687, '26149', '70,6497337370784', 1, 4, 15612),
(1688, '3395', '51,6146987748639', 1, 12, 15595),
(1689, '194', '237,767857142857', 1, 4, 15776),
(1690, '3779', '130,859962406015', 1, 2, 15035),
(1691, '672', '26,1538461538461', 1, 8, 15091),
(1692, '370', '121,706850334214', 1, 2, 15702),
(1693, '290', '73,7702340457354', 1, 4, 15702),
(1694, '6295', '7,42647058823529', 1, 8, 15974),
(1695, '3815', '15,6024676777724', 1, 4, 15972),
(1696, '793', '23,0097087378641', 1, 8, 15702),
(1697, '436', '131,032608695652', 1, 2, 15518),
(1698, '3239', '8,7605633802817', 1, 8, 15500),
(1699, '790', '123,079819277108', 1, 2, 15405),
(1700, '1526', '126,112359469396', 1, 2, 15413),
(1701, '395', '109,307065217391', 1, 4, 15518),
(1702, '672', '25,3333333333333', 1, 8, 15518),
(1703, '84674', '129,873025295816', 1, 2, 15174),
(1704, '1433', '33,2012927582656', 1, 2, 15882),
(1705, '1786', '14,9523809523809', 1, 8, 15882),
(1706, '1753', '116,241776315789', 1, 4, 15076),
(1707, '189', '65,3749801550024', 1, 2, 15791),
(1708, '175', '53,1249816250022', 1, 4, 15791),
(1709, '6072', '15,1789883268484', 1, 4, 15971),
(1710, '6314', '8,35994194484761', 1, 8, 15971),
(1711, '3779', '30,4100680575601', 1, 2, 15727),
(1712, '3664', '26,4415161055571', 1, 4, 15727),
(1713, '3576', '23,4047111335896', 1, 9, 15727),
(1714, '5212', '30,6873573271176', 1, 2, 15138),
(1715, '4797', '20,2815144087074', 1, 4, 15138),
(1716, '6074', '8,66165413533835', 1, 8, 15138),
(1717, '419', '28,9830508474576', 1, 8, 15569),
(1718, '317', '23,0982294358389', 1, 9, 15569),
(1719, '3494', '31,0624052104471', 1, 2, 15576),
(1720, '3341', '25,3232672604761', 1, 4, 15576),
(1721, '3199', '19,9967470716142', 1, 9, 15576),
(1722, '96', '24,1379310344828', 1, 13, 15596),
(1723, '318', '40', 1, 8, 15596),
(1724, '394', '36,8055555555556', 1, 2, 15622),
(1725, '376', '30,5555555555556', 1, 4, 15622),
(1726, '545', '28,2894736842105', 1, 8, 15622),
(1727, '6072', '15,1789883268484', 1, 2, 15971),
(1728, '1456', '137,6138189609', 1, 2, 15148),
(1729, '1379', '125,047703535083', 1, 4, 15148),
(1730, '1877', '12,6976744186046', 1, 8, 15148),
(1731, '714', '33,0561987640458', 1, 2, 15109),
(1732, '690', '28,5837214946661', 1, 4, 15109),
(1733, '853', '17,1844660194175', 1, 8, 15109),
(1734, '5669', '33,5606756234293', 1, 2, 15991),
(1735, '5253', '23,7597863908757', 1, 4, 15991),
(1736, '6475', '7,23495702005731', 1, 8, 15991),
(1737, '5359', '349,549592180886', 1, 2, 15145),
(1738, '5153', '332,268902501979', 1, 4, 15145),
(1739, '3744', '9,34624697336561', 1, 8, 15145),
(1740, '3493', '31,0248945048917', 1, 2, 15526),
(1741, '354', '37,4661615781923', 1, 2, 15568),
(1742, '351', '36,3011941071907', 1, 4, 15568),
(1743, '3274', '36,2073497309261', 1, 2, 15894),
(1744, '3027', '25,9314745374201', 1, 4, 15894),
(1745, '3387', '40,9084586251212', 1, 12, 15894),
(1746, '1036', '23,3757981080345', 1, 13, 15593),
(1747, '20476', '121,042317146084', 1, 4, 15324),
(1748, '21414', '5,74823943661971', 1, 8, 15324),
(1749, '3976', '8,80733944954129', 1, 8, 15863),
(1750, '305', '90,625', 1, 2, 15983),
(1751, '290', '81,25', 1, 4, 15983),
(1752, '314', '38,4313725490196', 1, 8, 15983),
(1753, '260', '62,5', 1, 9, 15983),
(1754, '46676', '68,8328599538789', 1, 4, 15700),
(1755, '52453', '5,30240115544322', 1, 8, 15700),
(1756, '61472', '25,0344216413238', 1, 2, 15691),
(1757, '1566', '87,0589532490445', 1, 2, 15453),
(1758, '2912', '31,0956789567665', 1, 2, 15243),
(1759, '8935', '85,8916225674294', 1, 2, 15275),
(1760, '12720', '128,369191335155', 1, 2, 15334),
(1761, '11879', '113,270253448923', 1, 4, 15334),
(1762, '13955', '6,40509725016767', 1, 8, 15334),
(1763, '2182', '31,4461632178214', 1, 2, 15874),
(1764, '211', '207,971556886228', 1, 2, 15313),
(1765, '519', '-15,7027603616513', 1, 9, 15563),
(1766, '579', '-5,9574147387208', 1, 2, 15565),
(1767, '1519', '16,4144788555258', 1, 9, 15359),
(1768, '1829', '13,7264150943396', 1, 8, 15359),
(1769, '519', '-15,7027603616513', 1, 9, 15501),
(1770, '519', '-15,7027603616513', 1, 9, 15502),
(1771, '519', '-15,7027603616513', 1, 9, 15505),
(1772, '2871', '20,7790844112443', 1, 4, 15850),
(1773, '313', '38,7159090909091', 1, 4, 15830),
(1774, '462', '181,533361500211', 1, 2, 15164),
(1775, '1949', '18,3824445551955', 1, 2, 15848),
(1776, '14375', '6,22961513372472', 1, 8, 15183),
(1777, '3016', '117,140241020794', 1, 2, 15510),
(1778, '2789', '100,797126063327', 1, 4, 15510),
(1779, '3510', '9,76863753213367', 1, 8, 15510),
(1780, '3671', '131,216085271318', 1, 2, 15254),
(1781, '3419', '115,343992248062', 1, 4, 15254),
(1782, '4235', '8,72844827586206', 1, 8, 15254),
(1783, '4853', '161,997508305648', 1, 2, 15258),
(1784, '4473', '141,482558139535', 1, 4, 15258),
(1785, '4778', '9,67863894139886', 1, 8, 15258),
(1786, '2686', '164,797775530839', 1, 2, 15259),
(1787, '2479', '144,390798786653', 1, 4, 15259),
(1788, '2718', '10,8852459016393', 1, 8, 15259),
(1789, '2357', '132,363498483317', 1, 2, 15260),
(1790, '2214', '118,265925176946', 1, 4, 15260),
(1791, '2718', '10,8852459016393', 1, 8, 15260),
(1792, '2357', '132,363498483317', 1, 2, 15261),
(1793, '2214', '118,265925176946', 1, 4, 15261),
(1794, '2718', '10,8852459016393', 1, 8, 15261),
(1795, '2357', '132,363498483317', 1, 2, 15262),
(1796, '2214', '118,265925176946', 1, 4, 15262),
(1797, '2718', '10,8852459016393', 1, 8, 15262),
(1798, '2357', '132,363498483317', 1, 2, 15263),
(1799, '2214', '118,265925176946', 1, 4, 15263),
(1800, '2718', '10,8852459016393', 1, 8, 15263),
(1801, '1430', '165,773922988944', 1, 2, 15264),
(1802, '1331', '147,37418985894', 1, 4, 15264),
(1803, '2067', '12,4152542372881', 1, 8, 15264),
(1804, '1430', '165,773922988944', 1, 2, 15265),
(1805, '1331', '147,37418985894', 1, 4, 15265),
(1806, '2067', '12,4152542372881', 1, 8, 15265),
(1807, '3824', '30,8302337006106', 1, 2, 15799),
(1808, '3517', '20,3268650431609', 1, 4, 15799),
(1809, '4468', '6,33123689727462', 1, 8, 15799),
(1810, '1999', '31,5451121729975', 1, 2, 15800),
(1811, '1852', '21,8717097270592', 1, 4, 15800),
(1812, '2345', '12,5', 1, 8, 15800),
(1813, '544', '172', 1, 2, 15273),
(1814, '1388', '11,025641025641', 1, 8, 15297),
(1815, '7507', '161,404464285715', 1, 2, 15326),
(1816, '7016', '144,307142857144', 1, 4, 15326),
(1817, '7393', '6,53603034134007', 1, 8, 15326),
(1818, '7257', '161,670673076924', 1, 2, 15328),
(1819, '6773', '144,21875', 1, 4, 15328),
(1820, '7393', '6,53603034134007', 1, 8, 15328),
(1821, '276', '38,0065139074564', 1, 2, 15157),
(1822, '265', '32,5062542952028', 1, 4, 15157),
(1823, '425', '27,9661016949153', 1, 8, 15157),
(1824, '262', '31,0061834918608', 1, 9, 15157),
(1825, '22850', '118,045447605476', 1, 4, 15226),
(1826, '572', '26,794631710362', 1, 4, 15424),
(1827, '1149', '36,4458491669103', 1, 2, 15881),
(1828, '1062', '26,1144402221573', 1, 4, 15881),
(1829, '1300', '13,3333333333333', 1, 8, 15881),
(1830, '512', '121,90423954218', 1, 4, 15418),
(1831, '412', '38,2312456985547', 1, 4, 15250),
(1832, '5330', '8,10344827586206', 1, 8, 15805),
(1833, '793', '23,0097087378641', 1, 8, 15250),
(1834, '5311', '20,6651675443909', 1, 4, 15282),
(1835, '295', '77,7071834582746', 1, 2, 15775),
(1836, '269', '62,0448554246639', 1, 4, 15775),
(1837, '478', '32,6760563380282', 1, 8, 15775),
(1838, '191', '53,7017167381974', 1, 2, 15786),
(1839, '535', '28,6666666666667', 1, 8, 15828),
(1840, '354', '56,8863636363636', 1, 2, 15829),
(1841, '313', '38,7159090909091', 1, 4, 15829),
(1842, '507', '28,5915492957746', 1, 8, 15730),
(1843, '148', '52,8644905043057', 1, 4, 15986),
(1844, '146', '50,7987541461394', 1, 9, 15986),
(1845, '4389', '30,6552373549307', 1, 2, 15755),
(1846, '4092', '21,8139055038452', 1, 4, 15755),
(1847, '5236', '8,14035087719299', 1, 8, 15755),
(1848, '2387', '141,754788714838', 1, 2, 15146),
(1849, '2216', '124,435949640587', 1, 4, 15146),
(1850, '579', '-5,9574147387208', 1, 2, 15935),
(1851, '530', '-13,916113664114', 1, 4, 15935),
(1852, '796', '22,7184466019418', 1, 8, 15935),
(1853, '519', '-15,7027603616513', 1, 9, 15935),
(1854, '579', '-5,9574147387208', 1, 2, 15934),
(1855, '530', '-13,916113664114', 1, 4, 15934),
(1856, '796', '22,7184466019418', 1, 8, 15934),
(1857, '519', '-15,7027603616513', 1, 9, 15934),
(1858, '579', '-5,9574147387208', 1, 2, 15933),
(1859, '530', '-13,916113664114', 1, 4, 15933),
(1860, '796', '22,7184466019418', 1, 8, 15933),
(1861, '519', '-15,7027603616513', 1, 9, 15933),
(1862, '317', '23,0982294358389', 1, 9, 15568),
(1863, '2050', '78,4598214285714', 1, 2, 15134),
(1864, '39664', '128,84431031422', 1, 2, 15252),
(1865, '579', '150,94248963852', 1, 2, 15418),
(1866, '2342', '20,0962575093492', 1, 9, 15232),
(1867, '11500', '23,1912524698239', 1, 2, 15552),
(1868, '3891', '8,66197183098592', 1, 8, 15576),
(1869, '3619', '93,8749999999994', 1, 2, 15199),
(1870, '450', '56,6964285714286', 1, 2, 15936),
(1871, '389', '35,4553571428571', 1, 4, 15936),
(1872, '615', '23,125', 1, 8, 15936),
(1873, '141599', '72,0916664464503', 1, 2, 15747),
(1874, '134156', '63,0458520454946', 1, 4, 15747),
(1875, '145418', '5,15392642838508', 1, 8, 15747),
(1876, '295', '59,7916666666667', 1, 2, 15915),
(1877, '10213', '6,81569343065694', 1, 8, 15534),
(1878, '254', '37,5833333333333', 1, 4, 15915),
(1879, '478', '34,5205479452055', 1, 8, 15912),
(1880, '234', '62,9642857142857', 1, 2, 15913),
(1881, '295', '59,7916666666667', 1, 2, 15916),
(1882, '254', '37,5833333333333', 1, 4, 15916),
(1883, '295', '59,7916666666667', 1, 2, 15917),
(1884, '254', '37,5833333333333', 1, 4, 15917),
(1885, '295', '59,7916666666667', 1, 2, 15918),
(1886, '254', '37,5833333333333', 1, 4, 15918),
(1887, '295', '59,7916666666667', 1, 2, 15919),
(1888, '254', '37,5833333333333', 1, 4, 15919),
(1889, '1758', '20,1122512528569', 1, 9, 15075),
(1890, '3139', '31,0358188761965', 1, 2, 15536),
(1891, '2935', '22,5199517048859', 1, 4, 15536),
(1892, '151264', '25,0115702479339', 1, 2, 15322),
(1893, '147634', '22,0115702479339', 1, 4, 15322),
(1894, '80', '61,2903225806452', 1, 9, 15792),
(1895, '549', '118,515267798824', 1, 4, 15435),
(1896, '85379', '5,23973362930079', 1, 8, 15174),
(1897, '395', '86,7866097390065', 1, 4, 15351),
(1898, '672', '26,1538461538461', 1, 8, 15351),
(1899, '1599', '121,452414772727', 1, 2, 15131),
(1900, '1460', '102,201704545455', 1, 4, 15131),
(1901, '1639', '14,6354166666667', 1, 8, 15131),
(1902, '3010', '40,9231976999836', 1, 4, 15222),
(1903, '4453', '6,05485232067511', 1, 8, 15222),
(1904, '354', '56,8863636363636', 1, 2, 15827),
(1905, '6554', '44,971775406558', 1, 12, 15858),
(1906, '3299', '10,8378378378378', 1, 8, 15615),
(1907, '2178', '10,5209742895802', 1, 13, 15990),
(1908, '3016', '5,45454545454545', 1, 8, 15990),
(1909, '354', '37,4661615781923', 1, 2, 15382),
(1910, '8781', '22,2097162824956', 1, 4, 15532),
(1911, '10935', '6,61827497865073', 1, 8, 15532),
(1912, '32851', '116,49488194405', 1, 2, 15231),
(1913, '530', '-13,916113664114', 1, 4, 15370),
(1914, '2486', '116,415178571429', 1, 4, 15202),
(1915, '3069', '4,09375', 1, 8, 15202),
(1916, '134970', '30,0292100885375', 1, 2, 15817),
(1917, '148', '52,8644905043057', 1, 4, 15790),
(1918, '124583', '20,0224426202879', 1, 4, 15817),
(1919, '157795', '5,08571428571429', 1, 8, 15817),
(1920, '7169', '7,49677419354839', 1, 8, 15285),
(1921, '254', '14,4725788598892', 1, 13, 15711),
(1922, '477', '25,46875', 1, 8, 15711),
(1923, '188', '44,7058823529412', 1, 8, 15786),
(1924, '1266', '21,4911417322833', 1, 2, 15725),
(1925, '19340', '129,077881498831', 1, 2, 15177),
(1926, '148', '19,0987124463519', 1, 9, 15786),
(1927, '191', '53,7017167381974', 1, 2, 15787),
(1928, '154', '23,9270386266094', 1, 4, 15787),
(1929, '34868', '5,17269513190101', 1, 8, 15227),
(1930, '188', '44,7058823529412', 1, 8, 15787),
(1931, '148', '19,0987124463519', 1, 9, 15787),
(1932, '191', '53,7017167381974', 1, 2, 15785),
(1933, '154', '23,9270386266094', 1, 4, 15785),
(1934, '188', '44,7058823529412', 1, 8, 15785),
(1935, '148', '19,0987124463519', 1, 9, 15785),
(1936, '191', '53,7017167381974', 1, 2, 15784),
(1937, '211', '46,9464285714286', 1, 4, 15912),
(1938, '799', '140,89876004647', 1, 2, 15417),
(1939, '480', '140', 1, 4, 15271),
(1940, '5052', '130,375282958861', 1, 2, 15179),
(1941, '7335', '40,3236914600551', 1, 12, 15659),
(1942, '148', '52,8644905043057', 1, 4, 15987),
(1943, '638', '25,8139534883721', 1, 8, 15008),
(1944, '519', '-15,7027603616513', 1, 9, 15000),
(1945, '519', '-15,7027603616513', 1, 9, 15001),
(1946, '1913', '16,1958011462745', 1, 9, 15848),
(1947, '829', '23,2407407407407', 1, 8, 15247),
(1948, '2534', '77,489224137931', 1, 2, 15732),
(1949, '6137', '133,259589895525', 1, 2, 15113),
(1950, '349', '40,6777944817543', 1, 2, 15242),
(1951, '112616', '155,090396294007', 1, 2, 15080),
(1952, '345', '39,0654415364047', 1, 4, 15242),
(1953, '3510', '27,4220332419871', 1, 4, 15540),
(1954, '2868', '8,07692307692308', 1, 8, 15146),
(1955, '4213', '8,6117136659436', 1, 8, 15540),
(1956, '2388', '45,0473461250933', 1, 12, 15848),
(1957, '672', '25,3333333333333', 1, 8, 15418),
(1958, '373', '96,6661258922778', 1, 4, 15756),
(1959, '13759', '129,031649502841', 1, 2, 15178),
(1960, '1862', '31,9367705710541', 1, 2, 15420),
(1961, '6979', '30,3745551311569', 1, 2, 15525),
(1962, '354', '37,4661615781923', 1, 2, 15300),
(1963, '351', '36,3011941071907', 1, 4, 15300),
(1964, '1726', '75,7362155388471', 1, 2, 15104),
(1965, '1896', '12,2222222222222', 1, 8, 15396),
(1966, '87820', '39,9715232913976', 1, 4, 15347),
(1967, '13514', '5,62849162011173', 1, 8, 15696),
(1968, '1526', '21,5664875958846', 1, 9, 15814),
(1969, '1575', '26,2019230769231', 1, 9, 15048),
(1970, '554', '191,343042071197', 1, 2, 15623),
(1971, '2357', '21,4807159621931', 1, 4, 15806),
(1972, '354', '56,8863636363636', 1, 2, 15830),
(1973, '12668', '6,85294117647058', 1, 8, 15979),
(1974, '537', '91,8447434375411', 1, 2, 15091),
(1975, '10459', '1,8021862833183', 1, 2, 15187),
(1976, '10459', '1,8021862833183', 1, 4, 15187),
(1977, '630', '26,191568896911', 1, 4, 15408),
(1978, '995', '23,4615384615385', 1, 8, 15164),
(1979, '462', '181,533361500211', 1, 2, 15165),
(1980, '3350', '9,70350404312669', 1, 8, 15733),
(1981, '9918', '6,69802445907808', 1, 8, 15187),
(1982, '1726', '22,3001428601715', 1, 4, 15420),
(1983, '476', '182,987804878049', 1, 2, 15207),
(1984, '446', '165,15243902439', 1, 4, 15207),
(1985, '829', '21,0476190476191', 1, 8, 15207),
(1986, '1155', '25,9753876159061', 1, 9, 15436),
(1987, '30711', '20,0776416846575', 1, 4, 15159),
(1988, '38879', '5,38087125821369', 1, 8, 15159),
(1989, '9370', '30,4071337623259', 1, 2, 15539),
(1990, '8636', '20,1916763256613', 1, 4, 15539),
(1991, '10936', '6,60973526900085', 1, 8, 15539),
(1992, '93', '88,4684848268684', 25, 9, 15412),
(1993, '4930', '30,6925208461198', 1, 2, 15225),
(1994, '4544', '20,4598001470119', 1, 4, 15225),
(1995, '430', '126,132686084142', 1, 4, 15623),
(1996, '2137', '87,3718525179856', 1, 2, 15637),
(1997, '1039', '102,507796257796', 1, 4, 15443),
(1998, '1194', '17,0833333333333', 1, 8, 15443),
(1999, '58029', '18,0313387139573', 1, 9, 15691),
(2000, '4129', '21,0948779959574', 1, 4, 15546),
(2001, '7220', '20,1091296247006', 1, 4, 15325),
(2002, '4300', '35,04', 1, 12, 15556),
(2003, '102949', '30,0301617331123', 1, 2, 15751),
(2004, '7099', '18,0962203886079', 1, 9, 15325),
(2005, '5199', '8,3068783068783', 1, 8, 15546),
(2006, '8459', '40,7206547777482', 1, 12, 15325),
(2007, '461', '76,4626208217846', 1, 2, 15092),
(2008, '429', '64,2135885738516', 1, 4, 15092),
(2009, '615', '28,4883720930232', 1, 8, 15092),
(2010, '3156', '124,115076474873', 1, 2, 15500),
(2011, '5733', '117,904062061438', 1, 4, 15113),
(2012, '1439', '1,22835497835496', 1, 2, 15011),
(2013, '1439', '1,22835497835496', 1, 4, 15011),
(2014, '1359', '11,7532467532467', 1, 8, 15011),
(2015, '1277', '34,0289140544265', 1, 2, 15356),
(2016, '4192', '84,1313318796965', 1, 2, 15589),
(2017, '12822', '81,3065610859728', 1, 2, 15739),
(2018, '354', '37,4661615781923', 1, 2, 15386),
(2019, '3354', '23,8000183079335', 1, 2, 15873),
(2020, '12822', '81,3065610859728', 1, 4, 15739),
(2021, '4076', '10,2202643171806', 1, 8, 15873),
(2022, '314', '143,207816968541', 1, 4, 15246),
(2023, '532', '17,927874248099', 10, 13, 15424),
(2024, '703', '12,125', 1, 8, 15424),
(2025, '354', '37,4661615781923', 1, 2, 15301),
(2026, '351', '36,3011941071907', 1, 4, 15301),
(2027, '419', '28,9830508474576', 1, 8, 15301),
(2028, '317', '23,0982294358389', 1, 9, 15301),
(2029, '30693', '30,3396681846846', 1, 2, 15841),
(2030, '28555', '21,2605227580774', 1, 4, 15841),
(2031, '35816', '5,44878563885956', 1, 8, 15841),
(2032, '579', '162,104951739538', 1, 2, 15248),
(2033, '537', '143,092157312836', 1, 4, 15248),
(2034, '829', '21,0476190476191', 1, 8, 15248),
(2035, '579', '162,104951739538', 1, 2, 15249),
(2036, '537', '143,092157312836', 1, 4, 15249),
(2037, '829', '21,0476190476191', 1, 8, 15249),
(2038, '406', '106,171875', 1, 2, 15122),
(2039, '406', '106,171875', 1, 2, 15123),
(2040, '371', '88,3984375', 1, 4, 15123),
(2041, '622', '22,25', 1, 8, 15123),
(2042, '217', '44,281914893617', 1, 2, 15210),
(2043, '213', '41,6223404255319', 1, 4, 15211),
(2044, '9860', '129,533364531502', 1, 2, 15215),
(2045, '446', '165,15243902439', 1, 4, 15208),
(2046, '1439', '1,22835497835496', 1, 2, 15012),
(2047, '1439', '1,22835497835496', 1, 4, 15012),
(2048, '1359', '11,7532467532467', 1, 8, 15012),
(2049, '1439', '1,22835497835496', 1, 9, 15012),
(2050, '1439', '1,22835497835496', 1, 2, 15013),
(2051, '1439', '1,22835497835496', 1, 4, 15013),
(2052, '1359', '11,7532467532467', 1, 8, 15013),
(2053, '1439', '1,22835497835496', 1, 9, 15013),
(2054, '19919', '5,77578051087984', 1, 8, 15483),
(2055, '829', '21,0476190476191', 1, 8, 15208),
(2056, '628', '190,851225536766', 1, 2, 15086),
(2057, '572', '164,915447463424', 1, 4, 15086),
(2058, '710', '23,6559139784946', 1, 8, 15086),
(2059, '507', '28,5915492957746', 1, 8, 15703),
(2060, '2210', '126,125244098689', 1, 2, 15397),
(2061, '2050', '109,754185702404', 1, 4, 15397),
(2062, '2449', '11,268115942029', 1, 8, 15397),
(2063, '5999', '15,3198935331231', 1, 2, 15974),
(2064, '1940', '26,4512035495192', 1, 2, 15317),
(2065, '1815', '142,573884197829', 1, 2, 15147),
(2066, '1692', '126,134992872025', 1, 4, 15147),
(2067, '2479', '13,3216783216783', 1, 8, 15147),
(2068, '3434', '139,153571428572', 1, 2, 15136),
(2069, '3196', '122,578571428572', 1, 4, 15136),
(2070, '3824', '9,38388625592417', 1, 8, 15136),
(2071, '29836', '6,38217759648573', 1, 8, 15217),
(2072, '8473', '6,7876787678768', 1, 8, 15897),
(2073, '2112', '154,851485148515', 1, 2, 15312),
(2074, '2102', '21,1278280063212', 1, 9, 15742),
(2075, '579', '-5,9574147387208', 1, 2, 15000),
(2076, '530', '-13,916113664114', 1, 4, 15000),
(2077, '796', '22,7184466019418', 1, 8, 15000),
(2078, '579', '-5,9574147387208', 1, 2, 15001),
(2079, '530', '-13,916113664114', 1, 4, 15001),
(2080, '796', '22,7184466019418', 1, 8, 15001),
(2081, '2639', '155,260416666667', 1, 2, 15016),
(2082, '2464', '138,333333333333', 1, 4, 15016),
(2083, '2718', '11,4657980456026', 1, 8, 15016),
(2084, '6540', '171,109693877551', 1, 2, 15045),
(2085, '6064', '151,377551020408', 1, 4, 15045),
(2086, '6475', '7,10186513629843', 1, 8, 15045),
(2087, '3462', '151,149553571429', 1, 2, 15039),
(2088, '3199', '132,0703125', 1, 4, 15039),
(2089, '4099', '9,91208791208791', 1, 8, 15039),
(2090, '8191', '137,685267857143', 1, 2, 15047),
(2091, '7654', '122,102678571429', 1, 4, 15047),
(2092, '9170', '7,28008088978767', 1, 8, 15047),
(2093, '7820', '160,827175697865', 1, 2, 15059),
(2094, '7199', '140,114429392447', 1, 4, 15059),
(2095, '7468', '6,18090452261306', 1, 8, 15059),
(2096, '2136', '160,977443609023', 1, 4, 15070),
(2097, '1070', '180,142320085929', 1, 2, 15078),
(2098, '995', '160,506176154672', 1, 4, 15078),
(2099, '1111', '18,3088235294118', 1, 8, 15078),
(2100, '413', '151,673762553219', 1, 4, 15165),
(2101, '995', '23,4615384615385', 1, 8, 15165),
(2102, '43875', '25,0076357940497', 1, 13, 15129),
(2103, '5421', '7,80612244897959', 1, 8, 15179),
(2104, '2138', '23,2023293423001', 1, 2, 15742),
(2105, '639', '164,441850594228', 1, 2, 15095),
(2106, '616', '154,923599320883', 1, 4, 15095),
(2107, '829', '21,0476190476191', 1, 8, 15095),
(2108, '639', '164,441850594228', 1, 2, 15096),
(2109, '616', '154,923599320883', 1, 4, 15096),
(2110, '829', '21,0476190476191', 1, 8, 15096),
(2111, '479', '173,114035087719', 1, 2, 15097),
(2112, '462', '163,421052631579', 1, 4, 15097),
(2113, '636', '30,1098901098901', 1, 8, 15097),
(2114, '316', '305,394736842105', 1, 2, 15098),
(2115, '252', '223,289473684211', 1, 4, 15098),
(2116, '512', '30,8108108108108', 1, 8, 15098),
(2117, '4665', '131,06769586256', 1, 2, 15409),
(2118, '1396', '126,888416797522', 1, 2, 15100),
(2119, '1261', '104,947201706071', 1, 4, 15100),
(2120, '1639', '14,6354166666667', 1, 8, 15100),
(2121, '56992', '5,23445294313269', 1, 8, 15542),
(2122, '5495', '130,61402376033', 1, 2, 15112),
(2123, '5179', '117,352143595041', 1, 4, 15112),
(2124, '6613', '7,51048951048952', 1, 8, 15112),
(2125, '7191', '7,33247422680412', 1, 8, 15113),
(2126, '384', '32,6315789473684', 1, 8, 15195),
(2127, '217', '33,4433349174349', 1, 9, 15195),
(2128, '17110', '164,074975780562', 1, 2, 15119),
(2129, '16076', '148,11626596425', 1, 4, 15119),
(2130, '17973', '5,80188679245282', 1, 8, 15119),
(2131, '2486', '140,46130952381', 1, 2, 15014),
(2132, '2238', '116,473214285714', 1, 4, 15014),
(2133, '2548', '132,874015748031', 1, 2, 15015),
(2134, '2376', '117,154105736783', 1, 4, 15015),
(2135, '2718', '10,8852459016393', 1, 8, 15015),
(2136, '829', '21,7924528301887', 1, 8, 15246),
(2137, '274719', '5,06634874559403', 1, 8, 15896),
(2138, '2309', '31,6381186592501', 1, 2, 15294),
(2139, '2136', '21,7752366635592', 1, 4, 15294),
(2140, '2699', '10,3322259136213', 1, 8, 15294),
(2141, '3948', '161,857142857143', 1, 2, 15017),
(2142, '3659', '142,688775510204', 1, 4, 15017),
(2143, '4099', '9,91208791208791', 1, 8, 15017),
(2144, '360', '25', 1, 9, 15622),
(2145, '4296', '162,443609022556', 1, 2, 15018),
(2146, '3970', '142,528195488722', 1, 4, 15018),
(2147, '4099', '9,91208791208791', 1, 8, 15018),
(2148, '428', '39,7272524033087', 1, 2, 15019),
(2149, '413', '34,830269258333', 1, 4, 15019),
(2150, '690', '25', 1, 8, 15019),
(2151, '2639', '206,3125', 1, 2, 15020),
(2152, '2464', '186', 1, 4, 15020),
(2153, '2718', '10,8852459016393', 1, 8, 15020),
(2154, '2639', '178,465909090909', 1, 2, 15021),
(2155, '2464', '160', 1, 4, 15021),
(2156, '2718', '10,8852459016393', 1, 8, 15021),
(2157, '409050', '105,035127396964', 1, 2, 15462),
(2158, '377581', '89,2613823192102', 1, 4, 15462),
(2159, '2170', '31,1332913706801', 1, 2, 15151),
(2160, '2074', '25,3320029045118', 1, 4, 15151),
(2161, '2029', '22,6126489359953', 1, 9, 15151),
(2162, '5413', '171,742544383573', 1, 2, 15142),
(2163, '5015', '151,762213205915', 1, 4, 15142),
(2164, '5421', '7,80612244897959', 1, 8, 15142),
(2165, '237', '45,7422597946178', 1, 2, 15194),
(2166, '225', '38,362904868308', 1, 4, 15194),
(2167, '4399', '162,165342298288', 1, 2, 15155),
(2168, '4151', '147,385391198044', 1, 4, 15155),
(2169, '4583', '9,42687747035573', 1, 8, 15155),
(2170, '19143', '33,1623964918529', 1, 2, 15166),
(2171, '17708', '23,1802599946576', 1, 4, 15166),
(2172, '21868', '5,70073307460112', 1, 8, 15166),
(2173, '728', '35,1999845485732', 1, 2, 15862),
(2174, '674', '25,1714142661241', 1, 4, 15862),
(2175, '930', '18,4210526315789', 1, 8, 15862),
(2176, '1835', '25,373140528437', 1, 4, 15074),
(2177, '384', '32,6315789473684', 1, 8, 15194),
(2178, '1036', '22,6865671641791', 1, 8, 15861),
(2179, '1758', '20,1122512528569', 1, 9, 15074),
(2180, '2755', '10,2605863192182', 1, 8, 15637),
(2181, '2218', '94,4739208633093', 1, 2, 15640),
(2182, '1989', '74,3952338129496', 1, 4, 15640),
(2183, '2370', '10,5660377358491', 1, 8, 15640),
(2184, '352', '406,493506493506', 1, 2, 15247),
(2185, '33279', '33,0145258784978', 1, 2, 15869),
(2186, '2059', '40,6775456937613', 1, 12, 15074),
(2187, '1621', '10,7519677365648', 1, 13, 15074),
(2188, '1997', '15,3813559322034', 1, 8, 15074),
(2189, '30796', '23,0900970267802', 1, 4, 15869),
(2190, '38053', '5,52879841112215', 1, 8, 15869),
(2191, '829', '23,2407407407407', 1, 8, 15434),
(2192, '2185', '12,6', 1, 8, 15076),
(2193, '994', '157,615629984051', 1, 4, 15084),
(2194, '1702', '12,2680412371134', 1, 8, 15084),
(2195, '54077', '29,2565728510189', 1, 2, 15068),
(2196, '537', '161,7875', 1, 2, 15133),
(2197, '477', '132,5375', 1, 4, 15133),
(2198, '710', '23,6559139784946', 1, 8, 15133),
(2199, '537', '161,7875', 1, 2, 15132),
(2200, '477', '132,5375', 1, 4, 15132),
(2201, '710', '23,6559139784946', 1, 8, 15132),
(2202, '7468', '137,876352516857', 1, 2, 15141),
(2203, '6972', '122,077387486278', 1, 4, 15141),
(2204, '10390', '6,3963963963964', 1, 8, 15141),
(2205, '4714', '114,96220979178', 1, 4, 15179),
(2206, '883', '10,375', 1, 2, 15930),
(2207, '25319', '159,829920301784', 1, 2, 15268),
(2208, '23354', '139,664598077644', 1, 4, 15268),
(2209, '24148', '5,37617554858934', 1, 8, 15268),
(2210, '476', '182,987804878049', 1, 2, 15205),
(2211, '446', '165,15243902439', 1, 4, 15206),
(2212, '829', '21,0476190476191', 1, 8, 15206),
(2213, '35196', '127,125973933141', 1, 2, 15229),
(2214, '33751', '117,801134964696', 1, 4, 15229),
(2215, '36910', '5,45594262295081', 1, 8, 15229),
(2216, '67470', '129,142544840471', 1, 2, 15255),
(2217, '62825', '113,367131756375', 1, 4, 15255),
(2218, '70390', '5,26244952893674', 1, 8, 15255),
(2219, '26432', '5,56627366916757', 1, 8, 15256),
(2220, '476', '64,7848317000426', 1, 2, 15125),
(2221, '399', '38,1284618662122', 1, 4, 15125),
(2222, '883', '10,375', 1, 4, 15930),
(2223, '883', '10,375', 1, 9, 15930),
(2224, '354', '37,4661615781923', 1, 2, 15303),
(2225, '317', '23,0982294358389', 1, 9, 15384),
(2226, '351', '36,3011941071907', 1, 4, 15299),
(2227, '419', '28,9830508474576', 1, 8, 15299),
(2228, '29469', '136,916413799928', 1, 4, 15459),
(2229, '36938', '5,50524430800716', 1, 8, 15459),
(2230, '5514', '130,395896187603', 1, 2, 15223),
(2231, '5253', '119,490323299506', 1, 4, 15223),
(2232, '6010', '5,79937304075236', 1, 8, 15223),
(2233, '4544', '20,4598001470119', 1, 9, 15225),
(2234, '3299', '112,373560638073', 1, 2, 15287),
(2235, '184633', '5,35038704054955', 1, 8, 15342),
(2236, '16253', '32,1652719529176', 1, 2, 15669),
(2237, '573', '103,184099505383', 1, 2, 15636),
(2238, '515', '82,6174716322375', 1, 4, 15636),
(2239, '829', '21,0476190476191', 1, 8, 15636),
(2240, '3036', '95,4429009085147', 1, 4, 15287),
(2241, '3553', '9,82233502538071', 1, 8, 15287),
(2242, '679', '36,0064687000041', 1, 2, 15408),
(2243, '3294', '30,9637404580152', 1, 2, 15537),
(2244, '3095', '23,051844783715', 1, 4, 15537),
(2245, '1996', '135,913785579208', 1, 2, 15290),
(2246, '1890', '123,385297968288', 1, 4, 15290),
(2247, '2429', '9,70260223048327', 1, 8, 15290),
(2248, '675', '157,522695257474', 1, 2, 15291),
(2249, '631', '140,736030677727', 1, 4, 15291),
(2250, '903', '17,1559633027523', 1, 8, 15291),
(2251, '766', '159,791985529428', 1, 2, 15292),
(2252, '714', '142,1559760679', 1, 4, 15292),
(2253, '1059', '21,5555555555555', 1, 8, 15292),
(2254, '905', '154,962725381415', 1, 2, 15293),
(2255, '840', '136,650485436893', 1, 4, 15293),
(2256, '1194', '17,0833333333333', 1, 8, 15293),
(2257, '2342', '131,831749512671', 1, 2, 15295),
(2258, '2182', '115,99354288499', 1, 4, 15295),
(2259, '2698', '10,3654485049834', 1, 8, 15295),
(2260, '28051', '133,758333333333', 1, 2, 15304),
(2261, '16298', '35,8166666666667', 1, 4, 15304),
(2262, '29799', '5,51997463538363', 1, 8, 15304),
(2263, '2988', '6,0377358490566', 1, 8, 15806),
(2264, '2548', '31,32493180809', 1, 2, 15807),
(2265, '2357', '21,4807159621931', 1, 4, 15807),
(2266, '2988', '6,0377358490566', 1, 8, 15807),
(2267, '436', '131,032608695652', 1, 2, 15117),
(2268, '156', '61,1274359369709', 1, 2, 15584),
(2269, '1153', '159,456933161004', 1, 2, 15340),
(2270, '1053', '136,954163589365', 1, 4, 15340),
(2271, '1194', '17,0833333333333', 1, 8, 15340),
(2272, '535', '28,6666666666667', 1, 8, 15830),
(2273, '450', '56,6964285714286', 1, 2, 15831),
(2274, '396', '37,8928571428572', 1, 4, 15831),
(2275, '3571', '33,953221779421', 1, 2, 15572),
(2276, '3223', '20,8992533730254', 1, 4, 15572),
(2277, '1194', '25,3175594212883', 1, 4, 15356),
(2278, '1457', '7,78481012658227', 1, 8, 15356),
(2279, '579', '-5,9574147387208', 1, 2, 15558),
(2280, '530', '-13,916113664114', 1, 4, 15558),
(2281, '530', '-13,916113664114', 1, 4, 15506),
(2282, '796', '22,7184466019418', 1, 8, 15506),
(2283, '519', '-15,7027603616513', 1, 9, 15506),
(2284, '796', '22,7184466019418', 1, 8, 15370),
(2285, '519', '-15,7027603616513', 1, 9, 15370),
(2286, '519', '-15,7027603616513', 1, 9, 15493),
(2287, '476', '16,6620459346512', 1, 9, 15888),
(2288, '1542', '22,4623451319899', 1, 2, 15240),
(2289, '5024', '30,5343010054467', 1, 2, 15579),
(2290, '10503', '20,2366460507888', 1, 4, 15535),
(2291, '6544', '30,4066967186614', 1, 2, 15580),
(2292, '4994', '30,544235099659', 1, 2, 15581),
(2293, '6238', '30,23773222897', 1, 2, 15528),
(2294, '5757', '20,1953549923341', 1, 4, 15528),
(2295, '7303', '7,20457433290979', 1, 8, 15528),
(2296, '8744', '7,07757704569607', 1, 8, 15544),
(2297, '6053', '20,622208930021', 1, 4, 15580),
(2298, '7258', '7,06786171574903', 1, 8, 15580),
(2299, '8787', '22,2924749447255', 1, 4, 15543),
(2300, '10933', '6,63535439795047', 1, 8, 15543),
(2301, '10611', '30,3106201066092', 1, 2, 15577),
(2302, '3336', '21,1053854402475', 1, 4, 15541),
(2303, '4199', '8,91540130151843', 1, 8, 15541),
(2304, '2996', '5,78616352201257', 1, 8, 15545),
(2305, '5437', '8,46801346801347', 1, 8, 15582),
(2306, '3879', '8,94366197183099', 1, 8, 15537),
(2307, '9370', '30,4071337623259', 1, 2, 15529),
(2308, '8790', '22,3349739349888', 1, 4, 15529),
(2309, '12357', '6,03041825095058', 1, 8, 15535),
(2310, '8743', '30,3692029583952', 1, 2, 15534),
(2311, '4126', '31,1776099546098', 1, 2, 15523),
(2312, '3839', '22,0530403819067', 1, 4, 15523),
(2313, '4790', '7,88461538461539', 1, 8, 15523),
(2314, '12229', '6,57754010695187', 1, 8, 15578),
(2315, '7498', '30,4588737481528', 1, 2, 15538),
(2316, '6930', '20,576152984089', 1, 4, 15538),
(2317, '13116', '20,0775351520667', 1, 4, 15527),
(2318, '15465', '6,32949727437916', 1, 8, 15527),
(2319, '8910', '137,746305418719', 1, 2, 15062),
(2320, '8310', '121,736453201971', 1, 4, 15062),
(2321, '10072', '7,25598526703499', 1, 8, 15062),
(2322, '11622', '121,507741027445', 1, 4, 15060),
(2323, '13573', '5,48050139275766', 1, 8, 15060),
(2324, '2012', '90,6043528954527', 1, 2, 15738),
(2325, '12412', '129,315258502421', 1, 2, 15182),
(2326, '11559', '113,555838948557', 1, 4, 15182),
(2327, '12377', '6,23484848484848', 1, 8, 15182),
(2328, '66795', '128,82104945828', 1, 2, 15228),
(2329, '63109', '116,193841009994', 1, 4, 15228),
(2330, '69735', '5,13535573391376', 1, 8, 15228),
(2331, '93', '87,5', 1, 2, 15585),
(2332, '88', '77,4193548387097', 1, 4, 15585),
(2333, '80', '61,2903225806452', 1, 9, 15585),
(2334, '93', '87,5', 1, 2, 15977),
(2335, '88', '77,4193548387097', 1, 4, 15977),
(2336, '756', '44,6315045914763', 1, 2, 15859),
(2337, '675', '29,1352719566753', 1, 4, 15859),
(2338, '1111', '18,3088235294118', 1, 8, 15859),
(2339, '782', '49,6056039557334', 1, 2, 15860),
(2340, '675', '29,1352719566753', 1, 4, 15860),
(2341, '1111', '18,3088235294118', 1, 8, 15860),
(2342, '3417', '35,7632153743339', 1, 2, 15865),
(2343, '3175', '26,1481442240299', 1, 4, 15865),
(2344, '3919', '8,64801864801865', 1, 8, 15865),
(2345, '1862', '134,554263565892', 1, 2, 15253),
(2346, '1740', '119,186046511628', 1, 4, 15253),
(2347, '2186', '12,56', 1, 8, 15253),
(2348, '25671', '30,0895621863682', 1, 2, 15460),
(2349, '24680', '25,067601369622', 1, 4, 15460),
(2350, '23703', '20,1165865179964', 305, 9, 15460),
(2351, '1596', '185', 1, 2, 15065),
(2352, '1431', '155,535714285714', 1, 4, 15065),
(2353, '76697', '33,0392889776376', 1, 2, 15899),
(2354, '71229', '23,5544482129438', 1, 4, 15899),
(2355, '87654', '5,23891891891893', 1, 8, 15899),
(2356, '5756', '36,8604594449595', 1, 2, 15284),
(2357, '5154', '22,5467004828563', 1, 4, 15284),
(2358, '10373', '30,3795877325289', 1, 2, 15685),
(2359, '739', '50,109375', 1, 2, 15921),
(2360, '633', '28,578125', 1, 4, 15921),
(2361, '793', '23,0097087378641', 1, 8, 15921),
(2362, '739', '50,109375', 1, 2, 15922),
(2363, '633', '28,578125', 1, 4, 15922),
(2364, '793', '23,0097087378641', 1, 8, 15922),
(2365, '739', '50,109375', 1, 2, 15923),
(2366, '633', '28,578125', 1, 4, 15923),
(2367, '793', '23,0097087378641', 1, 8, 15923),
(2368, '739', '50,109375', 1, 2, 15924),
(2369, '633', '28,578125', 1, 4, 15924),
(2370, '793', '23,0097087378641', 1, 8, 15924),
(2371, '739', '50,109375', 1, 2, 15925),
(2372, '633', '28,578125', 1, 4, 15925),
(2373, '793', '23,0097087378641', 1, 8, 15925),
(2374, '739', '50,109375', 1, 2, 15926),
(2375, '633', '28,578125', 1, 4, 15926),
(2376, '793', '23,0097087378641', 1, 8, 15926),
(2377, '739', '50,109375', 1, 2, 15927),
(2378, '633', '28,578125', 1, 4, 15927),
(2379, '793', '23,0097087378641', 1, 8, 15927),
(2380, '739', '50,109375', 1, 2, 15928),
(2381, '633', '28,578125', 1, 4, 15928),
(2382, '793', '23,0097087378641', 1, 8, 15928),
(2383, '9574', '20,3368526897939', 1, 4, 15685),
(2384, '295', '59,7916666666667', 1, 2, 15949),
(2385, '254', '37,5833333333333', 1, 4, 15949),
(2386, '533', '28,9333333333333', 1, 8, 15949),
(2387, '295', '59,7916666666667', 1, 2, 15950),
(2388, '254', '37,5833333333333', 1, 4, 15950),
(2389, '533', '28,9333333333333', 1, 8, 15950),
(2390, '295', '59,7916666666667', 1, 2, 15951),
(2391, '254', '37,5833333333333', 1, 4, 15951),
(2392, '533', '28,9333333333333', 1, 8, 15951),
(2393, '638', '25,8139534883721', 1, 8, 15007),
(2394, '476', '16,6620459346512', 1, 9, 15007),
(2395, '446', '165,15243902439', 1, 4, 15205),
(2396, '829', '21,0476190476191', 1, 8, 15205),
(2397, '189052', '5,07531632858004', 1, 8, 15344),
(2398, '94343', '50,3681783407006', 1, 2, 15347),
(2399, '265', '32,5062542952028', 1, 4, 15156),
(2400, '425', '27,9661016949153', 1, 8, 15156),
(2401, '2813', '9,54983922829582', 1, 8, 15749),
(2402, '726', '36,8407592754663', 1, 4, 15854),
(2403, '313', '48,0106553121753', 1, 2, 15350),
(2404, '298', '40,9174929170232', 1, 4, 15350),
(2405, '672', '25,3333333333333', 1, 8, 15350),
(2406, '292', '38,0802279589623', 1, 9, 15350),
(2407, '354', '37,4661615781923', 1, 2, 15302),
(2408, '351', '36,3011941071907', 1, 4, 15302),
(2409, '419', '28,9830508474576', 1, 8, 15302),
(2410, '317', '23,0982294358389', 1, 9, 15302),
(2411, '11984', '6,22848200312988', 1, 8, 15620),
(2412, '478', '34,5205479452055', 1, 8, 15913),
(2413, '234', '62,9642857142857', 1, 2, 15910),
(2414, '211', '46,9464285714286', 1, 4, 15910),
(2415, '3080', '33,9429081177517', 1, 2, 15575),
(2416, '4158', '105,954872325086', 1, 4, 15409),
(2417, '5108', '8,12949640287771', 1, 8, 15409),
(2418, '533', '147,506193518378', 1, 2, 15410),
(2419, '471', '118,715604403669', 1, 4, 15410),
(2420, '710', '23,6559139784946', 1, 8, 15410),
(2421, '225', '221,483005002944', 1, 2, 15411),
(2422, '200', '185,762671113728', 1, 4, 15411),
(2423, '298', '41,5686274509804', 1, 8, 15411),
(2424, '130', '163,450570188096', 1, 2, 15412),
(2425, '102', '106,707370455275', 1, 4, 15412),
(2426, '192', '45,1428571428571', 1, 8, 15412),
(2427, '716', '115,874233032882', 1, 4, 15417),
(2428, '829', '21,7924528301887', 1, 8, 15417),
(2429, '478', '34,5205479452055', 1, 8, 15910),
(2430, '54226', '10,1325820351342', 1, 8, 15185),
(2431, '883', '10,375', 1, 2, 15152),
(2432, '883', '10,375', 1, 4, 15152),
(2433, '476', '16,6620459346512', 1, 9, 15005),
(2434, '530', '29,8968158516074', 1, 2, 15006),
(2435, '530', '29,8968158516074', 1, 2, 15706),
(2436, '509', '24,7499608839022', 1, 4, 15706),
(2437, '638', '25,8139534883721', 1, 8, 15706),
(2438, '476', '16,6620459346512', 1, 9, 15706),
(2439, '530', '29,8968158516074', 1, 2, 15707),
(2440, '509', '24,7499608839022', 1, 4, 15707),
(2441, '638', '25,8139534883721', 1, 8, 15707),
(2442, '476', '16,6620459346512', 1, 9, 15707),
(2443, '530', '29,8968158516074', 1, 2, 15708),
(2444, '509', '24,7499608839022', 1, 4, 15708),
(2445, '638', '25,8139534883721', 1, 8, 15708),
(2446, '476', '16,6620459346512', 1, 9, 15708),
(2447, '530', '29,8968158516074', 1, 2, 15876),
(2448, '509', '24,7499608839022', 1, 4, 15876),
(2449, '638', '25,8139534883721', 1, 8, 15876),
(2450, '476', '16,6620459346512', 1, 9, 15876),
(2451, '530', '29,8968158516074', 1, 2, 15005),
(2452, '509', '24,7499608839022', 1, 4, 15005),
(2453, '638', '25,8139534883721', 1, 8, 15005),
(2454, '883', '10,375', 1, 2, 15904),
(2455, '877', '18,7962962962963', 1, 8, 15619),
(2456, '663', '24,3995797057941', 10, 9, 15619),
(2457, '2064', '25,9527495582866', 1, 2, 15153),
(2458, '1979', '20,7657419456634', 1, 4, 15153),
(2459, '2244', '13,3590733590734', 1, 8, 15153),
(2460, '1949', '18,9350333765022', 1, 9, 15153),
(2461, '2064', '25,9527495582866', 1, 2, 15154),
(2462, '1979', '20,7657419456634', 1, 4, 15154),
(2463, '2244', '13,3590733590734', 1, 8, 15154),
(2464, '1949', '18,9350333765022', 1, 9, 15154),
(2465, '883', '10,375', 1, 9, 15152),
(2466, '883', '10,375', 1, 13, 15152),
(2467, '27395', '82,5913841332862', 1, 2, 15684),
(2468, '25549', '70,2875441949746', 1, 4, 15684),
(2469, '28227', '5,53212851405623', 1, 8, 15684),
(2470, '1036', '33,7625579284838', 1, 2, 15884),
(2471, '947', '22,2713729326971', 1, 4, 15884),
(2472, '947', '22,2713729326971', 1, 9, 15884);
INSERT INTO `lista_productos` (`id_lista_producto`, `importe`, `porcentaje`, `cantidadminima`, `fkIdListaPrecioProducto`, `fkIdProductoLista`) VALUES
(2473, '1095', '41,3803097796233', 1, 12, 15884),
(2474, '9908', '40,1018099547511', 1, 12, 15739),
(2475, '2508', '30,7739733513094', 1, 2, 15890),
(2476, '2316', '20,7625686928359', 1, 4, 15890),
(2477, '2907', '7,4203821656051', 1, 8, 15890),
(2478, '2316', '20,7625686928359', 1, 9, 15890),
(2479, '1339', '31,543208731624', 1, 2, 15665),
(2480, '883', '10,375', 1, 9, 15904),
(2481, '1189', '16,8072256772972', 1, 9, 15665),
(2482, '11979', '18,2041354929038', 1, 9, 15368),
(2483, '2439', '9,33085501858736', 1, 8, 15741),
(2484, '69223', '82,4563407315292', 1, 2, 15655),
(2485, '64032', '68,7740261144602', 1, 4, 15655),
(2486, '70536', '5,19354838709677', 1, 8, 15655),
(2487, '453', '214,133189101899', 1, 2, 15429),
(2488, '395', '173,913045684879', 1, 4, 15429),
(2489, '572', '24,7368421052632', 1, 8, 15429),
(2490, '3774', '110,155232677678', 1, 2, 15431),
(2491, '3516', '95,7884997601261', 1, 4, 15431),
(2492, '3920', '9,67741935483872', 1, 8, 15431),
(2493, '2914', '112,871250037462', 1, 2, 15241),
(2494, '2713', '98,187955165283', 1, 4, 15241),
(2495, '3142', '10,4843304843305', 1, 8, 15241),
(2496, '2216', '124,443066041324', 1, 2, 15404),
(2497, '2058', '108,440356458955', 1, 4, 15404),
(2498, '2440', '10,948905109489', 1, 8, 15404),
(2499, '108620', '67,8604487500555', 1, 4, 15367),
(2500, '116246', '5,13628203035744', 1, 8, 15367),
(2501, '108', '88,170121515368', 1, 2, 15586),
(2502, '50624', '125,669348939283', 1, 2, 15329),
(2503, '46752', '108,408924652524', 1, 4, 15329),
(2504, '47629', '5,38537941994439', 1, 8, 15329),
(2505, '12038', '22,0770467406422', 1, 9, 15236),
(2506, '1117', '17,8676470588235', 1, 8, 15641),
(2507, '738', '23', 1, 9, 15641),
(2508, '716', '102,183734939759', 1, 4, 15405),
(2509, '470', '138,979860294955', 1, 2, 15466),
(2510, '449', '128,302036749861', 1, 4, 15466),
(2511, '829', '21,0476190476191', 1, 8, 15466),
(2512, '470', '138,979860294955', 1, 2, 15467),
(2513, '449', '128,302036749861', 1, 4, 15467),
(2514, '829', '21,0476190476191', 1, 8, 15467),
(2515, '470', '138,979860294955', 1, 2, 15468),
(2516, '449', '128,302036749861', 1, 4, 15468),
(2517, '829', '21,0476190476191', 1, 8, 15468),
(2518, '470', '138,979860294955', 1, 2, 15469),
(2519, '449', '128,302036749861', 1, 4, 15469),
(2520, '829', '21,0476190476191', 1, 8, 15469),
(2521, '470', '138,979860294955', 1, 2, 15470),
(2522, '449', '128,302036749861', 1, 4, 15470),
(2523, '829', '21,0476190476191', 1, 8, 15470),
(2524, '470', '138,979860294955', 1, 2, 15471),
(2525, '449', '128,302036749861', 1, 4, 15471),
(2526, '829', '21,0476190476191', 1, 8, 15471),
(2527, '470', '138,979860294955', 1, 2, 15472),
(2528, '449', '128,302036749861', 1, 4, 15472),
(2529, '829', '21,0476190476191', 1, 8, 15472),
(2530, '470', '138,979860294955', 1, 2, 15473),
(2531, '449', '128,302036749861', 1, 4, 15473),
(2532, '829', '21,0476190476191', 1, 8, 15473),
(2533, '470', '138,979860294955', 1, 2, 15474),
(2534, '449', '128,302036749861', 1, 4, 15474),
(2535, '829', '21,0476190476191', 1, 8, 15474),
(2536, '470', '138,979860294955', 1, 2, 15475),
(2537, '449', '128,302036749861', 1, 4, 15475),
(2538, '829', '21,0476190476191', 1, 8, 15475),
(2539, '470', '138,979860294955', 1, 2, 15476),
(2540, '579', '-5,9574147387208', 1, 2, 15495),
(2541, '530', '-13,916113664114', 1, 4, 15495),
(2542, '796', '22,7184466019418', 1, 8, 15495),
(2543, '519', '-15,7027603616513', 1, 9, 15495),
(2544, '579', '-5,9574147387208', 1, 2, 15497),
(2545, '530', '-13,916113664114', 1, 4, 15497),
(2546, '796', '22,7184466019418', 1, 8, 15497),
(2547, '519', '-15,7027603616513', 1, 9, 15497),
(2548, '579', '-5,9574147387208', 1, 2, 15488),
(2549, '530', '-13,916113664114', 1, 4, 15488),
(2550, '796', '22,7184466019418', 1, 8, 15488),
(2551, '519', '-15,7027603616513', 1, 9, 15488),
(2552, '579', '-5,9574147387208', 1, 2, 15489),
(2553, '530', '-13,916113664114', 1, 4, 15489),
(2554, '796', '22,7184466019418', 1, 8, 15489),
(2555, '519', '-15,7027603616513', 1, 9, 15489),
(2556, '579', '-5,9574147387208', 1, 2, 15494),
(2557, '530', '-13,916113664114', 1, 4, 15494),
(2558, '796', '22,7184466019418', 1, 8, 15494),
(2559, '519', '-15,7027603616513', 1, 9, 15494),
(2560, '579', '-5,9574147387208', 1, 2, 15486),
(2561, '530', '-13,916113664114', 1, 4, 15486),
(2562, '796', '22,7184466019418', 1, 8, 15486),
(2563, '519', '-15,7027603616513', 1, 9, 15486),
(2564, '579', '-5,9574147387208', 1, 2, 15487),
(2565, '530', '-13,916113664114', 1, 4, 15487),
(2566, '796', '22,7184466019418', 1, 8, 15487),
(2567, '519', '-15,7027603616513', 1, 9, 15487),
(2568, '7507', '5,80928481806775', 1, 8, 15853),
(2569, '7393', '6,53603034134007', 1, 8, 15315),
(2570, '7785', '10,0820135746606', 1, 13, 15739),
(2571, '6384', '31,6902961084363', 1, 2, 15335),
(2572, '5836', '20,3860538986269', 1, 4, 15335),
(2573, '7356', '7,35516372795971', 1, 8, 15335),
(2574, '2390', '30,9888772356897', 1, 2, 15353),
(2575, '2271', '24,4668369047076', 1, 4, 15353),
(2576, '2574', '41,0733765709896', 1, 12, 15353),
(2577, '1572', '23,6245121550263', 1, 2, 15238),
(2578, '1572', '23,6245121550263', 1, 4, 15238),
(2579, '1894', '48,9470903445418', 1, 12, 15238),
(2580, '8377', '60,3396794610047', 1, 2, 15214),
(2581, '7839', '50,0421090240916', 1, 4, 15214),
(2582, '9596', '6,92531522793405', 1, 8, 15214),
(2583, '15973', '129,288989069751', 1, 2, 15213),
(2584, '14870', '113,455660644037', 1, 4, 15213),
(2585, '17277', '5,89869281045752', 1, 8, 15213),
(2586, '7943', '6,88159437280189', 1, 8, 15745),
(2587, '1817', '32,6173911337486', 1, 2, 15450),
(2588, '18374', '5,87090163934427', 1, 8, 15267),
(2589, '3269', '25,3450920245399', 1, 2, 15135),
(2590, '1738', '26,8514176061944', 1, 4, 15450),
(2591, '1738', '26,8514176061944', 1, 9, 15450),
(2592, '2980', '123,645371291835', 1, 2, 15394),
(2593, '2771', '107,960175788481', 1, 4, 15394),
(2594, '2970', '6,89655172413794', 1, 8, 15394),
(2595, '449', '128,302036749861', 1, 4, 15476),
(2596, '829', '21,0476190476191', 1, 8, 15476),
(2597, '470', '138,979860294955', 1, 2, 15477),
(2598, '3732', '110,232262537555', 1, 2, 15451),
(2599, '3490', '96,5998382250982', 1, 4, 15451),
(2600, '3942', '8,11188811188811', 1, 8, 15451),
(2601, '449', '128,302036749861', 1, 4, 15477),
(2602, '829', '21,0476190476191', 1, 8, 15477),
(2603, '470', '138,979860294955', 1, 2, 15478),
(2604, '449', '128,302036749861', 1, 4, 15478),
(2605, '829', '21,0476190476191', 1, 8, 15478),
(2606, '470', '138,979860294955', 1, 2, 15479),
(2607, '449', '128,302036749861', 1, 4, 15479),
(2608, '829', '21,0476190476191', 1, 8, 15479),
(2609, '470', '138,979860294955', 1, 2, 15480),
(2610, '449', '128,302036749861', 1, 4, 15480),
(2611, '829', '21,0476190476191', 1, 8, 15480),
(2612, '470', '138,979860294955', 1, 2, 15481),
(2613, '449', '128,302036749861', 1, 4, 15481),
(2614, '829', '21,0476190476191', 1, 8, 15481),
(2615, '3188', '22,239263803681', 1, 4, 15135),
(2616, '579', '-5,9574147387208', 1, 2, 15491),
(2617, '530', '-13,916113664114', 1, 4, 15491),
(2618, '796', '22,7184466019418', 1, 8, 15491),
(2619, '579', '-5,9574147387208', 1, 2, 15492),
(2620, '530', '-13,916113664114', 1, 4, 15492),
(2621, '796', '22,7184466019418', 1, 8, 15492),
(2622, '104153', '5,16889738687063', 1, 8, 15323),
(2623, '106239', '23,0227473794889', 1, 2, 15364),
(2624, '104696', '21,2359826395483', 1, 4, 15364),
(2625, '105355', '21,9990921428671', 1, 9, 15364),
(2626, '579', '-5,9574147387208', 1, 2, 15501),
(2627, '530', '-13,916113664114', 1, 4, 15501),
(2628, '796', '22,7184466019418', 1, 8, 15501),
(2629, '579', '-5,9574147387208', 1, 2, 15502),
(2630, '530', '-13,916113664114', 1, 4, 15502),
(2631, '796', '22,7184466019418', 1, 8, 15502),
(2632, '1975', '116,722752442263', 1, 2, 15361),
(2633, '579', '-5,9574147387208', 1, 2, 15505),
(2634, '530', '-13,916113664114', 1, 4, 15505),
(2635, '796', '22,7184466019418', 1, 8, 15505),
(2636, '579', '-5,9574147387208', 1, 2, 15507),
(2637, '530', '-13,916113664114', 1, 4, 15507),
(2638, '796', '22,7184466019418', 1, 8, 15507),
(2639, '579', '-5,9574147387208', 1, 2, 15508),
(2640, '530', '-13,916113664114', 1, 4, 15508),
(2641, '796', '22,7184466019418', 1, 8, 15508),
(2642, '579', '-5,9574147387208', 1, 2, 15509),
(2643, '530', '-13,916113664114', 1, 4, 15509),
(2644, '796', '22,7184466019418', 1, 8, 15509),
(2645, '472', '125,588235294118', 1, 2, 15513),
(2646, '436', '108,382352941176', 1, 4, 15513),
(2647, '739', '21,3829787234043', 1, 8, 15513),
(2648, '17970', '5,81761006289308', 1, 8, 15140),
(2649, '2297', '111,576068472962', 1, 2, 15520),
(2650, '2210', '103,562521256094', 1, 4, 15520),
(2651, '2870', '8,30670926517571', 1, 8, 15520),
(2652, '1120', '124,037934153163', 1, 2, 15391),
(2653, '1039', '107,835190701014', 1, 4, 15391),
(2654, '1270', '15,3333333333333', 1, 8, 15391),
(2655, '1596', '124,037934153163', 1, 2, 15392),
(2656, '1436', '101,577990879663', 1, 4, 15392),
(2657, '1730', '12,1827411167513', 1, 8, 15392),
(2658, '1472', '126,83544486534', 1, 2, 15099),
(2659, '1315', '102,641718748588', 1, 4, 15099),
(2660, '1639', '14,6354166666667', 1, 8, 15099),
(2661, '419', '28,9830508474576', 1, 8, 15303),
(2662, '317', '23,0982294358389', 1, 9, 15303),
(2663, '68829', '30,0527801894544', 1, 2, 15551),
(2664, '63517', '20,0157265003643', 1, 4, 15551),
(2665, '75516', '5,2972159518435', 1, 8, 15551),
(2666, '13859', '78,737103174603', 1, 2, 15653),
(2667, '12794', '65,001984126984', 1, 4, 15653),
(2668, '14719', '6,54603174603174', 1, 8, 15653),
(2669, '12829', '30,0985572882289', 1, 2, 15236),
(2670, '12340', '25,1396209320091', 1, 4, 15236),
(2671, '2291', '85,0274179119313', 1, 2, 15592),
(2672, '2120', '71,2169908220403', 1, 4, 15592),
(2673, '2429', '10,037037037037', 1, 8, 15592),
(2674, '2676', '23,2365567153423', 1, 2, 15889),
(2675, '3154', '23,4186448084968', 1, 2, 15875),
(2676, '3954', '8,89400921658986', 1, 8, 15875),
(2677, '3020', '18,1751132915854', 2, 9, 15875),
(2678, '3225', '19,0384791422438', 2, 9, 15873),
(2679, '3139', '20,3604294478528', 1, 9, 15135),
(2680, '3991', '8,46330275229357', 1, 8, 15135),
(2681, '703', '32,2324968565157', 1, 2, 15681),
(2682, '668', '25,6490866289509', 1, 4, 15681),
(2683, '997', '19,5967741935484', 1, 8, 15681),
(2684, '639', '20,1942610118258', 1, 9, 15681),
(2685, '703', '32,2324968565157', 1, 2, 15682),
(2686, '668', '25,6490866289509', 1, 4, 15682),
(2687, '997', '19,5967741935484', 1, 8, 15682),
(2688, '639', '20,1942610118258', 1, 9, 15682),
(2689, '703', '32,2324968565157', 1, 2, 15952),
(2690, '668', '25,6490866289509', 1, 4, 15952),
(2691, '997', '19,5967741935484', 1, 8, 15952),
(2692, '639', '20,1942610118258', 1, 9, 15952),
(2693, '703', '32,2324968565157', 1, 2, 15680),
(2694, '668', '25,6490866289509', 1, 4, 15680),
(2695, '997', '19,5967741935484', 1, 8, 15680),
(2696, '639', '20,1942610118258', 1, 9, 15680),
(2697, '703', '32,2324968565157', 1, 2, 15679),
(2698, '668', '25,6490866289509', 1, 4, 15679),
(2699, '997', '19,5967741935484', 1, 8, 15679),
(2700, '639', '20,1942610118258', 1, 9, 15679),
(2701, '47237', '34,5865684787128', 1, 2, 15129),
(2702, '45673', '30,130455831832', 1, 4, 15129),
(2703, '44228', '26,0133952341704', 1, 9, 15129),
(2704, '20625', '30,0672169719701', 1, 2, 15221),
(2705, '3436', '9,34036939313985', 1, 8, 15754),
(2706, '2068', '30,16114', 1, 2, 15744),
(2707, '1990', '25,25178', 1, 4, 15744),
(2708, '1943', '22,29357', 1, 9, 15744),
(2709, '2301', '44,8263', 1, 12, 15744),
(2710, '883', '10,375', 1, 2, 15905),
(2711, '883', '10,375', 1, 4, 15905),
(2712, '883', '10,375', 1, 9, 15905),
(2713, '14794', '6,12944162436548', 1, 8, 15644),
(2714, '15016', '32,0872887975623', 1, 2, 15093),
(2715, '13994', '23,0973308093425', 1, 4, 15093),
(2716, '13758', '21,0213718218475', 1, 9, 15093),
(2717, '16821', '10,4313099041534', 1, 8, 15093),
(2718, '5893', '122,517737363097', 1, 2, 15465),
(2719, '11126', '19,1848586938488', 1, 4, 15552),
(2720, '559', '51,3958333333332', 1, 2, 15966),
(2721, '473', '28,1041666666665', 1, 4, 15966),
(2722, '672', '25,3333333333333', 1, 8, 15966),
(2723, '460', '24,5833333333332', 1, 9, 15966),
(2724, '610', '46,8821712333706', 1, 2, 16000),
(2725, '547', '31,7123732207438', 1, 4, 16000),
(2726, '727', '22,6595744680851', 1, 8, 16000),
(2727, '513', '23,5254981028182', 1, 9, 16000),
(2728, '3176', '41,7525036991333', 1, 12, 15077),
(2729, '2605', '16,2674030655675', 5, 13, 15077),
(2730, '5457', '106,054521091196', 1, 4, 15465),
(2731, '5907', '6,53481012658229', 1, 8, 15465),
(2732, '16512', '113,443640124095', 1, 4, 15184),
(2733, '19316', '6,00486618004867', 1, 8, 15184),
(2734, '3034', '30,3609546168574', 1, 2, 15864),
(2735, '2813', '20,8653148771324', 1, 4, 15864),
(2736, '3027', '11,7492711370262', 1, 8, 15864),
(2737, '2156', '35,6458185502879', 1, 2, 15463),
(2738, '2072', '30,3609165288482', 1, 4, 15463),
(2739, '1996', '25,5793385094503', 1, 9, 15463),
(2740, '2514', '12,0979020979021', 1, 8, 15463),
(2741, '1693', '125,1941401524', 1, 2, 15398),
(2742, '1576', '109,631402764431', 1, 4, 15398),
(2743, '1896', '12,2222222222222', 1, 8, 15398),
(2744, '2210', '126,125244098689', 1, 2, 15399),
(2745, '2050', '109,754185702404', 1, 4, 15399),
(2746, '2343', '11,5849056603774', 1, 8, 15399),
(2747, '782', '44,0687733476159', 1, 2, 15402),
(2748, '1092', '19,1111111111111', 1, 8, 15402),
(2749, '697', '28,4091240707011', 25, 9, 15402),
(2750, '2012', '133,314867244391', 1, 2, 15403),
(2751, '1795', '108,151186234434', 1, 4, 15403),
(2752, '2172', '13,12', 1, 8, 15403),
(2753, '3836', '122,414470862198', 1, 2, 15406),
(2754, '3575', '107,281473757132', 1, 4, 15406),
(2755, '4035', '10,7300884955752', 1, 8, 15406),
(2756, '1573', '128,838747027873', 1, 2, 15407),
(2757, '1436', '108,908099638923', 1, 4, 15407),
(2758, '987', '43,5879487072541', 1, 12, 15407),
(2759, '8796', '15,0352722522368', 1, 13, 15189),
(2760, '467', '32,3188405797101', 1, 8, 15242),
(2761, '2874', '110,049923540523', 1, 2, 15442),
(2762, '2713', '98,2830349914545', 1, 4, 15442),
(2763, '3143', '10,7102272727273', 1, 8, 15442),
(2764, '742', '29,187485235716', 1, 4, 15774),
(2765, '1194', '17,0833333333333', 1, 8, 15774),
(2766, '6747', '40,3705402867875', 1, 12, 15275),
(2767, '787', '27,8264500874382', 1, 2, 15003),
(2768, '776', '26,039803389901', 1, 4, 15003),
(2769, '903', '17,1559633027523', 1, 8, 15003),
(2770, '748', '21,4919754325334', 1, 9, 15003),
(2771, '144', '55,1724137931034', 1, 2, 15978),
(2772, '127', '36,8534482758621', 1, 4, 15978),
(2773, '124', '33,6206896551724', 1, 9, 15978),
(2774, '2349', '16,0338303078587', 2, 13, 15067),
(2775, '5425', '8,67003367003367', 1, 8, 15695),
(2776, '1702', '20,5995614994275', 1, 9, 15420),
(2777, '749', '41,1759348447992', 1, 2, 15854),
(2778, '1236', '24,3060584117789', 1, 2, 15797),
(2779, '1212', '21,8923485397055', 1, 4, 15797),
(2780, '1208', '21,4900635610266', 10, 9, 15797),
(2781, '1415', '42,3083112076595', 1, 12, 15797),
(2782, '3796', '30,8474983737306', 1, 2, 15803),
(2783, '95676', '20,843968897', 1, 4, 15751),
(2784, '112638', '5,14694736842105', 1, 8, 15751),
(2785, '15660', '30,1524236143238', 1, 2, 15571),
(2786, '22293', '40,1018099547511', 1, 2, 15079),
(2787, '22293', '40,1018099547511', 1, 4, 15079),
(2788, '46755', '25,0274952222765', 1, 2, 15645),
(2789, '44893', '20,0483230245676', 1, 4, 15645),
(2790, '51652', '8,22316986496091', 1, 8, 15645),
(2791, '44141', '18,0374006332265', 1, 9, 15645),
(2792, '11982', '113,651243599122', 1, 4, 15181),
(2793, '13913', '6,68678739101274', 1, 8, 15181),
(2794, '4699', '8,40155945419103', 1, 8, 15901),
(2795, '1913', '23,1407611806147', 1, 2, 15871),
(2796, '1836', '18,1842328947248', 1, 4, 15871),
(2797, '1810', '16,5105999670217', 1, 9, 15871),
(2798, '2180', '40,3276839381808', 1, 12, 15871),
(2799, '69331', '30,0476440576231', 1, 2, 15750),
(2800, '64029', '20,1024159663866', 1, 4, 15750),
(2801, '75611', '5,47443430428804', 1, 8, 15750),
(2802, '1173', '10,7779943263534', 1, 13, 15796),
(2803, '779', '11,4605098418342', 1, 13, 15607),
(2804, '1211', '32,0832851972833', 1, 2, 15436),
(2805, '1171', '27,7205012105853', 1, 4, 15436),
(2806, '579', '-5,9574147387208', 1, 2, 15504),
(2807, '796', '22,7184466019418', 1, 8, 15504),
(2808, '23290', '35,1651785714286', 1, 2, 15058),
(2809, '20697', '20,1165178571429', 1, 4, 15058),
(2810, '436', '131,032608695652', 1, 2, 15516),
(2811, '395', '109,307065217391', 1, 4, 15516),
(2812, '436', '131,032608695652', 1, 2, 15515),
(2813, '395', '109,307065217391', 1, 4, 15515),
(2814, '395', '109,307065217391', 1, 4, 15517),
(2815, '672', '25,3333333333333', 1, 8, 15517),
(2816, '436', '131,032608695652', 1, 2, 15116),
(2817, '395', '109,307065217391', 1, 4, 15116),
(2818, '672', '25,3333333333333', 1, 8, 15116),
(2819, '436', '131,032608695652', 1, 2, 15519),
(2820, '395', '109,307065217391', 1, 4, 15519),
(2821, '395', '109,307065217391', 1, 4, 15117),
(2822, '672', '25,3333333333333', 1, 8, 15117),
(2823, '472', '125,588235294118', 1, 2, 15118),
(2824, '436', '108,382352941176', 1, 4, 15118),
(2825, '739', '21,3829787234043', 1, 8, 15118),
(2826, '472', '125,588235294118', 1, 2, 15307),
(2827, '436', '108,382352941176', 1, 4, 15307),
(2828, '739', '21,3829787234043', 1, 8, 15307),
(2829, '436', '131,032608695652', 1, 2, 15308),
(2830, '395', '109,307065217391', 1, 4, 15308),
(2831, '672', '25,3333333333333', 1, 8, 15308),
(2832, '436', '131,032608695652', 1, 2, 15310),
(2833, '395', '109,307065217391', 1, 4, 15310),
(2834, '672', '25,3333333333333', 1, 8, 15310),
(2835, '436', '131,032608695652', 1, 2, 15309),
(2836, '395', '109,307065217391', 1, 4, 15309),
(2837, '672', '25,3333333333333', 1, 8, 15309),
(2838, '437', '106,647464445433', 1, 2, 15348),
(2839, '395', '86,7866097390065', 1, 4, 15348),
(2840, '437', '106,647464445433', 1, 2, 15349),
(2841, '395', '86,7866097390065', 1, 4, 15349),
(2842, '467', '104,511767876392', 1, 2, 15209),
(2843, '424', '85,6809198706432', 1, 4, 15209),
(2844, '371', '88,3984375', 1, 4, 15122),
(2845, '622', '22,25', 1, 8, 15122),
(2846, '622', '22,25', 1, 8, 15121),
(2847, '622', '22,25', 1, 8, 15126),
(2848, '156', '61,1274359369709', 1, 2, 15976),
(2849, '148', '52,8644905043057', 1, 4, 15976),
(2850, '1420', '32,854567884343', 1, 2, 15843),
(2851, '1318', '23,3114932898339', 1, 4, 15843),
(2852, '1588', '16,8586387434555', 1, 8, 15843),
(2853, '47469', '30,019282810908', 1, 2, 15185),
(2854, '2263', '30,5398987153444', 1, 2, 15111),
(2855, '2189', '26,2712497957971', 1, 4, 15111),
(2856, '2143', '23,6177653322947', 1, 9, 15111),
(2857, '2536', '46,2877521617823', 1, 12, 15111),
(2858, '2094', '20,7912275342161', 1, 13, 15111),
(2859, '2598', '13,9735099337748', 1, 8, 15111),
(2860, '1817', '10,3647520558185', 1, 13, 15848),
(2861, '30386', '30,057011761886', 1, 2, 15621),
(2862, '29218', '25,0577821911007', 1, 4, 15621),
(2863, '28515', '22,0488280915612', 1, 9, 15621),
(2864, '37467', '5,52950075642966', 1, 8, 15621),
(2865, '2989', '40,4605263157895', 1, 2, 15733),
(2866, '2779', '30,5921052631579', 1, 4, 15733),
(2867, '45649', '25,0342379455042', 1, 4, 15185),
(2868, '3552', '10,0759493670886', 1, 8, 15734),
(2869, '1742', '65,0262339681305', 1, 4, 15738),
(2870, '2540', '13,3105802047781', 1, 8, 15738),
(2871, '1742', '65,0262339681305', 1, 4, 15737),
(2872, '2540', '13,3105802047781', 1, 8, 15737),
(2873, '116853', '30,0179058488464', 1, 2, 15203),
(2874, '107869', '20,0217494288483', 1, 4, 15203),
(2875, '106966', '19,0170155411303', 1, 9, 15203),
(2876, '128557', '3,47848937607928', 1, 8, 15203),
(2877, '2192', '42,8768238044052', 1, 12, 15317),
(2878, '3194', '10,0966569561896', 1, 13, 15803),
(2879, '4235', '20,0810165494608', 1, 4, 15591),
(2880, '2492', '23,0976181895205', 1, 2, 15067),
(2881, '2451', '21,0723363493238', 1, 4, 15067),
(2882, '2410', '19,047054509127', 2, 9, 15067),
(2883, '2854', '40,9793749249164', 1, 12, 15067),
(2884, '420', '26,4737809011582', 20, 9, 15892),
(2885, '632', '21', 1, 8, 15892),
(2886, '229', '458,187500000001', 1, 2, 15458),
(2887, '229', '458,187500000001', 1, 4, 15458),
(2888, '217', '45,75', 1, 8, 15458),
(2889, '18012', '113,348024899532', 1, 4, 15177),
(2890, '20875', '5,79873646209387', 1, 8, 15177),
(2891, '1439', '138,512341901265', 1, 4, 15333),
(2892, '1679', '13,4536082474227', 1, 8, 15333),
(2893, '296', '19,5870690825409', 1, 2, 15338),
(2894, '296', '19,5870690825409', 1, 9, 15338),
(2895, '289', '16,7589965028862', 1, 12, 15338),
(2896, '579', '-5,9574147387208', 1, 2, 15493),
(2897, '530', '-13,916113664114', 1, 4, 15493),
(2898, '796', '22,7184466019418', 1, 8, 15493),
(2899, '2174', '31,3955928443435', 1, 2, 15713),
(2900, '2061', '24,5659231150837', 1, 4, 15713),
(2901, '2327', '11,5209125475285', 1, 8, 15713),
(2902, '1862', '14,1935483870968', 1, 8, 15870),
(2903, '13250', '92,5412841302015', 1, 2, 15696),
(2904, '313', '58,9453125', 1, 4, 15639),
(2905, '478', '34,5205479452055', 1, 8, 15639),
(2906, '997', '19,5967741935484', 1, 8, 15957),
(2907, '639', '20,1942610118258', 1, 9, 15957),
(2908, '9977', '30,3809145654653', 1, 2, 15115),
(2909, '748', '10,8335811815912', 1, 13, 15413),
(2910, '3476', '10,2892362964218', 1, 13, 15316),
(2911, '1581', '16,3492063492063', 1, 8, 15413),
(2912, '2556', '20,075224591406', 1, 4, 15233),
(2913, '2054', '33,7596833154188', 1, 2, 15311),
(2914, '1908', '24,2519356211388', 1, 4, 15311),
(2915, '2334', '12,2556390977444', 1, 8, 15311),
(2916, '6797', '40,3684563558804', 1, 12, 15853),
(2917, '2449', '32,7364367101396', 1, 2, 15554),
(2918, '2336', '26,6118073315174', 1, 4, 15554),
(2919, '2296', '24,4437969320051', 1, 9, 15554),
(2920, '2820', '10,7594936708861', 1, 8, 15554),
(2921, '3232', '20,16585', 1, 9, 15288),
(2922, '3875', '44,07261', 1, 12, 15288),
(2923, '58814', '67,5714892670367', 1, 12, 15129),
(2924, '1753', '25,1273686689406', 1, 4, 15106),
(2925, '1421', '110,554169597648', 1, 4, 15413),
(2926, '8769', '20,0828871820659', 1, 2, 15898),
(2927, '15232', '23,0769230769231', 1, 9, 15980),
(2928, '20015', '10,1660682226212', 1, 8, 15980),
(2929, '8769', '20,0828871820659', 1, 4, 15898),
(2930, '8769', '20,0828871820659', 1, 9, 15898),
(2931, '794', '25,0943396226415', 1, 8, 15762),
(2932, '4067', '11,7787418655098', 1, 8, 15452),
(2933, '2376', '11,6728624535316', 1, 8, 15450),
(2934, '1277', '32,9412958059282', 1, 2, 15886),
(2935, '1211', '26,0704065943453', 1, 4, 15886),
(2936, '304', '36,9767218875104', 1, 2, 15614),
(2937, '294', '32,4709086675265', 1, 4, 15614),
(2938, '5373', '40,4005237856726', 1, 12, 15857),
(2939, '9379', '30,2048337631754', 1, 2, 15114),
(2940, '18291', '45,027201143586', 1, 12, 15570),
(2941, '7934', '10,1444878000889', 1, 13, 15114),
(2942, '3694', '16,01', 2, 9, 15556),
(2943, '666', '40,4024431542973', 1, 2, 15600),
(2944, '627', '32,1806784650817', 1, 4, 15600),
(2945, '785', '23,7864077669903', 1, 8, 15600),
(2946, '600', '26,488687526394', 1, 9, 15600),
(2947, '666', '40,4024431542973', 1, 2, 15601),
(2948, '627', '32,1806784650817', 1, 4, 15601),
(2949, '785', '23,7864077669903', 1, 8, 15601),
(2950, '600', '26,488687526394', 1, 9, 15601),
(2951, '666', '40,4024431542973', 1, 2, 15602),
(2952, '627', '32,1806784650817', 1, 4, 15602),
(2953, '785', '23,7864077669903', 1, 8, 15602),
(2954, '600', '26,488687526394', 1, 9, 15602),
(2955, '666', '40,4024431542973', 1, 2, 15603),
(2956, '627', '32,1806784650817', 1, 4, 15603),
(2957, '785', '23,7864077669903', 1, 8, 15603),
(2958, '600', '26,488687526394', 1, 9, 15603),
(2959, '711', '33,4058841188832', 1, 2, 15619),
(2960, '663', '24,3995797057941', 1, 4, 15619),
(2961, '879', '36,5709632047062', 1, 2, 15970),
(2962, '799', '24,1412964739024', 1, 4, 15970),
(2963, '1052', '22,0740740740741', 1, 8, 15970),
(2964, '15235', '18,1230592462777', 1, 9, 15267),
(2965, '2527', '11,0211267605634', 1, 8, 15106),
(2966, '1924', '40,5309158665656', 1, 2, 15400),
(2967, '1854', '35,4180447071791', 1, 4, 15400),
(2968, '1788', '30,5973376140433', 1, 9, 15400),
(2969, '2542', '12,3448275862069', 1, 8, 15400),
(2970, '304', '30,8525525889522', 1, 2, 15193),
(2971, '3277', '30,9800779181578', 1, 4, 15901),
(2972, '3957', '10,2511932873657', 1, 13, 15868),
(2973, '5573', '9,23452768729641', 1, 8, 15868),
(2974, '3508', '40,2130342804082', 1, 12, 15901),
(2975, '1493', '18,5708698327244', 1, 9, 15240),
(2976, '1753', '39,219514277807', 1, 12, 15240),
(2977, '2471', '10,7942238267148', 1, 8, 15848),
(2978, '1434', '20,2145230679095', 1, 2, 15354),
(2979, '1434', '20,2145230679095', 1, 4, 15354),
(2980, '1434', '20,2145230679095', 1, 9, 15354),
(2981, '1546', '29,603662944901', 1, 12, 15354),
(2982, '1379', '15,6037847354583', 1, 13, 15354),
(2983, '4707', '23,1420643455089', 1, 2, 15697),
(2984, '8425', '25,1039439296745', 1, 2, 15867),
(2985, '8092', '20,1591827037301', 1, 4, 15867),
(2986, '7751', '15,0956284153005', 1, 9, 15867),
(2987, '9540', '41,6607270135424', 1, 12, 15867),
(2988, '7416', '10,1211689237348', 1, 13, 15867),
(2989, '10583', '7,89382071366406', 1, 8, 15867),
(2990, '8334', '23,1398989821381', 1, 2, 15773),
(2991, '8130', '20,1256753929425', 1, 4, 15773),
(2992, '10271', '10,3752181500873', 1, 8, 15773),
(2993, '39300', '26,0217704051372', 1, 2, 15929),
(2994, '38369', '23,0363691774735', 1, 4, 15929),
(2995, '37427', '20,0156946807397', 1, 9, 15929),
(2996, '45229', '45,0340624339428', 1, 12, 15929),
(2997, '41448', '32,9096778562882', 1, 13, 15929),
(2998, '44904', '10,1740348069614', 1, 8, 15929),
(2999, '3176', '44,9105022517705', 1, 12, 15842),
(3000, '840', '74,5226730310263', 1, 2, 15760),
(3001, '780', '62,0567678145244', 1, 4, 15760),
(3002, '23468', '10,3247993886129', 1, 8, 15221),
(3003, '1594', '187,805555555556', 1, 2, 15701),
(3004, '1413', '155,125', 1, 4, 15701),
(3005, '2067', '12,4152542372881', 1, 8, 15701),
(3006, '14114', '30,1478000982905', 1, 2, 15646),
(3007, '4236', '82,5281077641067', 1, 2, 15660),
(3008, '4031', '73,6947125583367', 1, 4, 15660),
(3009, '4412', '6,91983122362869', 1, 8, 15660),
(3010, '2393', '84,2542723568247', 1, 2, 15657),
(3011, '2275', '75,168604100199', 1, 4, 15657),
(3012, '2615', '11,6554054054054', 1, 8, 15657),
(3013, '2551', '210,903125', 1, 4, 15499),
(3014, '13034', '20,1889206802549', 1, 4, 15646),
(3015, '14937', '5,93828715365238', 1, 8, 15646),
(3016, '1219', '37,8923586231162', 1, 2, 15663),
(3017, '1146', '29,6346537999107', 1, 4, 15663),
(3018, '1544', '17,8723404255319', 1, 8, 15663),
(3019, '3833', '33,6748672971542', 1, 2, 15992),
(3020, '3554', '23,9448156467744', 1, 4, 15992),
(3021, '4376', '7,28813559322033', 1, 8, 15992),
(3022, '26955', '78,5528665068727', 1, 2, 15664),
(3023, '24874', '64,7680950284531', 1, 4, 15664),
(3024, '28705', '5,32651715039579', 1, 8, 15664),
(3025, '371', '88,3984375', 1, 4, 15121),
(3026, '2053', '88,4674412473637', 1, 2, 15666),
(3027, '1898', '74,2382871346791', 1, 4, 15666),
(3028, '2078', '12,3206751054852', 1, 8, 15666),
(3029, '6873', '7,49663526244953', 1, 8, 15883),
(3030, '354', '37,4661615781923', 1, 2, 15387),
(3031, '351', '36,3011941071907', 1, 4, 15387),
(3032, '773', '21,9191919191919', 1, 8, 15623),
(3033, '1011', '112,679080003452', 1, 2, 15624),
(3034, '893', '87,8560024165013', 1, 4, 15624),
(3035, '419', '28,9830508474576', 1, 8, 15387),
(3036, '317', '23,0982294358389', 1, 9, 15387),
(3037, '573', '103,184099505383', 1, 2, 15634),
(3038, '515', '82,6174716322375', 1, 4, 15634),
(3039, '829', '21,0476190476191', 1, 8, 15634),
(3040, '573', '103,184099505383', 1, 2, 15635),
(3041, '515', '82,6174716322375', 1, 4, 15635),
(3042, '829', '21,0476190476191', 1, 8, 15635),
(3043, '4555', '30,7628550902153', 1, 2, 15805),
(3044, '60234', '82,5452010205194', 1, 2, 15643),
(3045, '55671', '68,71657014333', 1, 4, 15643),
(3046, '60797', '5,37431906614786', 1, 8, 15643),
(3047, '13859', '78,737103174603', 1, 2, 15654),
(3048, '12794', '65,001984126984', 1, 4, 15654),
(3049, '14719', '6,54603174603174', 1, 8, 15654),
(3050, '691', '53,1732351605947', 1, 12, 15424),
(3051, '2627', '48,1900840469623', 1, 12, 15590),
(3052, '12067', '5,50509005481598', 1, 8, 15144),
(3053, '25210', '30,0868552934669', 1, 2, 15608),
(3054, '28788', '163,70067643743', 1, 2, 15027),
(3055, '26613', '143,777480270575', 1, 4, 15027),
(3056, '28458', '5,64323607427055', 1, 8, 15027),
(3057, '3431', '60,6337180427388', 1, 2, 15222),
(3058, '53', '3814,77272727273', 1, 2, 15346),
(3059, '51', '82,4137931034483', 1, 8, 15346),
(3060, '748', '135,973597359736', 1, 2, 15765),
(3061, '691', '117,991652106387', 1, 4, 15765),
(3062, '793', '23,0097087378641', 1, 8, 15765),
(3063, '748', '84,185271239519', 1, 2, 15764),
(3064, '691', '70,1497626022829', 1, 4, 15764),
(3065, '793', '23,0097087378641', 1, 8, 15764),
(3066, '270', '42,3588578844901', 1, 2, 15758),
(3067, '253', '33,3955223880592', 1, 4, 15758),
(3068, '295', '43,2692307692308', 1, 8, 15758),
(3069, '1271', '32,116525448123', 1, 2, 15769),
(3070, '1177', '22,3455156982225', 1, 4, 15769),
(3071, '1475', '7,23270440251572', 1, 8, 15769),
(3072, '1274', '32,4082080617268', 1, 2, 15318),
(3073, '1222', '27,0037914061461', 1, 4, 15318),
(3074, '1573', '16,7724867724868', 1, 8, 15318),
(3075, '10210', '33,4653084316611', 1, 2, 15269),
(3076, '9356', '22,3018046705799', 1, 4, 15269),
(3077, '11653', '6,77600000000001', 1, 8, 15269),
(3078, '15357', '30,1228070532205', 1, 2, 15140),
(3079, '14188', '20,2176457948227', 1, 4, 15140),
(3080, '70023', '5,27191558441558', 1, 8, 15691),
(3081, '276', '49,5', 1, 12, 15944),
(3082, '276', '49,5', 1, 12, 15945),
(3083, '276', '49,5', 1, 12, 15946),
(3084, '276', '49,5', 1, 12, 15947),
(3085, '276', '49,5', 1, 12, 15948),
(3086, '276', '49,5', 1, 12, 15949),
(3087, '276', '49,5', 1, 12, 15950),
(3088, '276', '49,5', 1, 12, 15951),
(3089, '764', '43,7064403959857', 1, 12, 15952),
(3090, '764', '43,7064403959857', 1, 12, 15953),
(3091, '764', '43,7064403959857', 1, 12, 15954),
(3092, '764', '43,7064403959857', 1, 12, 15955),
(3093, '764', '43,7064403959857', 1, 12, 15956),
(3094, '764', '43,7064403959857', 1, 12, 15957),
(3095, '764', '43,7064403959857', 1, 12, 15958),
(3096, '764', '43,7064403959857', 1, 12, 15959),
(3097, '544', '47,3333333333334', 1, 12, 15960),
(3098, '544', '47,3333333333334', 1, 12, 15961),
(3099, '544', '47,3333333333334', 1, 12, 15962),
(3100, '544', '47,3333333333334', 1, 12, 15963),
(3101, '544', '47,3333333333334', 1, 12, 15964),
(3102, '544', '47,3333333333334', 1, 12, 15965),
(3103, '544', '47,3333333333332', 1, 12, 15966),
(3104, '544', '47,3333333333334', 1, 12, 15967),
(3105, '544', '47,3333333333334', 1, 12, 15968),
(3106, '544', '47,3333333333334', 1, 12, 15969),
(3107, '916', '42,3196840677029', 1, 12, 15970),
(3108, '7400', '40,3696498054477', 1, 12, 15971),
(3109, '4628', '40,2380656389858', 1, 12, 15972),
(3110, '9895', '40,165988667732', 1, 12, 15973),
(3111, '7298', '40,2908123028392', 1, 12, 15974),
(3112, '3975', '40,5026464617168', 1, 12, 15975),
(3113, '148', '52,8644905043057', 1, 12, 15976),
(3114, '77', '55,241935483871', 1, 12, 15977),
(3115, '142', '53,0172413793103', 1, 12, 15978),
(3116, '12436', '40,2014138291175', 1, 12, 15979),
(3117, '17344', '40,142210730446', 1, 12, 15980),
(3118, '237', '48,125', 1, 12, 15981),
(3119, '237', '48,125', 1, 12, 15982),
(3120, '237', '48,125', 1, 12, 15983),
(3121, '237', '48,125', 1, 12, 15984),
(3122, '77', '55,241935483871', 1, 12, 15985),
(3123, '148', '52,8644905043057', 1, 12, 15986),
(3124, '148', '52,8644905043057', 1, 12, 15987),
(3125, '148', '52,8644905043057', 1, 12, 15988),
(3126, '5960', '40,4165861202397', 1, 12, 15991),
(3127, '4027', '40,4405662941926', 1, 12, 15992),
(3128, '3055', '41,2527504837058', 1, 12, 15993),
(3129, '3360', '40,386362467646', 1, 12, 15994),
(3130, '596', '43,5111050083425', 1, 12, 15995),
(3131, '596', '43,5111050083425', 1, 12, 15996),
(3132, '596', '43,5111050083425', 1, 12, 15997),
(3133, '596', '43,5111050083425', 1, 12, 15998),
(3134, '596', '43,5111050083425', 1, 12, 15999),
(3135, '596', '43,5111050083424', 1, 12, 16000),
(3136, '351', '12,25', 1, 8, 15193),
(3137, '1559', '17', 2, 13, 15446),
(3138, '1101', '35,6014097316963', 1, 2, 15357),
(3139, '1017', '25,255798090041', 1, 4, 15357),
(3140, '1270', '15,3333333333333', 1, 8, 15357),
(3141, '6078', '35,0882192030638', 1, 2, 15280),
(3142, '5570', '23,7975289504879', 1, 4, 15280),
(3143, '7434', '6,13636363636364', 1, 8, 15280),
(3144, '4376', '35,5767397521451', 1, 2, 15283),
(3145, '3970', '22,9980934223071', 1, 4, 15283),
(3146, '4933', '7,79439252336449', 1, 8, 15283),
(3147, '1118', '49,9463519313305', 1, 2, 15355),
(3148, '956', '28,2188841201717', 1, 4, 15355),
(3149, '1388', '11,025641025641', 1, 8, 15355),
(3150, '6239', '30,1794427324086', 1, 2, 15281),
(3151, '6013', '25,4638546481765', 1, 4, 15281),
(3152, '7306', '6,92993630573248', 1, 8, 15281),
(3153, '178486', '69,5471937160001', 1, 2, 15344),
(3154, '13272', '36,611324395324', 1, 2, 15644),
(3155, '168799', '141,511569379591', 1, 2, 15343),
(3156, '168770', '5,12143017764785', 1, 8, 15343),
(3157, '169052', '70,288134668647', 1, 2, 15277),
(3158, '159619', '60,7861590970516', 1, 4, 15277),
(3159, '173469', '5,07332822589471', 1, 8, 15277),
(3160, '96449', '120,511152913236', 1, 2, 15128),
(3161, '89330', '104,234997664459', 1, 4, 15128),
(3162, '97382', '5,18742089377861', 1, 8, 15128),
(3163, '116134', '39,9879459980714', 1, 2, 15752),
(3164, '120234', '44,9300867888139', 1, 4, 15752),
(3165, '128631', '5,1813356921716', 1, 8, 15752),
(3166, '121865', '49,9155341466886', 1, 2, 15352),
(3167, '110381', '35,7881801554641', 1, 4, 15352),
(3168, '128633', '5,17986141825151', 1, 8, 15352),
(3169, '12139', '24,9491310152832', 1, 4, 15644),
(3170, '13627', '40,2654096997499', 1, 12, 15644),
(3171, '13050', '82,8713551487837', 1, 2, 15598),
(3172, '12070', '69,1384870992965', 1, 4, 15598),
(3173, '10710', '50,0806293979673', 1, 9, 15598),
(3174, '14070', '6,01202404809619', 1, 8, 15598),
(3175, '13250', '30,1217219146586', 1, 2, 15167),
(3176, '5300', '10,2658757255037', 1, 13, 15275),
(3177, '369', '24,6938775510204', 1, 8, 15192),
(3178, '17991', '10,5815109343936', 1, 8, 15455),
(3179, '15010', '30,1103280104774', 1, 2, 15455),
(3180, '2228', '124,244363696424', 1, 2, 15320),
(3181, '1493', '18,5708698327244', 1, 13, 15240),
(3182, '689', '11,9090522366518', 1, 13, 15000),
(3183, '689', '11,9090522366518', 1, 13, 15001),
(3184, '689', '11,9090522366518', 1, 13, 15002),
(3185, '689', '11,9090522366518', 1, 13, 15003),
(3186, '689', '11,9090522366518', 1, 13, 15004),
(3187, '459', '12,495544294128', 1, 13, 15005),
(3188, '459', '12,495544294128', 1, 13, 15006),
(3189, '459', '12,495544294128', 1, 13, 15007),
(3190, '459', '12,495544294128', 1, 13, 15008),
(3191, '459', '12,495544294128', 1, 13, 15009),
(3192, '459', '12,495544294128', 1, 13, 15010),
(3193, '1575', '10,7954545454545', 1, 13, 15011),
(3194, '1575', '10,7954545454545', 1, 13, 15012),
(3195, '1575', '10,7954545454545', 1, 13, 15013),
(3196, '1147', '10,9449404761905', 1, 13, 15014),
(3197, '1214', '10,9533183352081', 1, 13, 15015),
(3198, '1147', '10,9449404761905', 1, 13, 15016),
(3199, '1668', '10,6326530612245', 1, 13, 15017),
(3200, '1811', '10,6343984962406', 1, 13, 15018),
(3201, '347', '13,2835434204396', 1, 13, 15019),
(3202, '952', '10,5', 1, 13, 15020),
(3203, '1053', '11,112012987013', 1, 13, 15021),
(3204, '906', '10,6954887218045', 1, 13, 15022),
(3205, '1100', '11,0248447204969', 1, 13, 15023),
(3206, '1290', '10,9126984126984', 1, 13, 15024),
(3207, '1290', '10,9126984126984', 1, 13, 15025),
(3208, '1904', '10,5', 1, 13, 15026),
(3209, '12021', '10,1134441939121', 1, 13, 15027),
(3210, '952', '10,5', 1, 13, 15028),
(3211, '1193', '10,7785714285714', 1, 13, 15029),
(3212, '1508', '10,7820976491863', 1, 13, 15030),
(3213, '906', '10,6954887218045', 1, 13, 15031),
(3214, '906', '10,6954887218045', 1, 13, 15032),
(3215, '1147', '10,9449404761905', 1, 13, 15033),
(3216, '1510', '10,579089680036', 1, 13, 15034),
(3217, '1811', '10,6343984962406', 1, 13, 15035),
(3218, '1811', '10,6343984962406', 1, 13, 15036),
(3219, '1455', '11,1078477443609', 1, 13, 15037),
(3220, '1508', '10,7820976491863', 1, 13, 15038),
(3221, '1526', '10,703125', 1, 13, 15039),
(3222, '2212', '10,6681034482759', 1, 13, 15040),
(3223, '2112', '10,4247104247104', 1, 13, 15041),
(3224, '1240', '10,7142857142857', 1, 13, 15042),
(3225, '1240', '10,7142857142857', 1, 13, 15043),
(3226, '952', '10,4999999999999', 1, 13, 15044),
(3227, '2662', '10,3507653061223', 1, 13, 15045),
(3228, '2144', '10,6031746031746', 1, 13, 15046),
(3229, '3798', '10,2098214285714', 1, 13, 15047),
(3230, '1382', '10,7371794871795', 1, 13, 15048),
(3231, '3523', '10,09375', 1, 13, 15049),
(3232, '286', '15,1082564979013', 1, 13, 15053),
(3233, '286', '15,1082564979013', 1, 13, 15054),
(3234, '286', '15,1082564979013', 1, 13, 15055),
(3235, '286', '15,1082564979013', 1, 13, 15056),
(3236, '286', '15,1082564979013', 1, 13, 15057),
(3237, '18959', '10,0299107142857', 1, 13, 15058),
(3238, '3305', '10,2345032840723', 1, 13, 15059),
(3239, '5782', '10,2011494252873', 1, 13, 15060),
(3240, '4939', '10,2455357142857', 1, 13, 15061),
(3241, '4134', '10,3078817733991', 1, 13, 15062),
(3242, '2272', '10,3407053197848', 1, 13, 15063),
(3243, '3039', '10,0741738388134', 1, 13, 15064),
(3244, '624', '11,4285714285714', 1, 13, 15065),
(3245, '3231', '10,3019957983194', 1, 13, 15066),
(3246, '46026', '10,0128154675925', 1, 13, 15068),
(3247, '3662', '15,01', 3, 13, 15556),
(3248, '1030', '31,2732557582313', 1, 2, 15793),
(3249, '989', '26,0478154804764', 1, 4, 15793),
(3250, '947', '20,6949254398495', 1, 9, 15793),
(3251, '1116', '42,2339353652292', 1, 12, 15793),
(3252, '871', '11,0087434615723', 1, 13, 15793),
(3253, '1258', '13,8356164383562', 1, 8, 15793),
(3254, '2776', '30,3710427504307', 1, 2, 15794),
(3255, '2666', '25,2050432178128', 1, 4, 15794),
(3256, '2557', '20,0860073173096', 1, 9, 15794),
(3257, '3000', '40,8908963441254', 1, 12, 15794),
(3258, '2348', '10,2706082053355', 1, 13, 15794),
(3259, '3579', '8,46547314578005', 1, 8, 15794),
(3260, '7087', '23,0381944444444', 1, 2, 15599),
(3261, '7028', '22,0138888888889', 1, 4, 15599),
(3262, '6973', '21,0590277777778', 1, 9, 15599),
(3263, '7012', '21,7361111111111', 1, 12, 15599),
(3264, '6913', '20,0173611111111', 1, 13, 15599),
(3265, '27453', '68,910604433305', 1, 2, 15709),
(3266, '22872', '40,7249970713056', 1, 4, 15709),
(3267, '31730', '5,31184720978813', 1, 8, 15709),
(3268, '299', '33,2917261055635', 1, 2, 15192),
(3269, '3114', '31,0017655369608', 1, 2, 15850),
(3270, '8875', '23,2080072127286', 1, 4, 15114),
(3271, '9129', '25,0127354413364', 1, 12, 15898),
(3272, '3519', '127,039769719428', 1, 4, 15321),
(3273, '3834', '9,36170212765958', 1, 8, 15321),
(3274, '55671', '109,773161173633', 1, 2, 15542),
(3275, '52775', '98,8607817524112', 1, 4, 15542),
(3276, '8513', '20,2373260941367', 1, 2, 15278),
(3277, '8152', '15,1385742181843', 1, 4, 15278),
(3278, '1588', '30,7386013064112', 1, 2, 15081),
(3279, '2700', '16,0100782681328', 1, 9, 15864),
(3280, '354', '37,4661615781923', 1, 2, 15390),
(3281, '351', '36,3011941071907', 1, 4, 15390),
(3282, '419', '28,9830508474576', 1, 8, 15390),
(3283, '317', '23,0982294358389', 1, 9, 15390),
(3284, '2771', '34,1631858154798', 1, 2, 15615),
(3285, '2554', '23,6567219677861', 1, 4, 15615),
(3286, '1585', '26,2102166286491', 1, 2, 15605),
(3287, '294', '32,4997566331', 1, 4, 15711),
(3288, '290', '30,697038855779', 10, 9, 15711),
(3289, '7417', '33,326273557742', 1, 2, 15658),
(3290, '7452', '30,30395863846', 1, 2, 15661),
(3291, '7223', '26,2997172900693', 1, 4, 15661),
(3292, '509', '24,7499608839022', 1, 4, 15008),
(3293, '25063', '5,56518462697815', 1, 8, 15226),
(3294, '1674', '12,8125', 1, 8, 15796),
(3295, '18652', '25,1207470215735', 1, 2, 15550),
(3296, '1266', '21,4911417322833', 1, 2, 15714),
(3297, '462', '38,9321255821316', 1, 2, 15891),
(3298, '428', '28,7076834397237', 1, 4, 15891),
(3299, '428', '28,7076834397237', 10, 9, 15891),
(3300, '662', '24,7727272727273', 1, 8, 15891),
(3301, '8295', '10,2568688633645', 1, 4, 15245),
(3302, '103554', '134,563746695227', 1, 4, 15080),
(3303, '5253', '16,1941922811488', 4, 13, 15858),
(3304, '27628', '20,0956731478107', 1, 9, 15244),
(3305, '6178', '35,2451838879159', 1, 2, 15289),
(3306, '6178', '35,2451838879159', 1, 4, 15289),
(3307, '5951', '30,2758318739054', 1, 9, 15289),
(3308, '1904', '108,931706658263', 1, 4, 15361),
(3309, '1266', '21,4911417322833', 1, 2, 15907),
(3310, '1244', '19,3799212598424', 1, 4, 15907),
(3311, '1349', '18,2424242424242', 1, 8, 15907),
(3312, '1170', '12,2785433070865', 1, 9, 15907),
(3313, '1266', '21,4911417322833', 1, 2, 15906),
(3314, '1244', '19,3799212598424', 1, 4, 15906),
(3315, '1349', '18,2424242424242', 1, 8, 15906),
(3316, '1170', '12,2785433070865', 1, 9, 15906),
(3317, '1244', '19,3799212598424', 1, 4, 15932),
(3318, '1029', '43,8015995872034', 1, 4, 15464),
(3319, '56730', '30,0616874047081', 1, 2, 15296),
(3320, '53238', '22,0557749700661', 1, 4, 15296),
(3321, '66309', '5,39449279497789', 1, 8, 15296),
(3322, '27517', '128,942026091587', 1, 2, 15158),
(3323, '26013', '116,428714057508', 1, 4, 15158),
(3324, '29799', '5,51997463538363', 1, 8, 15158),
(3325, '293', '26,1177562781677', 1, 4, 15193),
(3326, '280', '20,522087910877', 1, 9, 15193),
(3327, '296', '282,758620689655', 1, 2, 15428),
(3328, '252', '225,862068965517', 1, 4, 15428),
(3329, '318', '40', 1, 8, 15428),
(3330, '21035', '22,0090243175847', 1, 2, 15439),
(3331, '20864', '21,0171753440498', 1, 4, 15439),
(3332, '1741', '13,4801780307798', 1, 13, 15317),
(3333, '16446', '30,1014053673103', 1, 2, 15456),
(3334, '7096', '30,4364577399112', 1, 2, 15753),
(3335, '6829', '25,5285470555036', 1, 4, 15753),
(3336, '6550', '20,400056115617', 1, 9, 15753),
(3337, '8286', '7,21164613661814', 1, 8, 15753),
(3338, '8450', '22,7923094120277', 1, 2, 15186),
(3339, '8450', '14,113271835785', 1, 2, 15188),
(3340, '8450', '14,113271835785', 1, 4, 15188),
(3341, '8029', '6,31271878646442', 1, 8, 15188),
(3342, '15814', '25,1017648351359', 1, 4, 15456),
(3343, '15305', '21,0751556090651', 1, 9, 15456),
(3344, '530', '29,8968158516074', 1, 2, 15877),
(3345, '703', '32,2324968565157', 1, 2, 15954),
(3346, '668', '25,6490866289509', 1, 4, 15954),
(3347, '997', '19,5967741935484', 1, 8, 15954),
(3348, '7869', '149,673763065749', 1, 2, 15316),
(3349, '1585', '25,0303385919384', 1, 2, 15616),
(3350, '2705', '38,7106646297138', 1, 12, 15232),
(3351, '1908', '21,97', 1, 4, 15421),
(3352, '2633', '20,1351865330327', 1, 13, 15842),
(3353, '351', '41,269223883788', 1, 2, 15728),
(3354, '4595', '20,0707997013151', 1, 13, 15857),
(3355, '296', '282,758620689655', 1, 2, 15596),
(3356, '7231', '7,41357234314981', 1, 8, 15530),
(3357, '9396', '30,7681910300035', 1, 2, 15543),
(3358, '3608', '30,9796854521622', 1, 2, 15541),
(3359, '2554', '30,650695712397', 1, 2, 15545),
(3360, '4379', '30,5920730662882', 1, 4, 15582),
(3361, '6450', '20,4923170362462', 1, 4, 15525),
(3362, '11359', '30,035995667039', 1, 2, 15535),
(3363, '3656', '10,3921568627451', 1, 8, 15536),
(3364, '9669', '20,3361066718407', 1, 4, 15578),
(3365, '14224', '30,2213220496338', 1, 2, 15527),
(3366, '614', '227,522122785814', 1, 2, 15434),
(3367, '12455', '137,384177809055', 1, 2, 15060),
(3368, '4108', '9,71428571428572', 1, 8, 15064),
(3369, '2533', '31,7215976410133', 1, 2, 15849),
(3370, '2333', '21,3211556638311', 1, 4, 15849),
(3371, '2949', '6,97160883280758', 1, 8, 15849),
(3372, '1412', '11,0418646074409', 1, 13, 15238),
(3373, '237', '45,7422597946178', 1, 2, 15196),
(3374, '156', '61,1274359369709', 1, 2, 15987),
(3375, '450', '29,6875', 1, 8, 15085),
(3376, '1261', '35,1903369106263', 1, 2, 15521),
(3377, '225', '38,362904868308', 1, 4, 15196),
(3378, '384', '32,6315789473684', 1, 8, 15196),
(3379, '217', '33,4433349174349', 1, 9, 15196),
(3380, '33382', '168,375028859791', 1, 2, 15459),
(3381, '1104', '18,2222222222222', 1, 8, 15607),
(3382, '3917', '23,01', 1, 2, 15556),
(3383, '698', '86,6770901909148', 1, 2, 15710),
(3384, '674', '80,2583936800524', 1, 4, 15710),
(3385, '507', '35,5949637919682', 1, 9, 15710),
(3386, '544', '45,4904542462144', 1, 12, 15710),
(3387, '420', '12,327188940092', 1, 13, 15710),
(3388, '903', '17,1559633027523', 1, 8, 15710),
(3389, '8769', '20,0828871820659', 1, 13, 15898),
(3390, '7837', '50,5393238504275', 1, 4, 15745),
(3391, '7837', '50,5393238504275', 1, 9, 15745),
(3392, '7298', '40,1857835218093', 1, 12, 15745),
(3393, '1639', '23', 1, 2, 15446),
(3394, '2147', '116,091853167066', 1, 4, 15320),
(3395, '1415', '42,4173135684202', 1, 12, 15320),
(3396, '1101', '10,8137542323891', 1, 13, 15320),
(3397, '2635', '10,9797297297297', 1, 8, 15320),
(3398, '579', '39,0548153601822', 1, 2, 15448),
(3399, '531', '27,5269550194417', 1, 4, 15448),
(3400, '517', '24,1646624200591', 1, 9, 15448),
(3401, '596', '43,1375992308612', 1, 12, 15448),
(3402, '465', '11,6761470509235', 1, 13, 15448),
(3403, '672', '25,3333333333333', 1, 8, 15448),
(3404, '916', '21,3149909305125', 1, 9, 15920),
(3405, '154', '23,9270386266094', 1, 4, 15784),
(3406, '16857', '5,98438371444506', 1, 8, 15266),
(3407, '13315', '129,341854220401', 1, 2, 15216),
(3408, '940', '17,5', 1, 12, 15930),
(3409, '5754', '10,0780532598714', 1, 13, 15659),
(3410, '2080', '30', 1, 2, 15798),
(3411, '1975', '23,4375', 1, 4, 15798),
(3412, '2610', '11,5254237288135', 1, 8, 15798),
(3413, '1907', '19,1875', 10, 9, 15798),
(3414, '2396', '30,5656040937003', 1, 2, 15749),
(3415, '4235', '20,0810165494608', 1, 13, 15591),
(3416, '2185', '23,2566934307623', 1, 2, 15590),
(3417, '1238', '135,332244169082', 1, 2, 15094),
(3418, '1112', '111,380820287576', 1, 4, 15094),
(3419, '637', '32,3463603818615', 1, 2, 15759),
(3420, '2624', '19,1659545774259', 4, 9, 15903),
(3421, '80', '61,2903225806452', 1, 9, 15977),
(3422, '315', '31,2499825000024', 1, 2, 15782),
(3423, '304', '26,66664977778', 1, 4, 15782),
(3424, '288', '19,9999840000021', 1, 9, 15782),
(3425, '3393', '26,15184', 1, 2, 15288),
(3426, '2757', '23,1227465455964', 1, 2, 15595),
(3427, '787', '27,8264500874382', 1, 2, 15004),
(3428, '776', '26,039803389901', 1, 4, 15004),
(3429, '903', '17,1559633027523', 1, 8, 15004),
(3430, '748', '21,4919754325334', 1, 9, 15004),
(3431, '692', '12,3963195177983', 1, 2, 15002),
(3432, '742', '20,5174408702403', 1, 4, 15002),
(3433, '796', '22,7184466019418', 1, 8, 15002),
(3434, '745', '21,0047081513869', 1, 9, 15002),
(3435, '692', '12,3963195177983', 1, 2, 15490),
(3436, '742', '20,5174408702403', 1, 4, 15490),
(3437, '796', '22,7184466019418', 1, 8, 15490),
(3438, '745', '21,0047081513869', 1, 9, 15490),
(3439, '509', '24,7499608839022', 1, 4, 15877),
(3440, '6150', '114,194624639214', 1, 2, 15336),
(3441, '5702', '98,5915040150888', 1, 4, 15336),
(3442, '6611', '7,0182841068917', 1, 8, 15336),
(3443, '139286', '10,0080382652259', 1, 13, 15130),
(3444, '104732', '10,0126050420168', 1, 13, 15069),
(3445, '906', '10,6954887218045', 1, 13, 15070),
(3446, '5840', '10,105580693816', 1, 13, 15071),
(3447, '1908', '30,3607368546365', 1, 2, 15075),
(3448, '1835', '25,373140528437', 1, 4, 15075),
(3449, '900', '11,0197368421053', 1, 13, 15076),
(3450, '426', '11,5332975295381', 1, 13, 15078),
(3451, '17511', '10,0490196078431', 1, 13, 15079),
(3452, '48573', '10,0243821409819', 1, 13, 15080),
(3453, '1347', '10,8972896471889', 1, 13, 15081),
(3454, '1569', '10,9304298642534', 1, 13, 15082),
(3455, '3944', '10,2159203655323', 1, 13, 15083),
(3456, '434', '12,4800637958533', 1, 13, 15084),
(3457, '130', '21,3658399599082', 1, 13, 15085),
(3458, '250', '15,7847235417062', 1, 13, 15086),
(3459, '413', '13,0507207207077', 1, 13, 15087),
(3460, '144', '16,2964067392277', 1, 13, 15088),
(3461, '225', '15,5067290073923', 1, 13, 15089),
(3462, '295', '14,4229621673233', 1, 13, 15090),
(3463, '312', '11,4628676955546', 1, 13, 15091),
(3464, '298', '14,0691128088759', 1, 13, 15092),
(3465, '12512', '10,061012082785', 1, 13, 15093),
(3466, '585', '11,2030394498487', 1, 13, 15094),
(3467, '274', '13,3913412563667', 1, 13, 15095),
(3468, '274', '13,3913412563667', 1, 13, 15096),
(3469, '198', '12,8947368421052', 1, 13, 15097),
(3470, '96', '23,1578947368421', 1, 13, 15098),
(3471, '719', '10,7980196047413', 1, 13, 15099),
(3472, '680', '10,5187130532343', 1, 13, 15100),
(3473, '3158', '10,2416756176155', 1, 13, 15101),
(3474, '2677', '10,3392517438174', 1, 13, 15102),
(3475, '719', '10,9216786192618', 1, 13, 15103),
(3476, '1093', '11,2860275689223', 1, 13, 15104),
(3477, '822', '11,591478696742', 1, 13, 15105),
(3478, '1824', '30,1952769264961', 1, 2, 15106),
(3479, '1249', '11,2733004385964', 1, 13, 15107),
(3480, '1317', '10,4295665634676', 1, 13, 15108),
(3481, '598', '11,4392252953773', 1, 13, 15109),
(3482, '4591', '20,1073332080373', 1, 4, 15697),
(3483, '2630', '10,3757747933884', 1, 13, 15112),
(3484, '2905', '10,4153672228289', 1, 13, 15113),
(3485, '8875', '23,2080072127286', 1, 9, 15114),
(3486, '8424', '10,0860804149022', 1, 13, 15115),
(3487, '216', '14,4565217391304', 1, 13, 15116),
(3488, '216', '14,4565217391304', 1, 13, 15117),
(3489, '236', '12,7941176470588', 1, 13, 15118),
(3490, '7137', '10,1521392253579', 1, 13, 15119),
(3491, '116', '19,812708773645', 1, 13, 15120),
(3492, '227', '15,2734375', 1, 13, 15121),
(3493, '227', '15,2734375', 1, 13, 15122),
(3494, '227', '15,2734375', 1, 13, 15123),
(3495, '260', '13,8609414301114', 1, 13, 15124),
(3496, '319', '10,433532168726', 1, 13, 15125),
(3497, '227', '15,2734375', 1, 13, 15126),
(3498, '239', '13,0177208294242', 1, 13, 15127),
(3499, '48120', '10,0166583187481', 1, 13, 15128),
(3500, '797', '10,3799715909091', 1, 13, 15131),
(3501, '233', '13,5875', 1, 13, 15132),
(3502, '233', '13,5875', 1, 13, 15133),
(3503, '1270', '10,5580357142857', 1, 13, 15134),
(3504, '2873', '10,1610429447853', 1, 13, 15135),
(3505, '1586', '10,4535714285715', 1, 13, 15136),
(3506, '123911', '10,00757676195', 1, 13, 15137),
(3507, '4394', '10,1765633337211', 1, 13, 15138),
(3508, '987', '11,0357922695149', 1, 13, 15139),
(3509, '12991', '10,0752351649663', 1, 13, 15140),
(3510, '3462', '10,2742276932725', 1, 13, 15141),
(3511, '2198', '10,3436380112864', 1, 13, 15142),
(3512, '930', '11,4765183181707', 1, 13, 15143),
(3513, '1317', '10,4789723646626', 1, 13, 15145),
(3514, '1096', '11,0026176922758', 1, 13, 15146),
(3515, '831', '11,0627535914026', 1, 13, 15147),
(3516, '679', '10,8102905731119', 1, 13, 15148),
(3517, '736', '11,5324836804477', 1, 13, 15150),
(3518, '1829', '10,5266312981447', 1, 13, 15151),
(3519, '1810', '10,4527503393889', 1, 13, 15153),
(3520, '1810', '10,4527503393889', 1, 13, 15154),
(3521, '1856', '10,6112469437653', 1, 13, 15155),
(3522, '229', '14,5054046550997', 1, 13, 15156),
(3523, '229', '14,5054046550997', 1, 13, 15157),
(3524, '13228', '10,0572417465389', 1, 13, 15158),
(3525, '28142', '10,0330497961522', 1, 13, 15159),
(3526, '25718', '10,0331323033112', 1, 13, 15160),
(3527, '278', '12,9375', 1, 13, 15161),
(3528, '278', '12,9375', 1, 13, 15162),
(3529, '278', '12,9375', 1, 13, 15163),
(3530, '189', '15,172738795541', 1, 13, 15164),
(3531, '189', '15,172738795541', 1, 13, 15165),
(3532, '15822', '10,0608805983439', 1, 13, 15166),
(3533, '12229', '20,0949839467441', 1, 4, 15167),
(3534, '470', '11,6249977675001', 1, 13, 15168),
(3535, '470', '11,6249977675001', 1, 13, 15169),
(3536, '470', '11,6249977675001', 1, 13, 15170),
(3537, '470', '11,6249977675001', 1, 13, 15171),
(3538, '22545', '10,0389217060473', 1, 13, 15172),
(3539, '132', '21,875', 1, 13, 15173),
(3540, '40529', '10,028153178238', 1, 13, 15174),
(3541, '65308', '10,0150452532468', 1, 13, 15175),
(3542, '9300', '10,1563752812375', 1, 13, 15177),
(3543, '2423', '10,4907582362075', 1, 13, 15179),
(3544, '3358', '10,0550603041426', 1, 13, 15180),
(3545, '6178', '10,1600219458667', 1, 13, 15181),
(3546, '5959', '10,0942334366685', 1, 13, 15182),
(3547, '6358', '10,130933769187', 1, 13, 15183);
INSERT INTO `lista_productos` (`id_lista_producto`, `importe`, `porcentaje`, `cantidadminima`, `fkIdListaPrecioProducto`, `fkIdProductoLista`) VALUES
(3548, '8515', '10,069803516029', 1, 13, 15184),
(3549, '40175', '10,0407568503281', 1, 13, 15185),
(3550, '7577', '10,1061927118265', 1, 13, 15186),
(3551, '11308', '10,0658879904162', 1, 13, 15187),
(3552, '8151', '10,0754176015957', 1, 13, 15188),
(3553, '77836', '10,0097586601586', 1, 13, 15190),
(3554, '290', '29,2796005706134', 1, 4, 15192),
(3555, '351', '51,0830459168494', 1, 12, 15193),
(3556, '188', '15,6098938455196', 1, 13, 15194),
(3557, '188', '15,6098938455196', 1, 13, 15195),
(3558, '188', '15,6098938455196', 1, 13, 15196),
(3559, '454', '12,9209183673469', 1, 13, 15197),
(3560, '454', '12,9209183673469', 1, 13, 15198),
(3561, '2062', '10,4642857142854', 1, 13, 15199),
(3562, '1877', '10,511775362319', 1, 13, 15200),
(3563, '6777', '10,1262499999999', 1, 13, 15201),
(3564, '1270', '10,5580357142857', 1, 13, 15202),
(3565, '98868', '10,0066777529352', 1, 13, 15203),
(3566, '192', '14,1463414634146', 1, 13, 15204),
(3567, '192', '14,1463414634146', 1, 13, 15205),
(3568, '192', '14,1463414634146', 1, 13, 15206),
(3569, '192', '14,1463414634146', 1, 13, 15207),
(3570, '192', '14,1463414634146', 1, 13, 15208),
(3571, '260', '13,8609414301114', 1, 13, 15209),
(3572, '179', '19,0159574468085', 1, 13, 15210),
(3573, '179', '19,0159574468085', 1, 13, 15211),
(3574, '179', '19,0159574468085', 1, 13, 15212),
(3575, '7668', '10,0724953475771', 1, 13, 15213),
(3576, '5752', '10,0959575336873', 1, 13, 15214),
(3577, '4736', '10,2505085619873', 1, 13, 15215),
(3578, '6391', '10,0806451612904', 1, 13, 15216),
(3579, '23223', '10,0490939419213', 1, 13, 15217),
(3580, '3871', '10,2252090947444', 1, 13, 15219),
(3581, '1619', '10,8795060549015', 1, 13, 15220),
(3582, '17456', '10,0825861557678', 1, 13, 15221),
(3583, '2358', '10,3976412546715', 1, 13, 15222),
(3584, '2639', '10,267459201865', 1, 13, 15223),
(3585, '4153', '10,0945312523196', 1, 13, 15225),
(3586, '11540', '10,1201078935314', 1, 13, 15226),
(3587, '16025', '10,0677057943367', 1, 13, 15227),
(3588, '32118', '10,0273144172622', 1, 13, 15228),
(3589, '17056', '10,0653657064341', 1, 13, 15229),
(3590, '16699', '10,0498625181484', 1, 13, 15231),
(3591, '56177', '10,0252120050203', 1, 13, 15234),
(3592, '10159', '10,0558333333333', 1, 13, 15235),
(3593, '10858', '10,1106972511957', 1, 13, 15236),
(3594, '1880', '13,7614678899082', 1, 8, 15238),
(3595, '6174', '32,2754950197226', 1, 2, 15239),
(3596, '1753', '16,5238095238095', 1, 8, 15240),
(3597, '1514', '10,5995444600953', 1, 13, 15241),
(3598, '286', '15,2832355924978', 1, 13, 15242),
(3599, '2452', '10,3868835171674', 1, 13, 15243),
(3600, '25313', '10,0326398722503', 1, 13, 15244),
(3601, '8289', '10,1771170594851', 1, 13, 15245),
(3602, '148', '14,6329837940896', 1, 13, 15246),
(3603, '87', '25,1844746162928', 1, 13, 15247),
(3604, '254', '14,9821377233899', 1, 13, 15248),
(3605, '254', '14,9821377233899', 1, 13, 15249),
(3606, '340', '14,0743289745354', 1, 13, 15250),
(3607, '20992', '10,0387096774196', 1, 13, 15251),
(3608, '19073', '10,0430498846086', 1, 13, 15252),
(3609, '879', '10,7267441860466', 1, 13, 15253),
(3610, '1751', '10,2858527131783', 1, 13, 15254),
(3611, '32395', '10,0203459331121', 1, 13, 15255),
(3612, '11933', '10,0996933966728', 1, 13, 15256),
(3613, '10115', '10,0559952717812', 1, 13, 15257),
(3614, '2050', '10,672757475083', 1, 13, 15258),
(3615, '1118', '10,2173913043478', 1, 13, 15259),
(3616, '1118', '10,2173913043478', 1, 13, 15260),
(3617, '1118', '10,2173913043478', 1, 13, 15261),
(3618, '1118', '10,2173913043478', 1, 13, 15262),
(3619, '1118', '10,2173913043478', 1, 13, 15263),
(3620, '600', '11,5135341212352', 1, 13, 15264),
(3621, '600', '11,5135341212352', 1, 13, 15265),
(3622, '7493', '10,1925060935878', 1, 13, 15266),
(3623, '14196', '10,0672759474997', 1, 13, 15267),
(3624, '10720', '10,0113253143933', 1, 13, 15268),
(3625, '8423', '10,1056114515065', 1, 13, 15269),
(3626, '229', '14,5', 1, 13, 15270),
(3627, '229', '14,5', 1, 13, 15271),
(3628, '229', '14,5', 1, 13, 15272),
(3629, '229', '14,5', 1, 13, 15273),
(3630, '14234', '10,0197078856911', 1, 13, 15274),
(3631, '9514', '6,4503441494592', 1, 8, 15275),
(3632, '92555', '10,00883204845', 1, 13, 15276),
(3633, '109213', '10,0115825400879', 1, 13, 15277),
(3634, '7797', '10,1245661407241', 1, 13, 15278),
(3635, '2268', '10,421452112254', 1, 13, 15279),
(3636, '4953', '10,0842299626152', 1, 13, 15280),
(3637, '5276', '10,0860297894195', 1, 13, 15281),
(3638, '4851', '10,2140327165958', 1, 13, 15282),
(3639, '3557', '10,2025738798857', 1, 13, 15283),
(3640, '4631', '10,1113251719262', 1, 13, 15284),
(3641, '5173', '10,1864595621968', 1, 13, 15285),
(3642, '6824', '10,1050063571765', 1, 13, 15286),
(3643, '1717', '10,5321017325164', 1, 13, 15287),
(3644, '3315', '23,25179', 1, 4, 15288),
(3645, '5033', '10,1795096322242', 1, 13, 15289),
(3646, '940', '11,1016825874024', 1, 13, 15290),
(3647, '299', '14,0730161214587', 1, 13, 15291),
(3648, '337', '14,2949074718241', 1, 13, 15292),
(3649, '396', '11,5638002773925', 1, 13, 15293),
(3650, '1941', '10,6581153389365', 1, 13, 15294),
(3651, '1114', '10,2735136452242', 1, 13, 15295),
(3652, '47986', '10,0148093037604', 1, 13, 15296),
(3653, '276', '14,0254237288136', 1, 13, 15297),
(3654, '116', '19,812708773645', 1, 13, 15298),
(3655, '295', '14,5551346484936', 1, 13, 15299),
(3656, '295', '14,5551346484936', 1, 13, 15300),
(3657, '295', '14,5551346484936', 1, 13, 15301),
(3658, '295', '14,5551346484936', 1, 13, 15302),
(3659, '295', '14,5551346484936', 1, 13, 15303),
(3660, '13212', '10,1', 1, 13, 15304),
(3661, '302', '13,2499999999998', 1, 13, 15305),
(3662, '216', '14,4565217391304', 1, 13, 15306),
(3663, '236', '12,7941176470588', 1, 13, 15307),
(3664, '216', '14,4565217391304', 1, 13, 15308),
(3665, '216', '14,4565217391304', 1, 13, 15309),
(3666, '216', '14,4565217391304', 1, 13, 15310),
(3667, '1698', '10,5764081156676', 1, 13, 15311),
(3668, '920', '11,0148514851485', 1, 13, 15312),
(3669, '80', '16,7664670658683', 1, 13, 15313),
(3670, '850', '11,2595317366555', 1, 13, 15314),
(3671, '3199', '10,0449137712041', 1, 13, 15315),
(3672, '7148', '126,79731330461', 1, 4, 15316),
(3673, '1065', '10,6866103498736', 1, 13, 15318),
(3674, '414', '12,7262064343164', 1, 13, 15319),
(3675, '1714', '10,5843038644785', 1, 13, 15321),
(3676, '133107', '10,0057851239669', 1, 13, 15322),
(3677, '51309', '10,0125590347202', 1, 13, 15323),
(3678, '10198', '10,0893509599416', 1, 13, 15324),
(3679, '3172', '10,4535714285717', 1, 13, 15326),
(3680, '2628', '10,4439655172412', 1, 13, 15327),
(3681, '3062', '10,4086538461541', 1, 13, 15328),
(3682, '24680', '10,0173738112657', 1, 13, 15329),
(3683, '20312', '10,0233333333333', 1, 13, 15330),
(3684, '252730', '10,0052023193848', 1, 13, 15331),
(3685, '1997', '10,3308665200934', 1, 13, 15332),
(3686, '672', '11,3831089351286', 1, 13, 15333),
(3687, '6135', '10,1450462925453', 1, 13, 15334),
(3688, '5344', '10,2369897248564', 1, 13, 15335),
(3689, '3172', '10,4756665618838', 1, 13, 15336),
(3690, '2440', '10,1388888888889', 1, 13, 15337),
(3691, '2038', '10,391666666667', 1, 13, 15339),
(3692, '501', '12,7388755539143', 1, 13, 15340),
(3693, '107731', '10,0100932047815', 1, 13, 15342),
(3694, '76893', '10,0157530809123', 1, 13, 15343),
(3695, '115812', '10,0119874871833', 1, 13, 15344),
(3696, '54053', '10,0270382330762', 1, 13, 15345),
(3697, '15', '1007,95454545455', 1, 13, 15346),
(3698, '69025', '10,0151946616798', 1, 13, 15347),
(3699, '239', '13,0177208294242', 1, 13, 15348),
(3700, '239', '13,0177208294242', 1, 13, 15349),
(3701, '239', '13,0177208294246', 1, 13, 15350),
(3702, '239', '13,0177208294242', 1, 13, 15351),
(3703, '89425', '10,0085885288445', 1, 13, 15352),
(3704, '3096', '11,7948717948718', 1, 8, 15353),
(3705, '828', '11,0515021459227', 1, 13, 15355),
(3706, '1058', '11,0435325525319', 1, 13, 15356),
(3707, '902', '11,0921631044415', 1, 13, 15357),
(3708, '62052', '10,0228059907783', 1, 13, 15358),
(3709, '1438', '10,2067285018078', 1, 13, 15359),
(3710, '1537', '10,759423503326', 1, 13, 15360),
(3711, '1012', '11,0498356818079', 1, 13, 15361),
(3712, '8274', '10,1141716539665', 1, 13, 15362),
(3713, '10118', '10,054820744866', 1, 13, 15363),
(3714, '38497', '10,0315397026784', 1, 13, 15365),
(3715, '52639', '10,0036201317907', 1, 13, 15366),
(3716, '71186', '10,0102550609598', 1, 13, 15367),
(3717, '11156', '10,0830900374685', 1, 13, 15368),
(3718, '179', '19,0159574468085', 1, 13, 15369),
(3719, '689', '11,9090522366518', 1, 13, 15370),
(3720, '264', '12,8947368421053', 1, 13, 15371),
(3721, '264', '12,8947368421053', 1, 13, 15372),
(3722, '264', '12,8947368421053', 1, 13, 15373),
(3723, '264', '12,8947368421053', 1, 13, 15374),
(3724, '264', '12,8947368421053', 1, 13, 15375),
(3725, '264', '12,8947368421053', 1, 13, 15376),
(3726, '264', '12,8947368421053', 1, 13, 15377),
(3727, '264', '12,8947368421053', 1, 13, 15378),
(3728, '295', '14,5551346484936', 1, 13, 15379),
(3729, '295', '14,5551346484936', 1, 13, 15380),
(3730, '295', '14,5551346484936', 1, 13, 15381),
(3731, '295', '14,5551346484936', 1, 13, 15382),
(3732, '295', '14,5551346484936', 1, 13, 15383),
(3733, '295', '14,5551346484936', 1, 13, 15384),
(3734, '295', '14,5551346484936', 1, 13, 15385),
(3735, '295', '14,5551346484936', 1, 13, 15386),
(3736, '295', '14,5551346484936', 1, 13, 15387),
(3737, '295', '14,5551346484936', 1, 13, 15388),
(3738, '295', '14,5551346484936', 1, 13, 15389),
(3739, '295', '14,5551346484936', 1, 13, 15390),
(3740, '556', '11,2188315974629', 1, 13, 15391),
(3741, '790', '10,8959699129063', 1, 13, 15392),
(3742, '413', '13,0507207207077', 1, 13, 15393),
(3743, '1473', '10,5468563466016', 1, 13, 15394),
(3744, '1699', '30,4961218303806', 1, 2, 15395),
(3745, '851', '11,2606687466978', 1, 13, 15396),
(3746, '1089', '11,425516209716', 1, 13, 15397),
(3747, '834', '10,9343844578273', 1, 13, 15398),
(3748, '1089', '11,425516209716', 1, 13, 15399),
(3749, '1514', '10,5840990758734', 1, 13, 15400),
(3750, '347', '12,7900386718231', 1, 13, 15401),
(3751, '610', '12,381012457859', 1, 13, 15402),
(3752, '953', '10,5114654492567', 1, 13, 15403),
(3753, '1096', '11,0061373561781', 1, 13, 15404),
(3754, '396', '11,8222891566265', 1, 13, 15405),
(3755, '1905', '10,4534846174365', 1, 13, 15406),
(3756, '556', '11,3690671534643', 1, 13, 15408),
(3757, '2227', '10,3082012188471', 1, 13, 15409),
(3758, '247', '14,6979921182725', 1, 13, 15410),
(3759, '86', '22,877948578903', 1, 13, 15411),
(3760, '65', '31,7252850940478', 1, 13, 15412),
(3761, '756', '11,2545581993197', 1, 13, 15414),
(3762, '1320', '23,0464328018821', 1, 2, 15415),
(3763, '373', '12,4596213984147', 1, 13, 15417),
(3764, '262', '13,552560078225', 1, 13, 15418),
(3765, '631', '10,9296232935473', 1, 13, 15419),
(3766, '1560', '10,537788448359', 1, 13, 15420),
(3767, '96', '24,1379310344828', 1, 13, 15428),
(3768, '174', '20,6604302510604', 1, 13, 15429),
(3769, '1985', '10,5347474470564', 1, 13, 15431),
(3770, '215', '14,6860853403095', 1, 13, 15434),
(3771, '290', '15,4270084911823', 1, 13, 15435),
(3772, '1016', '10,8147132621304', 1, 13, 15436),
(3773, '2534', '10,5483547403344', 1, 13, 15440),
(3774, '2117', '10,2792678235596', 1, 13, 15441),
(3775, '1513', '10,5795178555366', 1, 13, 15442),
(3776, '576', '12,2661122661123', 1, 13, 15443),
(3777, '1493', '25,1483028989992', 1, 4, 15445),
(3778, '1599', '20', 1, 4, 15446),
(3779, '1514', '10,5023281103442', 1, 13, 15450),
(3780, '1958', '10,2987058007858', 1, 13, 15451),
(3781, '2906', '10,3704131332436', 1, 13, 15452),
(3782, '933', '11,4470008820936', 1, 13, 15453),
(3783, '292', '15,5582759533253', 1, 13, 15454),
(3784, '12697', '10,0606818620274', 1, 13, 15455),
(3785, '13911', '10,0474674732247', 1, 13, 15456),
(3786, '53', '29,1875000000002', 1, 13, 15458),
(3787, '13693', '10,0850539265807', 1, 13, 15459),
(3788, '26071', '10,02088382964', 1, 13, 15461),
(3789, '219462', '10,0046916728822', 1, 13, 15462),
(3790, '1753', '10,290871947428', 1, 13, 15463),
(3791, '792', '10,6811145510836', 1, 13, 15464),
(3792, '2918', '10,1827180766191', 1, 13, 15465),
(3793, '227', '15,4221878445847', 1, 13, 15466),
(3794, '227', '15,4221878445847', 1, 13, 15467),
(3795, '227', '15,4221878445847', 1, 13, 15468),
(3796, '227', '15,4221878445847', 1, 13, 15469),
(3797, '227', '15,4221878445847', 1, 13, 15470),
(3798, '227', '15,4221878445847', 1, 13, 15471),
(3799, '227', '15,4221878445847', 1, 13, 15472),
(3800, '227', '15,4221878445847', 1, 13, 15473),
(3801, '227', '15,4221878445847', 1, 13, 15474),
(3802, '227', '15,4221878445847', 1, 13, 15475),
(3803, '227', '15,4221878445847', 1, 13, 15476),
(3804, '227', '15,4221878445847', 1, 13, 15477),
(3805, '227', '15,4221878445847', 1, 13, 15478),
(3806, '227', '15,4221878445847', 1, 13, 15479),
(3807, '227', '15,4221878445847', 1, 13, 15480),
(3808, '227', '15,4221878445847', 1, 13, 15481),
(3809, '11193', '10,0433491039774', 1, 13, 15483),
(3810, '11014', '10,120573601375', 1, 13, 15484),
(3811, '19462', '10,0444574864412', 1, 13, 15485),
(3812, '689', '11,9090522366518', 1, 13, 15486),
(3813, '689', '11,9090522366518', 1, 13, 15487),
(3814, '689', '11,9090522366518', 1, 13, 15488),
(3815, '689', '11,9090522366518', 1, 13, 15489),
(3816, '689', '11,9090522366518', 1, 13, 15490),
(3817, '689', '11,9090522366518', 1, 13, 15491),
(3818, '689', '11,9090522366518', 1, 13, 15492),
(3819, '689', '11,9090522366518', 1, 13, 15493),
(3820, '689', '11,9090522366518', 1, 13, 15494),
(3821, '689', '11,9090522366518', 1, 13, 15495),
(3822, '7252', '10,1355140186916', 1, 13, 15496),
(3823, '689', '11,9090522366518', 1, 13, 15497),
(3824, '9300', '10,149416909621', 1, 13, 15498),
(3825, '908', '10,6625', 1, 13, 15499),
(3826, '1557', '10,5662782228696', 1, 13, 15500),
(3827, '689', '11,9090522366518', 1, 13, 15501),
(3828, '689', '11,9090522366518', 1, 13, 15502),
(3829, '689', '11,9090522366518', 1, 13, 15503),
(3830, '689', '11,9090522366518', 1, 13, 15504),
(3831, '689', '11,9090522366518', 1, 13, 15505),
(3832, '689', '11,9090522366518', 1, 13, 15506),
(3833, '689', '11,9090522366518', 1, 13, 15507),
(3834, '689', '11,9090522366518', 1, 13, 15508),
(3835, '689', '11,9090522366518', 1, 13, 15509),
(3836, '1538', '10,7300035444234', 1, 13, 15510),
(3837, '216', '14,4565217391304', 1, 13, 15511),
(3838, '216', '14,4565217391304', 1, 13, 15512),
(3839, '236', '12,7941176470588', 1, 13, 15513),
(3840, '216', '14,4565217391304', 1, 13, 15514),
(3841, '216', '14,4565217391304', 1, 13, 15515),
(3842, '216', '14,4565217391304', 1, 13, 15516),
(3843, '216', '14,4565217391304', 1, 13, 15517),
(3844, '216', '14,4565217391304', 1, 13, 15518),
(3845, '216', '14,4565217391304', 1, 13, 15519),
(3846, '1200', '10,5316857499151', 1, 13, 15520),
(3847, '1034', '10,8539320900774', 1, 13, 15521),
(3848, '5993', '10,1654411764706', 1, 13, 15522),
(3849, '3466', '10,1942792299267', 1, 13, 15523),
(3850, '5466', '10,2156209531147', 1, 13, 15524),
(3851, '5899', '10,1990973948552', 1, 13, 15525),
(3852, '2944', '10,431517154996', 1, 13, 15526),
(3853, '12026', '10,0985390163735', 1, 13, 15527),
(3854, '5273', '10,090343386239', 1, 13, 15528),
(3855, '7911', '10,1014765414899', 1, 13, 15529),
(3856, '5532', '10,2398909302621', 1, 13, 15530),
(3857, '1747', '10,3904731043422', 1, 13, 15531),
(3858, '7911', '10,1014765414899', 1, 13, 15532),
(3859, '24142', '10,0365659599055', 1, 13, 15533),
(3860, '7387', '10,1495255923213', 1, 13, 15534),
(3861, '9621', '10,1396526377834', 1, 13, 15535),
(3862, '2640', '10,20533986402', 1, 13, 15536),
(3863, '2775', '10,3291984732824', 1, 13, 15537),
(3864, '6333', '10,1888566880571', 1, 13, 15538),
(3865, '7911', '10,1014765414899', 1, 13, 15539),
(3866, '3034', '10,1420082211364', 1, 13, 15540),
(3867, '3034', '10,1420082211364', 1, 13, 15541),
(3868, '29199', '10,0243669614146', 1, 13, 15542),
(3869, '7911', '10,1008045166409', 1, 13, 15543),
(3870, '6333', '10,1888566880571', 1, 13, 15544),
(3871, '2156', '10,2908770383429', 1, 13, 15545),
(3872, '3756', '10,1555732024258', 1, 13, 15546),
(3873, '2391', '10,2671983199001', 1, 13, 15548),
(3874, '27813', '10,0527943193085', 1, 13, 15549),
(3875, '16411', '10,0877428356767', 1, 13, 15550),
(3876, '58224', '10,0145734174664', 1, 13, 15551),
(3877, '10274', '10,0579937282584', 1, 13, 15552),
(3878, '16979', '10,0849117832472', 1, 13, 15553),
(3879, '2038', '10,4601298551509', 1, 13, 15554),
(3880, '22955', '10,0304854666769', 1, 13, 15557),
(3881, '689', '11,9090522366518', 1, 13, 15558),
(3882, '689', '11,9090522366518', 1, 13, 15559),
(3883, '689', '11,9090522366518', 1, 13, 15560),
(3884, '689', '11,9090522366518', 1, 13, 15561),
(3885, '689', '11,9090522366518', 1, 13, 15562),
(3886, '689', '11,9090522366518', 1, 13, 15563),
(3887, '689', '11,9090522366518', 1, 13, 15564),
(3888, '689', '11,9090522366518', 1, 13, 15565),
(3889, '689', '11,9090522366518', 1, 13, 15566),
(3890, '295', '14,5551346484936', 1, 13, 15567),
(3891, '295', '14,5551346484936', 1, 13, 15568),
(3892, '295', '14,5551346484936', 1, 13, 15569),
(3893, '13249', '10,1142695061415', 1, 13, 15571),
(3894, '2944', '10,433571805829', 1, 13, 15572),
(3895, '8410', '10,1577991412803', 1, 13, 15573),
(3896, '2429', '10,3679280454843', 1, 13, 15574),
(3897, '2539', '10,415923282783', 1, 13, 15575),
(3898, '2944', '10,431517154996', 1, 13, 15576),
(3899, '8959', '10,0228862063059', 1, 13, 15577),
(3900, '8849', '10,1307485716329', 1, 13, 15578),
(3901, '4239', '10,1383164733456', 1, 13, 15579),
(3902, '5532', '10,2398909302621', 1, 13, 15580),
(3903, '4216', '10,2071476131683', 1, 13, 15581),
(3904, '3701', '10,3725193921746', 1, 13, 15582),
(3905, '116', '19,812708773645', 1, 13, 15583),
(3906, '116', '19,812708773645', 1, 13, 15584),
(3907, '65', '31,0483870967742', 1, 13, 15585),
(3908, '71', '23,7044317369549', 1, 13, 15586),
(3909, '41339', '10,0197762782925', 1, 13, 15587),
(3910, '2705', '10,2876605780811', 1, 13, 15588),
(3911, '2509', '10,2064674823852', 1, 13, 15589),
(3912, '2133', '20,3233533582682', 1, 4, 15590),
(3913, '1373', '10,8872303767271', 1, 13, 15592),
(3914, '2694', '20,3092779085371', 1, 4, 15595),
(3915, '3022', '23,2128831586336', 1, 2, 15594),
(3916, '2651', '18,3889739181633', 1, 9, 15595),
(3917, '252', '225,862068965517', 1, 4, 15596),
(3918, '7861', '10,1572201398152', 1, 13, 15598),
(3919, '531', '11,9424884608587', 1, 13, 15600),
(3920, '531', '11,9424884608587', 1, 13, 15601),
(3921, '531', '11,9424884608587', 1, 13, 15602),
(3922, '531', '11,9424884608587', 1, 13, 15603),
(3923, '27', '63,3064516129037', 1, 13, 15604),
(3924, '1388', '10,5235209341104', 1, 13, 15605),
(3925, '2791', '10,3118105017792', 1, 13, 15606),
(3926, '21329', '10,0603941513032', 1, 13, 15608),
(3927, '39174', '10,0351717058772', 1, 13, 15611),
(3928, '16865', '10,0618669729561', 1, 13, 15612),
(3929, '254', '14,4476557875909', 1, 13, 15614),
(3930, '2907', '40,7478820518223', 1, 12, 15615),
(3931, '1511', '19,1929600078353', 1, 4, 15616),
(3932, '596', '11,8282797958571', 1, 13, 15619),
(3933, '8757', '10,1075983974912', 1, 13, 15620),
(3934, '25706', '10,0258521803147', 1, 13, 15621),
(3935, '319', '10,7638888888889', 1, 13, 15622),
(3936, '218', '14,6440129449838', 1, 13, 15623),
(3937, '532', '11,9142142055752', 1, 13, 15624),
(3938, '116', '19,812708773645', 1, 13, 15625),
(3939, '65', '31,0483870967742', 1, 13, 15626),
(3940, '116', '19,812708773645', 1, 13, 15627),
(3941, '65', '31,0483870967742', 1, 13, 15628),
(3942, '116', '19,812708773645', 1, 13, 15629),
(3943, '64', '33,3333333333333', 1, 13, 15630),
(3944, '65', '31,0483870967742', 1, 13, 15631),
(3945, '64', '33,3333333333333', 1, 13, 15632),
(3946, '116', '19,812708773645', 1, 13, 15633),
(3947, '314', '11,3434681408205', 1, 13, 15634),
(3948, '314', '11,3434681408205', 1, 13, 15635),
(3949, '314', '11,3434681408205', 1, 13, 15636),
(3950, '1262', '10,6519784172662', 1, 13, 15637),
(3951, '719', '10,9216772151899', 1, 13, 15638),
(3952, '227', '15,2734375', 1, 13, 15639),
(3953, '1262', '10,6519784172662', 1, 13, 15640),
(3954, '668', '11,3333333333333', 1, 13, 15641),
(3955, '668', '11,3333333333333', 1, 13, 15642),
(3956, '36305', '10,0259574833144', 1, 13, 15643),
(3957, '41146', '10,0284743538827', 1, 13, 15645),
(3958, '11938', '10,0825023078781', 1, 13, 15646),
(3959, '6862', '10,1228882187957', 1, 13, 15647),
(3960, '7863', '10,1497844827587', 1, 13, 15648),
(3961, '7863', '10,1497844827587', 1, 13, 15649),
(3962, '7863', '10,1497844827587', 1, 13, 15650),
(3963, '7863', '10,1497844827587', 1, 13, 15651),
(3964, '8537', '10,1001984126983', 1, 13, 15652),
(3965, '8537', '10,1001984126983', 1, 13, 15653),
(3966, '8537', '10,1001984126983', 1, 13, 15654),
(3967, '41742', '10,0225730583114', 1, 13, 15655),
(3968, '1433', '10,3369712859715', 1, 13, 15657),
(3969, '6130', '10,1914597423431', 1, 13, 15658),
(3970, '7956', '11,006711409396', 1, 8, 15659),
(3971, '2556', '10,1373568095035', 1, 13, 15660),
(3972, '6299', '10,1428657358642', 1, 13, 15661),
(3973, '6452', '10,1559873360977', 1, 13, 15662),
(3974, '983', '11,1962170028902', 1, 13, 15663),
(3975, '16616', '10,0662003293711', 1, 13, 15664),
(3976, '1129', '10,9128324555665', 1, 13, 15665),
(3977, '1210', '11,0792030732148', 1, 13, 15666),
(3978, '11966', '10,1156510652746', 1, 13, 15668),
(3979, '13537', '10,0794491125728', 1, 13, 15669),
(3980, '591', '11,1655841283083', 1, 13, 15670),
(3981, '591', '11,1655841283083', 1, 13, 15671),
(3982, '591', '11,1655841283083', 1, 13, 15672),
(3983, '591', '11,1655841283083', 1, 13, 15673),
(3984, '591', '11,1655841283083', 1, 13, 15674),
(3985, '591', '11,1655841283083', 1, 13, 15675),
(3986, '591', '11,1655841283083', 1, 13, 15676),
(3987, '591', '11,1655841283083', 1, 13, 15677),
(3988, '591', '11,1655841283083', 1, 13, 15678),
(3989, '591', '11,1655841283083', 1, 13, 15679),
(3990, '591', '11,1655841283083', 1, 13, 15680),
(3991, '591', '11,1655841283083', 1, 13, 15681),
(3992, '591', '11,1655841283083', 1, 13, 15682),
(3993, '16512', '10,0547156345619', 1, 13, 15684),
(3994, '8760', '10,105580693816', 1, 13, 15685),
(3995, '286', '15,1082564979013', 1, 13, 15687),
(3996, '286', '15,1082564979013', 1, 13, 15688),
(3997, '286', '15,1082564979013', 1, 13, 15689),
(3998, '286', '15,1082564979013', 1, 13, 15690),
(3999, '54095', '10,0295588021768', 1, 13, 15691),
(4000, '286', '15,1082564979013', 1, 13, 15693),
(4001, '286', '15,1082564979013', 1, 13, 15694),
(4002, '1027', '36,0158249843191', 1, 12, 15920),
(4003, '7577', '10,1045516871349', 1, 13, 15696),
(4004, '40384', '10,0318126029775', 1, 13, 15698),
(4005, '30422', '10,0401333772582', 1, 13, 15700),
(4006, '619', '11,7638888888889', 1, 13, 15701),
(4007, '191', '14,4486713887429', 1, 13, 15702),
(4008, '286', '15,1082564979013', 1, 13, 15703),
(4009, '1763', '10,1875', 1, 13, 15704),
(4010, '286', '15,1082564979013', 1, 13, 15705),
(4011, '459', '12,495544294128', 1, 13, 15706),
(4012, '459', '12,495544294128', 1, 13, 15707),
(4013, '459', '12,495544294128', 1, 13, 15708),
(4014, '17892', '10,0844546869447', 1, 13, 15709),
(4015, '1829', '10,5439463258069', 1, 13, 15713),
(4016, '1151', '10,455216535433', 1, 13, 15714),
(4017, '1151', '10,455216535433', 1, 13, 15715),
(4018, '1151', '10,455216535433', 1, 13, 15716),
(4019, '1151', '10,455216535433', 1, 13, 15717),
(4020, '1151', '10,455216535433', 1, 13, 15718),
(4021, '1151', '10,455216535433', 1, 13, 15719),
(4022, '1151', '10,455216535433', 1, 13, 15720),
(4023, '1151', '10,455216535433', 1, 13, 15721),
(4024, '1151', '10,455216535433', 1, 13, 15722),
(4025, '782', '11,0795454545455', 1, 13, 15723),
(4026, '1151', '10,455216535433', 1, 13, 15724),
(4027, '1151', '10,455216535433', 1, 13, 15725),
(4028, '1763', '10,1875', 1, 13, 15726),
(4029, '3192', '10,1531985286404', 1, 13, 15727),
(4030, '317', '27,5850255588627', 1, 4, 15728),
(4031, '286', '15,1082564979013', 1, 13, 15730),
(4032, '1580', '10,6681034482759', 1, 13, 15731),
(4033, '1580', '10,6681034482759', 1, 13, 15732),
(4034, '2346', '10,2443609022556', 1, 13, 15733),
(4035, '2346', '10,2443609022556', 1, 13, 15734),
(4036, '3191', '10,1864640883978', 1, 13, 15735),
(4037, '1171', '10,9332491255344', 1, 13, 15737),
(4038, '1171', '10,9332491255344', 1, 13, 15738),
(4039, '13093', '7,07594038325054', 1, 8, 15739),
(4040, '1753', '10,251572327044', 1, 13, 15741),
(4041, '1893', '21,02', 1, 9, 15421),
(4042, '394', '24,4056315713959', 1, 2, 15743),
(4043, '1877', '18,13949', 5, 13, 15744),
(4044, '5738', '10,2200638323023', 1, 13, 15745),
(4045, '4897', '10,2216800141913', 1, 13, 15746),
(4046, '90517', '10,0094024091508', 1, 13, 15747),
(4047, '35736', '10,0237633595006', 1, 13, 15748),
(4048, '2025', '10,3486428588244', 1, 13, 15749),
(4049, '58654', '10,0202581032413', 1, 13, 15750),
(4050, '87097', '10,0082273404198', 1, 13, 15751),
(4051, '91267', '10,0132594021215', 1, 13, 15752),
(4052, '5993', '10,1614559238004', 1, 13, 15753),
(4053, '2340', '10,3861060687828', 1, 13, 15754),
(4054, '3705', '10,2933821827337', 1, 13, 15755),
(4055, '216', '13,8870863075925', 1, 13, 15756),
(4056, '216', '13,8870863075925', 1, 13, 15757),
(4057, '216', '13,887086307592', 1, 13, 15758),
(4058, '537', '11,5698516876917', 1, 13, 15759),
(4059, '538', '11,7776167746335', 1, 13, 15760),
(4060, '538', '11,7776167746335', 1, 13, 15761),
(4061, '458', '12,77654308516', 1, 13, 15762),
(4062, '458', '12,77654308516', 1, 13, 15763),
(4063, '458', '12,77654308516', 1, 13, 15764),
(4064, '355', '11,9928169287515', 1, 13, 15765),
(4065, '355', '11,9928169287517', 1, 13, 15766),
(4066, '535', '11,8119198946803', 1, 13, 15767),
(4067, '1065', '10,7034615281283', 1, 13, 15768),
(4068, '1065', '10,7034615281283', 1, 13, 15769),
(4069, '157', '12,5882612533098', 1, 13, 15770),
(4070, '260', '13,677130044843', 1, 13, 15771),
(4071, '636', '10,7321302020422', 1, 13, 15774),
(4072, '191', '15,057871323832', 1, 13, 15775),
(4073, '71', '23,6160714285714', 1, 13, 15776),
(4074, '116', '19,812708773645', 1, 13, 15777),
(4075, '65', '31,0483870967742', 1, 13, 15778),
(4076, '460', '12,125', 1, 13, 15779),
(4077, '128', '11,9999865600016', 1, 13, 15780),
(4078, '271', '12,9166516111131', 1, 13, 15781),
(4079, '271', '12,9166516111131', 1, 13, 15782),
(4080, '116', '19,812708773645', 1, 13, 15783),
(4081, '145', '16,6845493562231', 1, 13, 15784),
(4082, '145', '16,6845493562231', 1, 13, 15785),
(4083, '145', '16,6845493562231', 1, 13, 15786),
(4084, '145', '16,6845493562231', 1, 13, 15787),
(4085, '145', '16,6845493562231', 1, 13, 15788),
(4086, '116', '19,812708773645', 1, 13, 15789),
(4087, '116', '19,812708773645', 1, 13, 15790),
(4088, '128', '11,9999865600016', 1, 13, 15791),
(4089, '65', '31,0483870967742', 1, 13, 15792),
(4090, '8199', '10,0650557620818', 1, 13, 15795),
(4091, '1276', '20,5053032910716', 1, 9, 15796),
(4092, '1549', '17,1657754010695', 1, 8, 15797),
(4093, '1763', '10,1875', 1, 13, 15798),
(4094, '3226', '10,3709032212787', 1, 13, 15799),
(4095, '1677', '10,3557544342755', 1, 13, 15800),
(4096, '1677', '10,3557544342755', 1, 13, 15801),
(4097, '4610', '10,2908700090297', 1, 13, 15802),
(4098, '3508', '20,920185536103', 1, 4, 15803),
(4099, '2710', '10,2737719326801', 1, 13, 15804),
(4100, '3836', '10,1221321901352', 1, 13, 15805),
(4101, '2145', '10,5541517772186', 1, 13, 15806),
(4102, '2145', '10,5541517772186', 1, 13, 15807),
(4103, '2145', '10,5541517772182', 1, 13, 15808),
(4104, '2350', '10,3062665224706', 1, 13, 15809),
(4105, '2988', '10,2203423175292', 1, 13, 15810),
(4106, '1952', '10,4072398190045', 1, 13, 15811),
(4107, '2625', '10,462094290612', 1, 13, 15812),
(4108, '1705', '10,4431520789119', 1, 13, 15813),
(4109, '1386', '10,4135988256199', 1, 13, 15814),
(4110, '957', '10,3433988035962', 1, 13, 15815),
(4111, '12068', '10,0934330891013', 1, 13, 15816),
(4112, '114186', '10,0060412178242', 1, 13, 15817),
(4113, '417', '12,9375', 1, 13, 15818),
(4114, '417', '12,9375', 1, 13, 15819),
(4115, '417', '12,9375', 1, 13, 15820),
(4116, '417', '12,9375', 1, 13, 15821),
(4117, '417', '12,9375', 1, 13, 15822),
(4118, '417', '12,9375', 1, 13, 15823),
(4119, '258', '14,3409090909091', 1, 13, 15824),
(4120, '258', '14,3409090909091', 1, 13, 15825),
(4121, '258', '14,3409090909091', 1, 13, 15826),
(4122, '258', '14,3409090909091', 1, 13, 15827),
(4123, '258', '14,3409090909091', 1, 13, 15828),
(4124, '258', '14,3409090909091', 1, 13, 15829),
(4125, '258', '14,3409090909091', 1, 13, 15830),
(4126, '318', '10,7321428571429', 1, 13, 15831),
(4127, '318', '10,7321428571429', 1, 13, 15832),
(4128, '318', '10,7321428571429', 1, 13, 15833),
(4129, '318', '10,7321428571429', 1, 13, 15834),
(4130, '318', '10,7321428571429', 1, 13, 15835),
(4131, '318', '10,7321428571429', 1, 13, 15836),
(4132, '391', '12,125', 1, 13, 15837),
(4133, '391', '12,125', 1, 13, 15838),
(4134, '391', '12,125', 1, 13, 15839),
(4135, '391', '12,125', 1, 13, 15840),
(4136, '25910', '10,0283713767041', 1, 13, 15841),
(4137, '1187', '11,055191604729', 1, 13, 15843),
(4138, '2394', '10,1534012646384', 1, 13, 15844),
(4139, '7985', '10,0991480984948', 1, 13, 15845),
(4140, '3519', '10,049170547708', 1, 13, 15846),
(4141, '2520', '10,381325474411', 1, 13, 15847),
(4142, '2119', '10,1926827482461', 1, 13, 15849),
(4143, '2625', '10,430197345704', 1, 13, 15850),
(4144, '1996', '10,3106223784151', 1, 13, 15851),
(4145, '65', '31,0483870967742', 1, 13, 15852),
(4146, '589', '11,0181917537874', 1, 13, 15854),
(4147, '680', '10,6253754254823', 1, 13, 15855),
(4148, '4787', '25,0879038455267', 1, 2, 15857),
(4149, '4710', '23,0758360376918', 1, 4, 15857),
(4150, '6587', '10,6241519674356', 1, 8, 15858),
(4151, '583', '11,5346126677655', 1, 13, 15859),
(4152, '583', '11,5346126677655', 1, 13, 15860),
(4153, '730', '11,8470613701455', 1, 13, 15861),
(4154, '600', '11,428558693879', 1, 13, 15862),
(4155, '2868', '10,1998659772899', 1, 13, 15863),
(4156, '2575', '10,6392413112748', 1, 13, 15864),
(4157, '2776', '10,2951963357187', 1, 13, 15865),
(4158, '27535', '10,0560404478631', 1, 13, 15869),
(4159, '1374', '10,8923037190083', 1, 13, 15870),
(4160, '2860', '10,3709508881924', 1, 13, 15872),
(4161, '2986', '10,2167127810046', 1, 13, 15873),
(4162, '1834', '10,4822471775822', 1, 13, 15874),
(4163, '2820', '10,3489468484341', 1, 13, 15875),
(4164, '459', '12,495544294128', 1, 13, 15876),
(4165, '459', '12,495544294128', 1, 13, 15877),
(4166, '286', '15,1082564979013', 1, 13, 15878),
(4167, '286', '15,1082564979013', 1, 13, 15879),
(4168, '340', '14,0743289745354', 1, 13, 15880),
(4169, '936', '11,1517100263081', 1, 13, 15881),
(4170, '1191', '10,7067269191168', 1, 13, 15882),
(4171, '4832', '10,1694915254237', 1, 13, 15883),
(4172, '1064', '10,7670624412745', 1, 13, 15886),
(4173, '459', '12,495544294128', 1, 13, 15887),
(4174, '459', '12,495544294128', 1, 13, 15888),
(4175, '2115', '10,2818794409965', 1, 13, 15890),
(4176, '375', '12,7695824530289', 1, 13, 15891),
(4177, '373', '12,3207625622191', 1, 13, 15892),
(4178, '4436', '40,7488642724186', 1, 12, 15316),
(4179, '1170', '10,9510187360601', 1, 13, 15895),
(4180, '198814', '10,0059303566161', 1, 13, 15896),
(4181, '6144', '10,1865136298422', 1, 13, 15897),
(4182, '63425', '10,0175613571152', 1, 13, 15899),
(4183, '1384', '10,6355700136421', 1, 13, 15902),
(4184, '3104', '40,9646048050038', 1, 12, 15903),
(4185, '1151', '10,455216535433', 1, 13, 15906),
(4186, '1151', '10,455216535433', 1, 13, 15907),
(4187, '1151', '10,455216535433', 1, 13, 15908),
(4188, '159', '10,7321428571429', 1, 13, 15910),
(4189, '159', '10,7321428571429', 1, 13, 15911),
(4190, '159', '10,7321428571429', 1, 13, 15912),
(4191, '159', '10,7321428571429', 1, 13, 15913),
(4192, '212', '14,8333333333333', 1, 13, 15914),
(4193, '212', '14,8333333333333', 1, 13, 15915),
(4194, '212', '14,8333333333333', 1, 13, 15916),
(4195, '212', '14,8333333333333', 1, 13, 15917),
(4196, '212', '14,8333333333333', 1, 13, 15918),
(4197, '212', '14,8333333333333', 1, 13, 15919),
(4198, '550', '11,71875', 1, 13, 15921),
(4199, '550', '11,71875', 1, 13, 15922),
(4200, '550', '11,71875', 1, 13, 15923),
(4201, '550', '11,71875', 1, 13, 15924),
(4202, '550', '11,71875', 1, 13, 15925),
(4203, '550', '11,71875', 1, 13, 15926),
(4204, '550', '11,71875', 1, 13, 15927),
(4205, '550', '11,71875', 1, 13, 15928),
(4206, '1151', '10,455216535433', 1, 13, 15931),
(4207, '1151', '10,455216535433', 1, 13, 15932),
(4208, '689', '11,9090522366518', 1, 13, 15933),
(4209, '689', '11,9090522366518', 1, 13, 15934),
(4210, '689', '11,9090522366518', 1, 13, 15935),
(4211, '318', '10,7321428571429', 1, 13, 15936),
(4212, '318', '10,7321428571429', 1, 13, 15937),
(4213, '318', '10,7321428571429', 1, 13, 15938),
(4214, '318', '10,7321428571432', 1, 13, 15939),
(4215, '159', '10,7321428571429', 1, 13, 15940),
(4216, '159', '10,7321428571429', 1, 13, 15941),
(4217, '159', '10,7321428571429', 1, 13, 15942),
(4218, '159', '10,7321428571429', 1, 13, 15943),
(4219, '212', '14,8333333333333', 1, 13, 15944),
(4220, '212', '14,8333333333333', 1, 13, 15945),
(4221, '212', '14,8333333333333', 1, 13, 15946),
(4222, '212', '14,8333333333333', 1, 13, 15947),
(4223, '212', '14,8333333333333', 1, 13, 15948),
(4224, '212', '14,8333333333333', 1, 13, 15949),
(4225, '212', '14,8333333333333', 1, 13, 15950),
(4226, '212', '14,8333333333333', 1, 13, 15951),
(4227, '591', '11,1655841283083', 1, 13, 15952),
(4228, '591', '11,1655841283083', 1, 13, 15953),
(4229, '591', '11,1655841283083', 1, 13, 15954),
(4230, '591', '11,1655841283083', 1, 13, 15955),
(4231, '591', '11,1655841283083', 1, 13, 15956),
(4232, '591', '11,1655841283083', 1, 13, 15957),
(4233, '591', '11,1655841283083', 1, 13, 15958),
(4234, '591', '11,1655841283083', 1, 13, 15959),
(4235, '417', '12,9375', 1, 13, 15960),
(4236, '417', '12,9375', 1, 13, 15961),
(4237, '417', '12,9375', 1, 13, 15962),
(4238, '417', '12,9375', 1, 13, 15963),
(4239, '417', '12,9375', 1, 13, 15964),
(4240, '417', '12,9375', 1, 13, 15965),
(4241, '417', '12,9374999999999', 1, 13, 15966),
(4242, '417', '12,9375', 1, 13, 15967),
(4243, '417', '12,9375', 1, 13, 15968),
(4244, '417', '12,9375', 1, 13, 15969),
(4245, '715', '11,0901464065585', 1, 13, 15970),
(4246, '5810', '10,2091439688718', 1, 13, 15971),
(4247, '3638', '10,23899801094', 1, 13, 15972),
(4248, '7776', '10,1496440505593', 1, 13, 15973),
(4249, '5734', '10,2257492113565', 1, 13, 15974),
(4250, '3117', '10,1752827726217', 1, 13, 15975),
(4251, '116', '19,812708773645', 1, 13, 15976),
(4252, '65', '31,0483870967742', 1, 13, 15977),
(4253, '108', '16,3793103448276', 1, 13, 15978),
(4254, '9759', '10,0213571532935', 1, 13, 15979),
(4255, '13625', '10,0921137685844', 1, 13, 15980),
(4256, '186', '16,25', 1, 13, 15981),
(4257, '186', '16,25', 1, 13, 15982),
(4258, '186', '16,25', 1, 13, 15983),
(4259, '186', '16,25', 1, 13, 15984),
(4260, '65', '31,0483870967742', 1, 13, 15985),
(4261, '116', '19,812708773645', 1, 13, 15986),
(4262, '116', '19,812708773645', 1, 13, 15987),
(4263, '116', '19,812708773645', 1, 13, 15988),
(4264, '4675', '10,1422047167988', 1, 13, 15991),
(4265, '3166', '10,4134176526977', 1, 13, 15992),
(4266, '2386', '10,3204787738533', 1, 13, 15993),
(4267, '2639', '10,261788854797', 1, 13, 15994),
(4268, '465', '11,9675567598645', 1, 13, 15995),
(4269, '465', '11,9675567598645', 1, 13, 15996),
(4270, '465', '11,9675567598645', 1, 13, 15997),
(4271, '465', '11,9675567598645', 1, 13, 15998),
(4272, '465', '11,9675567598645', 1, 13, 15999),
(4273, '465', '11,9675567598645', 1, 13, 16000),
(4274, '940', '17,5', 1, 12, 15152),
(4275, '10189', '60,1042244169105', 1, 9, 15597),
(4276, '20692', '20,0195260841199', 1, 9, 15439),
(4277, '1586', '19,02', 1, 9, 15446),
(4278, '313', '25,9751198735773', 1, 9, 15728),
(4279, '27137', '30,0761178004448', 1, 2, 15557),
(4280, '7104', '24,2189106505126', 1, 9, 15661),
(4281, '210', '39,6276595744681', 1, 9, 15369),
(4282, '210', '39,6276595744681', 1, 9, 15210),
(4283, '210', '39,6276595744681', 1, 9, 15211),
(4284, '210', '39,6276595744681', 1, 9, 15212),
(4285, '352', '31,9999999999997', 1, 9, 15305),
(4286, '92', '91,6666666666667', 1, 2, 15632),
(4287, '80', '66,6666666666667', 1, 4, 15632),
(4288, '8760', '10,1054478365637', 1, 13, 15740),
(4289, '317', '27,5850255588627', 1, 4, 15051),
(4290, '4077', '40,5335223576659', 1, 12, 15803),
(4291, '1677', '40,5718043949241', 1, 12, 15445),
(4292, '2099', '18,4054002339451', 1, 9, 15590),
(4293, '1318', '10,4792118023315', 1, 13, 15445),
(4294, '5752', '23,2343128204478', 1, 4, 15239),
(4295, '135', '74,5689655172415', 1, 12, 15596),
(4296, '12709', '23,0240264016588', 1, 2, 15438),
(4297, '53418', '50,0448971814098', 1, 2, 15611),
(4298, '45896', '25,0500215735502', 1, 2, 15698),
(4299, '10701', '6,8668407310705', 1, 8, 15245),
(4300, '8672', '15,2679405404578', 3, 9, 15245),
(4301, '19318', '10,3156917363045', 1, 8, 15456),
(4302, '613', '27,3599982952607', 1, 4, 15759),
(4303, '17985', '29,4926497423194', 1, 12, 15683),
(4304, '12455', '22,3144185997791', 1, 12, 15167),
(4305, '1511', '19,1929600078353', 1, 9, 15616),
(4306, '615', '23,125', 1, 8, 15939),
(4307, '387', '22,1953792338331', 1, 4, 15743),
(4308, '271', '16,6481636565988', 20, 13, 15193),
(4309, '508', '60,401169640277', 1, 12, 15743),
(4310, '375', '18,4063752265824', 1, 13, 15743),
(4311, '2173', '13,7698412698413', 1, 8, 15361),
(4312, '15138', '20,0274326669731', 1, 9, 15570),
(4313, '104313', '5,22169725604216', 1, 8, 15080),
(4314, '44056', '20,0366862132719', 1, 4, 15698),
(4315, '26094', '25,0766929979293', 1, 4, 15557),
(4316, '1349', '18,2424242424242', 1, 8, 15932),
(4317, '1170', '12,2785433070865', 1, 9, 15724),
(4318, '1244', '19,3799212598424', 1, 4, 15714),
(4319, '1349', '18,2424242424242', 1, 8, 15714),
(4320, '1170', '12,2785433070865', 1, 9, 15714),
(4321, '1266', '21,4911417322833', 1, 2, 15715),
(4322, '1244', '19,3799212598424', 1, 4, 15715),
(4323, '1349', '18,2424242424242', 1, 8, 15715),
(4324, '1170', '12,2785433070865', 1, 9, 15715),
(4325, '1266', '21,4911417322833', 1, 2, 15716),
(4326, '1244', '19,3799212598424', 1, 4, 15716),
(4327, '1349', '18,2424242424242', 1, 8, 15716),
(4328, '1170', '12,2785433070865', 1, 9, 15716),
(4329, '1266', '21,4911417322833', 1, 2, 15717),
(4330, '1244', '19,3799212598424', 1, 4, 15717),
(4331, '1349', '18,2424242424242', 1, 8, 15717),
(4332, '1170', '12,2785433070865', 1, 9, 15717),
(4333, '1266', '21,4911417322833', 1, 2, 15718),
(4334, '1244', '19,3799212598424', 1, 4, 15718),
(4335, '1349', '18,2424242424242', 1, 8, 15718),
(4336, '1170', '12,2785433070865', 1, 9, 15718),
(4337, '1266', '21,4911417322833', 1, 2, 15719),
(4338, '1244', '19,3799212598424', 1, 4, 15719),
(4339, '1349', '18,2424242424242', 1, 8, 15719),
(4340, '1170', '12,2785433070865', 1, 9, 15719),
(4341, '1266', '21,4911417322833', 1, 2, 15720),
(4342, '1244', '19,3799212598424', 1, 4, 15720),
(4343, '1349', '18,2424242424242', 1, 8, 15720),
(4344, '1170', '12,2785433070865', 1, 9, 15720),
(4345, '1266', '21,4911417322833', 1, 2, 15721),
(4346, '1244', '19,3799212598424', 1, 4, 15721),
(4347, '1349', '18,2424242424242', 1, 8, 15721),
(4348, '1170', '12,2785433070865', 1, 9, 15721),
(4349, '1266', '21,4911417322833', 1, 2, 15722),
(4350, '1244', '19,3799212598424', 1, 4, 15722),
(4351, '1349', '18,2424242424242', 1, 8, 15722),
(4352, '1170', '12,2785433070865', 1, 9, 15722),
(4353, '7754', '46,1915535444947', 1, 2, 15071),
(4354, '7184', '35,4449472096531', 1, 4, 15071),
(4355, '9151', '7,37854251012145', 1, 8, 15071),
(4356, '13733', '25,282823716658', 1, 4, 15816),
(4357, '8394', '6,73333333333333', 1, 8, 15278),
(4358, '1854', '31,0803167420815', 1, 2, 15082),
(4359, '1794', '26,8382352941176', 1, 4, 15082),
(4360, '1751', '23,7980769230769', 1, 9, 15082),
(4361, '2174', '14,0711462450593', 1, 8, 15082),
(4362, '3028', '18,4881599493115', 1, 4, 15875),
(4363, '3225', '19,0384791422438', 1, 4, 15873),
(4364, '639', '20,1942610118258', 1, 9, 15954),
(4365, '703', '32,2324968565157', 1, 2, 15953),
(4366, '668', '25,6490866289509', 1, 4, 15953),
(4367, '997', '19,5967741935484', 1, 8, 15953),
(4368, '639', '20,1942610118258', 1, 9, 15953),
(4369, '703', '32,2324968565157', 1, 2, 15955),
(4370, '668', '25,6490866289509', 1, 4, 15955),
(4371, '997', '19,5967741935484', 1, 8, 15955),
(4372, '639', '20,1942610118258', 1, 9, 15955),
(4373, '703', '32,2324968565157', 1, 2, 15678),
(4374, '668', '25,6490866289509', 1, 4, 15678),
(4375, '997', '19,5967741935484', 1, 8, 15678),
(4376, '639', '20,1942610118258', 1, 9, 15678),
(4377, '703', '32,2324968565157', 1, 2, 15677),
(4378, '668', '25,6490866289509', 1, 4, 15677),
(4379, '997', '19,5967741935484', 1, 8, 15677),
(4380, '639', '20,1942610118258', 1, 9, 15677),
(4381, '703', '32,2324968565157', 1, 2, 15671),
(4382, '668', '25,6490866289509', 1, 4, 15671),
(4383, '997', '19,5967741935484', 1, 8, 15671),
(4384, '639', '20,1942610118258', 1, 9, 15671),
(4385, '703', '32,2324968565157', 1, 2, 15672),
(4386, '668', '25,6490866289509', 1, 4, 15672),
(4387, '997', '19,5967741935484', 1, 8, 15672),
(4388, '639', '20,1942610118258', 1, 9, 15672),
(4389, '703', '32,2324968565157', 1, 2, 15674),
(4390, '668', '25,6490866289509', 1, 4, 15674),
(4391, '997', '19,5967741935484', 1, 8, 15674),
(4392, '639', '20,1942610118258', 1, 9, 15674),
(4393, '703', '32,2324968565157', 1, 2, 15673),
(4394, '668', '25,6490866289509', 1, 4, 15673),
(4395, '997', '19,5967741935484', 1, 8, 15673),
(4396, '639', '20,1942610118258', 1, 9, 15673),
(4397, '703', '32,2324968565157', 1, 2, 15670),
(4398, '668', '25,6490866289509', 1, 4, 15670),
(4399, '997', '19,5967741935484', 1, 8, 15670),
(4400, '639', '20,1942610118258', 1, 9, 15670),
(4401, '703', '32,2324968565157', 1, 2, 15676),
(4402, '668', '25,6490866289509', 1, 4, 15676),
(4403, '997', '19,5967741935484', 1, 8, 15676),
(4404, '639', '20,1942610118258', 1, 9, 15676),
(4405, '703', '32,2324968565157', 1, 2, 15675),
(4406, '668', '25,6490866289509', 1, 4, 15675),
(4407, '997', '19,5967741935484', 1, 8, 15675),
(4408, '639', '20,1942610118258', 1, 9, 15675),
(4409, '703', '32,2324968565157', 1, 2, 15956),
(4410, '668', '25,6490866289509', 1, 4, 15956),
(4411, '997', '19,5967741935484', 1, 8, 15956),
(4412, '639', '20,1942610118258', 1, 9, 15956),
(4413, '2277', '10,2452450746472', 1, 13, 15615),
(4414, '883', '10,375', 1, 13, 15930),
(4415, '2624', '23,2697141345264', 1, 2, 15233),
(4416, '1540', '26,7868047933711', 1, 4, 15081),
(4417, '172535', '5,10669893301066', 1, 8, 15130),
(4418, '276', '23,0385164051355', 1, 9, 15192),
(4419, '621', '218,798572060403', 1, 2, 15089),
(4420, '572', '193,643773298793', 1, 4, 15089),
(4421, '710', '23,6559139784946', 1, 8, 15089),
(4422, '869', '237,062895333573', 1, 2, 15090),
(4423, '742', '187,80284043442', 1, 4, 15090),
(4424, '903', '17,9090909090909', 1, 8, 15090),
(4425, '633', '411,219621291189', 1, 2, 15088),
(4426, '579', '367,608468763978', 1, 4, 15088),
(4427, '793', '23,0097087378641', 1, 8, 15088),
(4428, '9052', '10,8177339901478', 1, 8, 15289),
(4429, '2357', '24,0361282456734', 1, 2, 15437),
(4430, '52290', '5,27173913043478', 1, 8, 15698),
(4431, '43330', '18,0585984569882', 1, 9, 15698),
(4432, '25675', '23,068295114656', 1, 9, 15557),
(4433, '908', '20,2554713590669', 1, 13, 15920),
(4434, '234973', '30,0130950219057', 1, 2, 15896),
(4435, '4513', '18,0667381328409', 1, 9, 15697),
(4436, '7393', '32,804973247154', 1, 2, 15610),
(4437, '9217', '20,4491219354408', 1, 4, 15115),
(4438, '26989', '7,38160603980782', 1, 8, 15079),
(4439, '2200', '40,64', 1, 12, 15421),
(4440, '1877', '19,99', 1, 13, 15421),
(4441, '12742', '60,1556639650108', 1, 2, 15740),
(4442, '12742', '60,1556639650108', 1, 4, 15740),
(4443, '12742', '60,1556639650108', 1, 9, 15740),
(4444, '12874', '129,556510607169', 1, 2, 15181),
(4445, '19513', '23,0546232617723', 1, 4, 15221),
(4446, '1850', '38,84', 1, 12, 15446),
(4447, '14741', '22,5144876435982', 1, 9, 15571),
(4448, '10107', '40,3113610027097', 1, 12, 15114),
(4449, '4354', '50,3453038674033', 1, 2, 15735),
(4450, '4070', '40,5386740331492', 1, 4, 15735),
(4451, '3928', '35,6353591160221', 1, 9, 15735),
(4452, '4988', '7,45825602968459', 1, 8, 15735),
(4453, '2548', '31,3249318080895', 1, 2, 15808),
(4454, '2437', '25,6039477301076', 1, 4, 15808),
(4455, '2340', '20,6045292115108', 1, 9, 15808),
(4456, '2988', '6,0377358490566', 1, 8, 15808),
(4457, '17989', '5,61909758656873', 1, 8, 15571),
(4458, '9037', '8,43971631205673', 1, 8, 15661),
(4459, '2102', '24,0917677831865', 1, 2, 15149),
(4460, '11156', '40,2210474959709', 1, 12, 15740),
(4461, '742', '21,063829787234', 1, 8, 15759),
(4462, '6295', '22,0749712139655', 1, 4, 15176),
(4463, '4675', '30,2563377858061', 1, 2, 15868),
(4464, '4505', '25,5197436845041', 1, 4, 15868),
(4465, '4505', '25,5197436845041', 1, 9, 15868),
(4466, '5037', '40,3424969897551', 1, 12, 15868),
(4467, '11215', '10,1369895300299', 1, 13, 15167),
(4468, '11021', '16,5075757575758', 1, 8, 15167),
(4469, '313', '25,9751198735773', 1, 9, 15051),
(4470, '6548', '40,2882963053359', 1, 12, 15239),
(4471, '1973', '14,2173913043478', 1, 8, 15445),
(4472, '9354', '6,36636636636638', 1, 8, 15286),
(4473, '4533', '10,2376237623762', 1, 8, 15727),
(4474, '1573', '160,722664218686', 1, 2, 15333),
(4475, '1555', '19,4358266311017', 1, 9, 15395),
(4476, '2010', '54,3832871566009', 1, 12, 15395),
(4477, '1465', '12,5231421315524', 10, 13, 15395),
(4478, '2151', '13,96', 1, 8, 15395),
(4479, '2088', '23,2652764658865', 1, 4, 15149),
(4480, '2065', '21,9074693017508', 1, 9, 15149),
(4481, '2315', '36,6662428249652', 1, 12, 15149),
(4482, '2000', '18,0701881857151', 1, 13, 15149),
(4483, '16098', '30,0743374272786', 1, 2, 15980),
(4484, '258', '15,0142653352354', 10, 13, 15192),
(4485, '4667', '30,4203094183416', 1, 2, 15083),
(4486, '4519', '26,2844178833267', 1, 4, 15083),
(4487, '4416', '23,406060936661', 1, 9, 15083),
(4488, '5357', '11,6006600660066', 1, 8, 15083),
(4489, '3022', '23,2128831586336', 1, 4, 15594),
(4490, '3834', '9,36170212765958', 1, 8, 15894),
(4491, '2349', '22,99', 1, 2, 15447),
(4492, '7079', '8,54005167958657', 1, 8, 15239),
(4493, '2012', '27,0730464375943', 1, 4, 15617),
(4494, '7738', '7,10684273709484', 1, 8, 15316),
(4495, '877', '42,4444685218339', 1, 12, 15000),
(4496, '877', '42,4444685218339', 1, 12, 15001),
(4497, '877', '42,4444685218339', 1, 12, 15002),
(4498, '877', '42,4444685218339', 1, 12, 15003),
(4499, '877', '42,4444685218339', 1, 12, 15004),
(4500, '596', '46,0726457501095', 1, 12, 15005),
(4501, '596', '46,0726457501095', 1, 12, 15006),
(4502, '596', '46,0726457501095', 1, 12, 15007),
(4503, '596', '46,0726457501095', 1, 12, 15008),
(4504, '596', '46,0726457501095', 1, 12, 15009),
(4505, '596', '46,0726457501095', 1, 12, 15010),
(4506, '1997', '40,4816017316017', 1, 12, 15011),
(4507, '1997', '40,4816017316017', 1, 12, 15012),
(4508, '1997', '40,4816017316017', 1, 12, 15013),
(4509, '1467', '41,8973214285714', 1, 12, 15014),
(4510, '1556', '42,2103487064117', 1, 12, 15015),
(4511, '1467', '41,8973214285714', 1, 12, 15016),
(4512, '2120', '40,6122448979592', 1, 12, 15017),
(4513, '2304', '40,7518796992481', 1, 12, 15018),
(4514, '455', '48,5418220642651', 1, 12, 15019),
(4515, '1218', '41,375', 1, 12, 15020),
(4516, '1344', '41,8181818181818', 1, 12, 15021),
(4517, '1160', '41,7293233082707', 1, 12, 15022),
(4518, '1396', '40,9006211180124', 1, 12, 15023),
(4519, '1640', '41,005291005291', 1, 12, 15024),
(4520, '1640', '41,005291005291', 1, 12, 15025),
(4521, '2427', '40,8526785714286', 1, 12, 15026),
(4522, '15298', '40,131059751973', 1, 12, 15027),
(4523, '1218', '41,375', 1, 12, 15028),
(4524, '1517', '40,8642857142857', 1, 12, 15029),
(4525, '1925', '41,4161392405063', 1, 12, 15030),
(4526, '1160', '41,7293233082707', 1, 12, 15031),
(4527, '1160', '41,7293233082707', 1, 12, 15032),
(4528, '1467', '41,8973214285714', 1, 12, 15033),
(4529, '1935', '41,702343397927', 1, 12, 15034),
(4530, '2304', '40,7518796992481', 1, 12, 15035),
(4531, '2304', '40,7518796992481', 1, 12, 15036),
(4532, '1858', '41,8820488721805', 1, 12, 15037),
(4533, '1925', '41,4161392405063', 1, 12, 15038),
(4534, '1947', '41,2444196428572', 1, 12, 15039),
(4535, '2818', '40,9867610837438', 1, 12, 15040),
(4536, '2695', '40,9065315315315', 1, 12, 15041),
(4537, '1588', '41,7857142857143', 1, 12, 15042),
(4538, '1588', '41,7857142857143', 1, 12, 15043),
(4539, '1218', '41,3749999999999', 1, 12, 15044),
(4540, '3387', '40,4049744897957', 1, 12, 15045),
(4541, '2734', '41,0396825396826', 1, 12, 15046),
(4542, '4840', '40,4464285714285', 1, 12, 15047),
(4543, '1767', '41,5865384615385', 1, 12, 15048),
(4544, '4480', '40', 1, 12, 15049),
(4545, '286', '15,1082564979013', 1, 13, 15051),
(4546, '360', '44,89151167568', 1, 12, 15053),
(4547, '360', '44,89151167568', 1, 12, 15054),
(4548, '360', '44,89151167568', 1, 12, 15055),
(4549, '360', '44,89151167568', 1, 12, 15056),
(4550, '360', '44,89151167568', 1, 12, 15057),
(4551, '24135', '40,0691964285714', 1, 12, 15058),
(4552, '4224', '40,8866995073892', 1, 12, 15059),
(4553, '7363', '40,3339784189537', 1, 12, 15060),
(4554, '6280', '40,1785714285714', 1, 12, 15061),
(4555, '5268', '40,5665024630543', 1, 12, 15062),
(4556, '2907', '41,1797668858338', 1, 12, 15063),
(4557, '3880', '40,5356349110221', 1, 12, 15064),
(4558, '800', '42,8571428571429', 1, 12, 15065),
(4559, '4116', '40,514705882353', 1, 12, 15066),
(4560, '58587', '40,0365189197375', 1, 12, 15068),
(4561, '133280', '40', 1, 12, 15069),
(4562, '1160', '41,7293233082707', 1, 12, 15070),
(4563, '7437', '40,2149321266968', 1, 12, 15071),
(4564, '1758', '20,1122512528569', 1, 9, 15073),
(4565, '2059', '40,6775456937613', 1, 12, 15073),
(4566, '2059', '40,6775456937613', 1, 12, 15075),
(4567, '1621', '10,7519677365648', 1, 13, 15075),
(4568, '1147', '41,4884868421053', 1, 12, 15076),
(4569, '557', '45,8310955961332', 1, 12, 15078),
(4570, '22304', '40,1709401709402', 1, 12, 15079),
(4571, '61824', '40,0396805114789', 1, 12, 15080),
(4572, '1716', '41,2767253411849', 1, 12, 15081),
(4573, '1997', '41,1906108597285', 1, 12, 15082),
(4574, '5024', '40,3967504859114', 1, 12, 15083),
(4575, '557', '44,3580542264753', 1, 12, 15084),
(4576, '170', '58,7091753321876', 1, 12, 15085),
(4577, '308', '42,646779403382', 1, 12, 15086),
(4578, '520', '42,3398904958063', 1, 12, 15087),
(4579, '187', '51,0238059738583', 1, 12, 15088),
(4580, '295', '51,4421558096921', 1, 12, 15089),
(4581, '384', '48,9437880415328', 1, 12, 15090),
(4582, '397', '41,8293540869717', 1, 12, 15091),
(4583, '384', '46,9883869751959', 1, 12, 15092),
(4584, '15938', '40,1976031470131', 1, 12, 15093),
(4585, '756', '43,7085432890352', 1, 12, 15094),
(4586, '347', '43,6014431239389', 1, 12, 15095),
(4587, '360', '48,981324278438', 1, 12, 15096),
(4588, '258', '47,1052631578947', 1, 12, 15097),
(4589, '135', '73,1907894736842', 1, 12, 15098),
(4590, '935', '44,0836555360683', 1, 12, 15099),
(4591, '877', '42,536634334833', 1, 12, 15100),
(4592, '4027', '40,5773361976369', 1, 12, 15101),
(4593, '3424', '41,1287254280279', 1, 12, 15102),
(4594, '916', '41,3132929280164', 1, 12, 15103),
(4595, '1396', '42,1365914786967', 1, 12, 15104),
(4596, '1037', '40,77903091061', 1, 12, 15105),
(4597, '1588', '41,4747807017543', 1, 12, 15107),
(4598, '1677', '40,6153250773995', 1, 12, 15108),
(4599, '775', '44,4237451570525', 1, 12, 15109),
(4600, '5291', '38,4203659341593', 1, 12, 15697),
(4601, '3348', '40,5087809917355', 1, 12, 15112),
(4602, '3707', '40,8983704974275', 1, 12, 15113),
(4603, '10890', '8,02364864864865', 1, 8, 15114),
(4604, '10734', '40,2735027508975', 1, 12, 15115),
(4605, '276', '46,25', 1, 12, 15116),
(4606, '276', '46,25', 1, 12, 15117),
(4607, '308', '47,2058823529412', 1, 12, 15118),
(4608, '9095', '40,3718237711406', 1, 12, 15119),
(4609, '148', '52,8644905043057', 1, 12, 15120),
(4610, '295', '49,8046875', 1, 12, 15121),
(4611, '295', '49,8046875', 1, 12, 15122),
(4612, '295', '49,8046875', 1, 12, 15123),
(4613, '334', '46,2675170679123', 1, 12, 15124);
INSERT INTO `lista_productos` (`id_lista_producto`, `importe`, `porcentaje`, `cantidadminima`, `fkIdListaPrecioProducto`, `fkIdProductoLista`) VALUES
(4614, '418', '44,7060076693652', 1, 12, 15125),
(4615, '295', '49,8046875', 1, 12, 15126),
(4616, '308', '45,6462678471241', 1, 12, 15127),
(4617, '61255', '40,047182155339', 1, 12, 15128),
(4618, '123415', '6,13401277760876', 1, 8, 15364),
(4619, '1024', '41,8181818181818', 1, 12, 15131),
(4620, '308', '50,15', 1, 12, 15132),
(4621, '308', '50,15', 1, 12, 15133),
(4622, '1627', '41,6361607142857', 1, 12, 15134),
(4623, '3662', '40,4141104294478', 1, 12, 15135),
(4624, '2036', '41,7928571428572', 1, 12, 15136),
(4625, '157716', '40,0194896061504', 1, 12, 15137),
(4626, '5615', '40,7923084021038', 1, 12, 15138),
(4627, '1255', '41,1853285696466', 1, 12, 15139),
(4628, '16544', '40,1804857646988', 1, 12, 15140),
(4629, '4418', '40,7254586796296', 1, 12, 15141),
(4630, '2797', '40,4145384520328', 1, 12, 15142),
(4631, '1184', '41,9227932136711', 1, 12, 15143),
(4632, '1677', '40,678235881199', 1, 12, 15145),
(4633, '1396', '41,3865458927162', 1, 12, 15146),
(4634, '1058', '41,4011953065029', 1, 12, 15147),
(4635, '877', '43,1231588109266', 1, 12, 15148),
(4636, '935', '41,6886851103514', 1, 12, 15150),
(4637, '2338', '41,2855461864747', 1, 12, 15151),
(4638, '2315', '41,2696779202682', 1, 12, 15153),
(4639, '2315', '41,2696779202682', 1, 12, 15154),
(4640, '2375', '41,5418704156479', 1, 12, 15155),
(4641, '295', '47,5069623286219', 1, 12, 15156),
(4642, '295', '47,5069623286219', 1, 12, 15157),
(4643, '16840', '40,1091586794462', 1, 12, 15158),
(4644, '35828', '40,0847170811081', 1, 12, 15159),
(4645, '32738', '40,0678390755814', 1, 12, 15160),
(4646, '360', '46,25', 1, 12, 15161),
(4647, '360', '46,25', 1, 12, 15162),
(4648, '360', '46,25', 1, 12, 15163),
(4649, '237', '44,4229581721863', 1, 12, 15164),
(4650, '237', '44,4229581721863', 1, 12, 15165),
(4651, '20148', '40,1533701362301', 1, 12, 15166),
(4652, '615', '46,0624970787501', 1, 12, 15168),
(4653, '615', '46,0624970787501', 1, 12, 15169),
(4654, '615', '46,0624970787501', 1, 12, 15170),
(4655, '615', '46,0624970787501', 1, 12, 15171),
(4656, '28704', '40,100120144173', 1, 12, 15172),
(4657, '174', '60,6534090909091', 1, 12, 15173),
(4658, '51584', '40,0402737187256', 1, 12, 15174),
(4659, '83117', '40,0153199656108', 1, 12, 15175),
(4660, '11828', '40,0999577232771', 1, 12, 15177),
(4661, '12832', '113,600852272727', 1, 4, 15178),
(4662, '3080', '40,4504892148242', 1, 12, 15179),
(4663, '4295', '40,7642894598846', 1, 12, 15180),
(4664, '7867', '40,2766093635697', 1, 12, 15181),
(4665, '7597', '40,3567530488959', 1, 12, 15182),
(4666, '8098', '40,2705727686185', 1, 12, 15183),
(4667, '10855', '40,317993795243', 1, 12, 15184),
(4668, '51138', '40,0688045752851', 1, 12, 15185),
(4669, '9640', '40,0849541694611', 1, 12, 15186),
(4670, '14404', '40,2006588799041', 1, 12, 15187),
(4671, '10388', '40,2850494473532', 1, 12, 15188),
(4672, '99067', '40,01666017249', 1, 12, 15190),
(4673, '668', '11,4018974878405', 1, 13, 15191),
(4674, '240', '47,5870985261952', 1, 12, 15194),
(4675, '240', '47,5870985261952', 1, 12, 15195),
(4676, '240', '47,5870985261952', 1, 12, 15196),
(4677, '578', '43,7627551020408', 1, 12, 15197),
(4678, '578', '43,7627551020408', 1, 12, 15198),
(4679, '2624', '40,5714285714282', 1, 12, 15199),
(4680, '2388', '40,5978260869567', 1, 12, 15200),
(4681, '8628', '40,2049999999998', 1, 12, 15201),
(4682, '1627', '41,6361607142857', 1, 12, 15202),
(4683, '125837', '40,0140622688444', 1, 12, 15203),
(4684, '258', '53,3841463414634', 1, 12, 15204),
(4685, '258', '53,3841463414634', 1, 12, 15205),
(4686, '258', '53,3841463414634', 1, 12, 15206),
(4687, '258', '53,3841463414634', 1, 12, 15207),
(4688, '258', '53,3841463414634', 1, 12, 15208),
(4689, '334', '46,2675170679123', 1, 12, 15209),
(4690, '224', '48,936170212766', 1, 12, 15210),
(4691, '224', '48,936170212766', 1, 12, 15211),
(4692, '224', '48,936170212766', 1, 12, 15212),
(4693, '9773', '40,2893188617464', 1, 12, 15213),
(4694, '7335', '40,3953144140467', 1, 12, 15214),
(4695, '6036', '40,5135282263841', 1, 12, 15215),
(4696, '8148', '40,3437798113276', 1, 12, 15216),
(4697, '29556', '40,059898400182', 1, 12, 15217),
(4698, '4935', '40,522192426392', 1, 12, 15219),
(4699, '2055', '40,7395830406563', 1, 12, 15220),
(4700, '22215', '40,0942169712638', 1, 12, 15221),
(4701, '3015', '41,1572893905151', 1, 12, 15222),
(4702, '3360', '40,3935820076796', 1, 12, 15223),
(4703, '2319', '22,0363943155353', 1, 9, 15437),
(4704, '5307', '40,686654793176', 1, 12, 15225),
(4705, '14695', '40,2266018626902', 1, 12, 15226),
(4706, '20397', '40,0967859648727', 1, 12, 15227),
(4707, '40877', '40,0332066577753', 1, 12, 15228),
(4708, '21716', '40,1371647326995', 1, 12, 15229),
(4709, '21255', '40,0748444711207', 1, 12, 15231),
(4710, '71495', '40,026212369812', 1, 12, 15234),
(4711, '12935', '40,1291666666666', 1, 12, 15235),
(4712, '13824', '40,1888265611097', 1, 12, 15236),
(4713, '57788', '5,2655737704918', 1, 8, 15237),
(4714, '1934', '41,2810561333053', 1, 12, 15241),
(4715, '360', '45,1117650814657', 1, 12, 15242),
(4716, '3117', '40,3245986635444', 1, 12, 15243),
(4717, '32224', '40,0739456897007', 1, 12, 15244),
(4718, '10548', '40,2036712201048', 1, 12, 15245),
(4719, '200', '54,9094375595806', 1, 12, 15246),
(4720, '116', '66,9126328217237', 1, 12, 15247),
(4721, '329', '48,933556342501', 1, 12, 15248),
(4722, '329', '48,933556342501', 1, 12, 15249),
(4723, '436', '46,2835512732278', 1, 12, 15250),
(4724, '26733', '40,1326612903228', 1, 12, 15251),
(4725, '24276', '40,0621338540743', 1, 12, 15252),
(4726, '1130', '42,3449612403101', 1, 12, 15253),
(4727, '2228', '40,3294573643411', 1, 12, 15254),
(4728, '41236', '40,046272106739', 1, 12, 15255),
(4729, '15188', '40,1319151352272', 1, 12, 15256),
(4730, '12877', '40,107864667793', 1, 12, 15257),
(4731, '2600', '40,3654485049834', 1, 12, 15258),
(4732, '1428', '40,778564206269', 1, 12, 15259),
(4733, '1428', '40,778564206269', 1, 12, 15260),
(4734, '1428', '40,778564206269', 1, 12, 15261),
(4735, '1428', '40,778564206269', 1, 12, 15262),
(4736, '1428', '40,778564206269', 1, 12, 15263),
(4737, '775', '44,0383149065955', 1, 12, 15264),
(4738, '775', '44,0383149065955', 1, 12, 15265),
(4739, '9538', '40,2663983879141', 1, 12, 15266),
(4740, '18068', '40,0884433516078', 1, 12, 15267),
(4741, '13664', '40,2233907738685', 1, 12, 15268),
(4742, '10734', '40,3150461023947', 1, 12, 15269),
(4743, '296', '48', 1, 12, 15270),
(4744, '296', '48', 1, 12, 15271),
(4745, '296', '48', 1, 12, 15272),
(4746, '296', '48', 1, 12, 15273),
(4747, '18120', '40,0560002029452', 1, 12, 15274),
(4748, '117800', '40,0144823651603', 1, 12, 15276),
(4749, '138996', '40,0123604950149', 1, 12, 15277),
(4750, '9929', '40,2368625383159', 1, 12, 15278),
(4751, '2880', '40,2177169679415', 1, 12, 15279),
(4752, '6317', '40,4001778061458', 1, 12, 15280),
(4753, '6725', '40,3200436569078', 1, 12, 15281),
(4754, '6178', '40,3632847089526', 1, 12, 15282),
(4755, '4544', '40,781696854147', 1, 12, 15283),
(4756, '5908', '40,4745646978493', 1, 12, 15284),
(4757, '6587', '40,3050858565998', 1, 12, 15285),
(4758, '8704', '40,4387419889895', 1, 12, 15286),
(4759, '2196', '41,3677899852102', 1, 12, 15287),
(4760, '3099', '15,22091', 1, 13, 15288),
(4761, '6400', '40,1050788091068', 1, 12, 15289),
(4762, '1197', '41,4773553799157', 1, 12, 15290),
(4763, '384', '46,5017999686962', 1, 12, 15291),
(4764, '436', '47,8711562543481', 1, 12, 15292),
(4765, '507', '42,8354715672677', 1, 12, 15293),
(4766, '2477', '41,2159462620019', 1, 12, 15294),
(4767, '1428', '41,3559941520468', 1, 12, 15295),
(4768, '61076', '40,0255177142597', 1, 12, 15296),
(4769, '360', '48,728813559322', 1, 12, 15297),
(4770, '148', '52,8644905043057', 1, 12, 15298),
(4771, '384', '49,1158362882086', 1, 12, 15299),
(4772, '384', '49,1158362882086', 1, 12, 15300),
(4773, '384', '49,1158362882086', 1, 12, 15301),
(4774, '384', '49,1158362882086', 1, 12, 15302),
(4775, '384', '49,1158362882086', 1, 12, 15303),
(4776, '16800', '40', 1, 12, 15304),
(4777, '384', '43,9999999999997', 1, 12, 15305),
(4778, '276', '46,25', 1, 12, 15306),
(4779, '308', '47,2058823529412', 1, 12, 15307),
(4780, '276', '46,25', 1, 12, 15308),
(4781, '276', '46,25', 1, 12, 15309),
(4782, '276', '46,25', 1, 12, 15310),
(4783, '2157', '40,4672039490547', 1, 12, 15311),
(4784, '1184', '42,8712871287129', 1, 12, 15312),
(4785, '116', '69,311377245509', 1, 12, 15313),
(4786, '1095', '43,328455590162', 1, 12, 15314),
(4787, '4077', '40,247925428321', 1, 12, 15315),
(4788, '1357', '41,0344884927498', 1, 12, 15318),
(4789, '520', '41,588471849866', 1, 12, 15319),
(4790, '2196', '41,6821069348861', 1, 12, 15321),
(4791, '169415', '40,0123966942149', 1, 12, 15322),
(4792, '65307', '40,0259251375094', 1, 12, 15323),
(4793, '12987', '40,1971367833656', 1, 12, 15324),
(4794, '4040', '40,6785714285718', 1, 12, 15326),
(4795, '3348', '40,7025862068963', 1, 12, 15327),
(4796, '3904', '40,769230769231', 1, 12, 15328),
(4797, '31424', '40,0804681784933', 1, 12, 15329),
(4798, '25858', '40,0641666666667', 1, 12, 15330),
(4799, '321664', '40,009944996093', 1, 12, 15331),
(4800, '2548', '40,7726829710556', 1, 12, 15332),
(4801, '864', '43,2068543451653', 1, 12, 15333),
(4802, '7815', '40,3070149594525', 1, 12, 15334),
(4803, '6797', '40,2097341242232', 1, 12, 15335),
(4804, '4032', '40,4280856171235', 1, 12, 15336),
(4805, '3117', '40,6979166666667', 1, 12, 15337),
(4806, '2600', '40,8333333333338', 1, 12, 15339),
(4807, '628', '41,3173929098966', 1, 12, 15340),
(4808, '137108', '40,0085756107452', 1, 12, 15342),
(4809, '97876', '40,0374786852818', 1, 12, 15343),
(4810, '147400', '40,0180202017997', 1, 12, 15344),
(4811, '68788', '40,0207186645856', 1, 12, 15345),
(4812, '27', '1894,31818181818', 1, 12, 15346),
(4813, '87853', '40,024120197212', 1, 12, 15347),
(4814, '308', '45,6462678471241', 1, 12, 15348),
(4815, '308', '45,6462678471241', 1, 12, 15349),
(4816, '308', '45,6462678471246', 1, 12, 15350),
(4817, '308', '45,6462678471241', 1, 12, 15351),
(4818, '113824', '40,023679963178', 1, 12, 15352),
(4819, '2017', '10,5458432570653', 1, 13, 15353),
(4820, '1058', '41,8991416309013', 1, 12, 15355),
(4821, '1357', '42,4254004478126', 1, 12, 15356),
(4822, '1147', '41,2668637259362', 1, 12, 15357),
(4823, '78978', '40,0338614636062', 1, 12, 15358),
(4824, '1837', '40,785646910863', 1, 12, 15359),
(4825, '1960', '41,2416851441242', 1, 12, 15360),
(4826, '1295', '42,104285778598', 1, 12, 15361),
(4827, '10535', '40,2045925035698', 1, 12, 15362),
(4828, '12877', '40,0648277062304', 1, 12, 15363),
(4829, '49000', '40,0510545089551', 1, 12, 15365),
(4830, '67015', '40,046212943482', 1, 12, 15366),
(4831, '90600', '40,0124899351411', 1, 12, 15367),
(4832, '14215', '40,2681180425434', 1, 12, 15368),
(4833, '224', '48,936170212766', 1, 12, 15369),
(4834, '877', '42,4444685218339', 1, 12, 15370),
(4835, '347', '48,3881578947369', 1, 12, 15371),
(4836, '347', '48,3881578947369', 1, 12, 15372),
(4837, '347', '48,3881578947369', 1, 12, 15373),
(4838, '347', '48,3881578947369', 1, 12, 15374),
(4839, '347', '48,3881578947369', 1, 12, 15375),
(4840, '347', '48,3881578947369', 1, 12, 15376),
(4841, '347', '48,3881578947369', 1, 12, 15377),
(4842, '347', '48,3881578947369', 1, 12, 15378),
(4843, '384', '49,1158362882086', 1, 12, 15379),
(4844, '384', '49,1158362882086', 1, 12, 15380),
(4845, '384', '49,1158362882086', 1, 12, 15381),
(4846, '384', '49,1158362882086', 1, 12, 15382),
(4847, '384', '49,1158362882086', 1, 12, 15383),
(4848, '384', '49,1158362882086', 1, 12, 15384),
(4849, '384', '49,1158362882086', 1, 12, 15385),
(4850, '384', '49,1158362882086', 1, 12, 15386),
(4851, '384', '49,1158362882086', 1, 12, 15387),
(4852, '384', '49,1158362882086', 1, 12, 15388),
(4853, '384', '49,1158362882086', 1, 12, 15389),
(4854, '384', '49,1158362882086', 1, 12, 15390),
(4855, '717', '43,42428463198', 1, 12, 15391),
(4856, '1024', '43,7436369504001', 1, 12, 15392),
(4857, '520', '42,3398904958063', 1, 12, 15393),
(4858, '1876', '40,7915156186182', 1, 12, 15394),
(4859, '1095', '43,161495038348', 1, 12, 15396),
(4860, '1378', '40,9957404380061', 1, 12, 15397),
(4861, '1076', '43,1239780295229', 1, 12, 15398),
(4862, '1378', '40,9957404380061', 1, 12, 15399),
(4863, '1924', '40,5309158665656', 1, 12, 15400),
(4864, '455', '47,8947192959063', 1, 12, 15401),
(4865, '775', '42,77915517187', 1, 12, 15402),
(4866, '1218', '41,2413063139504', 1, 12, 15403),
(4867, '1396', '41,3910289682706', 1, 12, 15404),
(4868, '507', '43,1664156626506', 1, 12, 15405),
(4869, '2427', '40,7194788275688', 1, 12, 15406),
(4870, '717', '43,6180236493416', 1, 12, 15408),
(4871, '2836', '40,4733087816123', 1, 12, 15409),
(4872, '308', '43,0242168924208', 1, 12, 15410),
(4873, '116', '65,7423492459622', 1, 12, 15411),
(4874, '77', '56,0437992652566', 1, 12, 15412),
(4875, '960', '41,2756294594536', 1, 12, 15414),
(4876, '495', '49,2426611051347', 1, 12, 15417),
(4877, '347', '50,3921310959697', 1, 12, 15418),
(4878, '800', '40,6397759664625', 1, 12, 15419),
(4879, '1997', '41,502540725239', 1, 12, 15420),
(4880, '135', '74,5689655172415', 1, 12, 15428),
(4881, '224', '55,3329676795261', 1, 12, 15429),
(4882, '2535', '41,1615036666438', 1, 12, 15431),
(4883, '276', '47,2249281577927', 1, 12, 15434),
(4884, '360', '43,2887001959504', 1, 12, 15435),
(4885, '1307', '42,5539667653587', 1, 12, 15436),
(4886, '3227', '40,7811920864479', 1, 12, 15440),
(4887, '2708', '41,0657804752949', 1, 12, 15441),
(4888, '1925', '40,6910587388684', 1, 12, 15442),
(4889, '738', '43,8409563409564', 1, 12, 15443),
(4890, '1920', '40,1350528215726', 1, 12, 15450),
(4891, '2498', '40,7181650103998', 1, 12, 15451),
(4892, '3707', '40,7925400842856', 1, 12, 15452),
(4893, '1184', '41,4289914730962', 1, 12, 15453),
(4894, '360', '42,4691073397162', 1, 12, 15454),
(4895, '16165', '40,1221487201443', 1, 12, 15455),
(4896, '17716', '40,1481513734202', 1, 12, 15456),
(4897, '77', '87,6875000000003', 1, 12, 15458),
(4898, '17428', '40,1126356410173', 1, 12, 15459),
(4899, '33197', '40,0929492728533', 1, 12, 15461),
(4900, '279316', '40,0063357633793', 1, 12, 15462),
(4901, '2247', '41,3711290735144', 1, 12, 15463),
(4902, '1024', '43,1028551771586', 1, 12, 15464),
(4903, '3720', '40,4659736960326', 1, 12, 15465),
(4904, '295', '49,997997419174', 1, 12, 15466),
(4905, '295', '49,997997419174', 1, 12, 15467),
(4906, '295', '49,997997419174', 1, 12, 15468),
(4907, '295', '49,997997419174', 1, 12, 15469),
(4908, '295', '49,997997419174', 1, 12, 15470),
(4909, '295', '49,997997419174', 1, 12, 15471),
(4910, '295', '49,997997419174', 1, 12, 15472),
(4911, '295', '49,997997419174', 1, 12, 15473),
(4912, '295', '49,997997419174', 1, 12, 15474),
(4913, '295', '49,997997419174', 1, 12, 15475),
(4914, '295', '49,997997419174', 1, 12, 15476),
(4915, '295', '49,997997419174', 1, 12, 15477),
(4916, '295', '49,997997419174', 1, 12, 15478),
(4917, '295', '49,997997419174', 1, 12, 15479),
(4918, '295', '49,997997419174', 1, 12, 15480),
(4919, '295', '49,997997419174', 1, 12, 15481),
(4920, '14250', '40,0980724320269', 1, 12, 15483),
(4921, '14018', '40,1552751719698', 1, 12, 15484),
(4922, '24775', '40,0858819353911', 1, 12, 15485),
(4923, '877', '42,4444685218339', 1, 12, 15486),
(4924, '877', '42,4444685218339', 1, 12, 15487),
(4925, '877', '42,4444685218339', 1, 12, 15488),
(4926, '877', '42,4444685218339', 1, 12, 15489),
(4927, '877', '42,4444685218339', 1, 12, 15490),
(4928, '877', '42,4444685218339', 1, 12, 15491),
(4929, '877', '42,4444685218339', 1, 12, 15492),
(4930, '877', '42,4444685218339', 1, 12, 15493),
(4931, '877', '42,4444685218339', 1, 12, 15494),
(4932, '877', '42,4444685218339', 1, 12, 15495),
(4933, '9236', '40,2663551401869', 1, 12, 15496),
(4934, '877', '42,4444685218339', 1, 12, 15497),
(4935, '11828', '40,0911078717201', 1, 12, 15498),
(4936, '1160', '41,3749999999999', 1, 12, 15499),
(4937, '1984', '40,8885651857247', 1, 12, 15500),
(4938, '877', '42,4444685218339', 1, 12, 15501),
(4939, '877', '42,4444685218339', 1, 12, 15502),
(4940, '877', '42,4444685218339', 1, 12, 15503),
(4941, '877', '42,4444685218339', 1, 12, 15504),
(4942, '877', '42,4444685218339', 1, 12, 15505),
(4943, '877', '42,4444685218339', 1, 12, 15506),
(4944, '877', '42,4444685218339', 1, 12, 15507),
(4945, '877', '42,4444685218339', 1, 12, 15508),
(4946, '877', '42,4444685218339', 1, 12, 15509),
(4947, '1960', '41,1123582230624', 1, 12, 15510),
(4948, '276', '46,25', 1, 12, 15511),
(4949, '276', '46,25', 1, 12, 15512),
(4950, '308', '47,2058823529412', 1, 12, 15513),
(4951, '276', '46,25', 1, 12, 15514),
(4952, '276', '46,25', 1, 12, 15515),
(4953, '276', '46,25', 1, 12, 15516),
(4954, '276', '46,25', 1, 12, 15517),
(4955, '276', '46,25', 1, 12, 15518),
(4956, '276', '46,25', 1, 12, 15519),
(4957, '1538', '41,6647772361411', 1, 12, 15520),
(4958, '1320', '41,5156579873329', 1, 12, 15521),
(4959, '7636', '40,3676470588235', 1, 12, 15522),
(4960, '4418', '40,461144154015', 1, 12, 15523),
(4961, '6957', '40,2799259002596', 1, 12, 15524),
(4962, '7508', '40,2567932260676', 1, 12, 15525),
(4963, '3744', '40,4400815992884', 1, 12, 15526),
(4964, '15316', '40,2186282699797', 1, 12, 15527),
(4965, '6720', '40,3009875887589', 1, 12, 15528),
(4966, '10068', '40,1215605890179', 1, 12, 15529),
(4967, '7040', '40,2908228758216', 1, 12, 15530),
(4968, '2228', '40,7841866493843', 1, 12, 15531),
(4969, '10068', '40,1215605890179', 1, 12, 15532),
(4970, '30728', '40,0548255660665', 1, 12, 15533),
(4971, '9415', '40,3895740424672', 1, 12, 15534),
(4972, '12237', '40,0871977266974', 1, 12, 15535),
(4973, '3369', '40,6370416673801', 1, 12, 15536),
(4974, '3547', '41,022582697201', 1, 12, 15537),
(4975, '8064', '40,3067961996672', 1, 12, 15538),
(4976, '10068', '40,1215605890179', 1, 12, 15539),
(4977, '3867', '40,3820520076251', 1, 12, 15540),
(4978, '3867', '40,3820520076251', 1, 12, 15541),
(4979, '37160', '40,0221061093245', 1, 12, 15542),
(4980, '10068', '40,1207053309999', 1, 12, 15543),
(4981, '8064', '40,3067961996672', 1, 12, 15544),
(4982, '2747', '40,5236731096141', 1, 12, 15545),
(4983, '4788', '40,4219607276929', 1, 12, 15546),
(4984, '3054', '40,8431717561584', 1, 12, 15548),
(4985, '35400', '40,0736676699212', 1, 12, 15549),
(4986, '20877', '40,0464205216271', 1, 12, 15550),
(4987, '74107', '40,0255906885164', 1, 12, 15551),
(4988, '13095', '40,2773435732473', 1, 12, 15552),
(4989, '21601', '40,0520748824973', 1, 12, 15553),
(4990, '2600', '40,9206759682985', 1, 12, 15554),
(4991, '29218', '40,051000843623', 1, 12, 15557),
(4992, '877', '42,4444685218339', 1, 12, 15558),
(4993, '877', '42,4444685218339', 1, 12, 15559),
(4994, '877', '42,4444685218339', 1, 12, 15560),
(4995, '877', '42,4444685218339', 1, 12, 15561),
(4996, '877', '42,4444685218339', 1, 12, 15562),
(4997, '877', '42,4444685218339', 1, 12, 15563),
(4998, '877', '42,4444685218339', 1, 12, 15564),
(4999, '877', '42,4444685218339', 1, 12, 15565),
(5000, '877', '42,4444685218339', 1, 12, 15566),
(5001, '384', '49,1158362882086', 1, 12, 15567),
(5002, '384', '49,1158362882086', 1, 12, 15568),
(5003, '384', '49,1158362882086', 1, 12, 15569),
(5004, '16864', '40,1590339611722', 1, 12, 15571),
(5005, '3744', '40,4426945791521', 1, 12, 15572),
(5006, '10708', '40,2579920576492', 1, 12, 15573),
(5007, '3104', '41,0383073911828', 1, 12, 15574),
(5008, '3240', '40,9009812667259', 1, 12, 15575),
(5009, '3744', '40,4400815992884', 1, 12, 15576),
(5010, '11424', '40,2948378190466', 1, 12, 15577),
(5011, '11264', '40,1867727326108', 1, 12, 15578),
(5012, '5415', '40,6933200526461', 1, 12, 15579),
(5013, '7040', '40,2908228758216', 1, 12, 15580),
(5014, '5378', '40,5820777665131', 1, 12, 15581),
(5015, '4717', '40,6720275527932', 1, 12, 15582),
(5016, '148', '52,8644905043057', 1, 12, 15583),
(5017, '148', '52,8644905043057', 1, 12, 15584),
(5018, '77', '55,241935483871', 1, 12, 15585),
(5019, '98', '70,7469621157969', 1, 12, 15586),
(5020, '52615', '40,0297667791278', 1, 12, 15587),
(5021, '3458', '40,9888097149739', 1, 12, 15588),
(5022, '3214', '41,1732110356261', 1, 12, 15589),
(5023, '2077', '17,1643717417361', 1, 13, 15590),
(5024, '1748', '41,1732546966634', 1, 12, 15592),
(5025, '1036', '23,3757981080345', 1, 4, 15593),
(5026, '3022', '23,2128831586336', 1, 9, 15594),
(5027, '2599', '16,066745836781', 1, 13, 15595),
(5028, '9997', '40,0892672354322', 1, 12, 15598),
(5029, '672', '41,6673300295613', 1, 12, 15600),
(5030, '672', '41,6673300295613', 1, 12, 15601),
(5031, '672', '41,6673300295613', 1, 12, 15602),
(5032, '672', '41,6673300295613', 1, 12, 15603),
(5033, '40', '141,935483870969', 1, 12, 15604),
(5034, '1774', '41,2598891477751', 1, 12, 15605),
(5035, '3560', '40,7058564623196', 1, 12, 15606),
(5036, '27156', '40,1284665747476', 1, 12, 15608),
(5037, '6936', '24,5956031979251', 1, 4, 15610),
(5038, '49858', '40,0452746952475', 1, 12, 15611),
(5039, '21467', '40,0947582750339', 1, 12, 15612),
(5040, '330', '48,6918362594685', 1, 12, 15614),
(5041, '1787', '40,9648044566524', 1, 12, 15616),
(5042, '756', '41,8492945061543', 1, 12, 15619),
(5043, '11156', '40,2718245657659', 1, 12, 15620),
(5044, '32717', '40,0340700919379', 1, 12, 15621),
(5045, '418', '45,1388888888889', 1, 12, 15622),
(5046, '276', '45,1456310679612', 1, 12, 15623),
(5047, '680', '43,0482437214119', 1, 12, 15624),
(5048, '148', '52,8644905043057', 1, 12, 15625),
(5049, '77', '55,241935483871', 1, 12, 15626),
(5050, '148', '52,8644905043057', 1, 12, 15627),
(5051, '77', '55,241935483871', 1, 12, 15628),
(5052, '148', '52,8644905043057', 1, 12, 15629),
(5053, '77', '60,4166666666667', 1, 12, 15630),
(5054, '77', '55,241935483871', 1, 12, 15631),
(5055, '77', '60,4166666666667', 1, 12, 15632),
(5056, '148', '52,8644905043057', 1, 12, 15633),
(5057, '418', '48,2215594995636', 1, 12, 15634),
(5058, '418', '48,2215594995636', 1, 12, 15635),
(5059, '418', '48,2215594995636', 1, 12, 15636),
(5060, '1610', '41,1645683453237', 1, 12, 15637),
(5061, '935', '44,2444620253165', 1, 12, 15638),
(5062, '295', '49,8046875', 1, 12, 15639),
(5063, '1610', '41,1645683453237', 1, 12, 15640),
(5064, '864', '44', 1, 12, 15641),
(5065, '864', '44', 1, 12, 15642),
(5066, '46215', '40,0592101664061', 1, 12, 15643),
(5067, '52360', '40,0158196949716', 1, 12, 15645),
(5068, '15188', '40,051352408448', 1, 12, 15646),
(5069, '8738', '40,2293496438118', 1, 12, 15647),
(5070, '10018', '40,3383620689656', 1, 12, 15648),
(5071, '10018', '40,3383620689656', 1, 12, 15649),
(5072, '10018', '40,3383620689656', 1, 12, 15650),
(5073, '10018', '40,3383620689656', 1, 12, 15651),
(5074, '10868', '40,1626984126983', 1, 12, 15652),
(5075, '10868', '40,1626984126983', 1, 12, 15653),
(5076, '10868', '40,1626984126983', 1, 12, 15654),
(5077, '53129', '40,0361574437024', 1, 12, 15655),
(5078, '1837', '41,4438354866222', 1, 12, 15657),
(5079, '7815', '40,4806293452547', 1, 12, 15658),
(5080, '3264', '40,6448875689434', 1, 12, 15660),
(5081, '8027', '40,3582764346375', 1, 12, 15661),
(5082, '8224', '40,4096156001345', 1, 12, 15662),
(5083, '1255', '41,9646514126422', 1, 12, 15663),
(5084, '21147', '40,0800396223646', 1, 12, 15664),
(5085, '1454', '42,8407957399413', 1, 12, 15665),
(5086, '1538', '41,1899291955408', 1, 12, 15666),
(5087, '15227', '40,1246046106415', 1, 12, 15668),
(5088, '17236', '40,1587785258406', 1, 12, 15669),
(5089, '764', '43,7064403959857', 1, 12, 15670),
(5090, '764', '43,7064403959857', 1, 12, 15671),
(5091, '764', '43,7064403959857', 1, 12, 15672),
(5092, '764', '43,7064403959857', 1, 12, 15673),
(5093, '764', '43,7064403959857', 1, 12, 15674),
(5094, '764', '43,7064403959857', 1, 12, 15675),
(5095, '764', '43,7064403959857', 1, 12, 15676),
(5096, '764', '43,7064403959857', 1, 12, 15677),
(5097, '764', '43,7064403959857', 1, 12, 15678),
(5098, '764', '43,7064403959857', 1, 12, 15679),
(5099, '764', '43,7064403959857', 1, 12, 15680),
(5100, '764', '43,7064403959857', 1, 12, 15681),
(5101, '764', '43,7064403959857', 1, 12, 15682),
(5102, '21024', '40,1278065347038', 1, 12, 15684),
(5103, '11156', '40,2212166918049', 1, 12, 15685),
(5104, '360', '44,89151167568', 1, 12, 15687),
(5105, '360', '44,89151167568', 1, 12, 15688),
(5106, '360', '44,89151167568', 1, 12, 15689),
(5107, '360', '44,89151167568', 1, 12, 15690),
(5108, '68840', '40,0209784257667', 1, 12, 15691),
(5109, '360', '44,89151167568', 1, 12, 15693),
(5110, '360', '44,89151167568', 1, 12, 15694),
(5111, '9640', '40,0828663407655', 1, 12, 15696),
(5112, '51400', '40,0464334338609', 1, 12, 15698),
(5113, '38728', '40,0839617853677', 1, 12, 15700),
(5114, '788', '42,2777777777778', 1, 12, 15701),
(5115, '258', '54,5955875303439', 1, 12, 15702),
(5116, '360', '44,89151167568', 1, 12, 15703),
(5117, '2240', '40', 1, 12, 15704),
(5118, '360', '44,89151167568', 1, 12, 15705),
(5119, '596', '46,0726457501095', 1, 12, 15706),
(5120, '596', '46,0726457501095', 1, 12, 15707),
(5121, '596', '46,0726457501095', 1, 12, 15708),
(5122, '22760', '40,0358925036252', 1, 12, 15709),
(5123, '2338', '41,3076798850391', 1, 12, 15713),
(5124, '1470', '41,0679133858266', 1, 12, 15714),
(5125, '1470', '41,0679133858266', 1, 12, 15715),
(5126, '1470', '41,0679133858266', 1, 12, 15716),
(5127, '1470', '41,0679133858266', 1, 12, 15717),
(5128, '1470', '41,0679133858266', 1, 12, 15718),
(5129, '1470', '41,0679133858266', 1, 12, 15719),
(5130, '1470', '41,0679133858266', 1, 12, 15720),
(5131, '1470', '41,0679133858266', 1, 12, 15721),
(5132, '1470', '41,0679133858266', 1, 12, 15722),
(5133, '1000', '42,0454545454545', 1, 12, 15723),
(5134, '1470', '41,0679133858266', 1, 12, 15724),
(5135, '1470', '41,0679133858266', 1, 12, 15725),
(5136, '2240', '40', 1, 12, 15726),
(5137, '4077', '40,6937939853593', 1, 12, 15727),
(5138, '507', '28,5915492957746', 1, 8, 15728),
(5139, '360', '44,89151167568', 1, 12, 15730),
(5140, '2018', '41,3469827586207', 1, 12, 15731),
(5141, '2018', '41,3469827586207', 1, 12, 15732),
(5142, '2996', '40,7894736842105', 1, 12, 15733),
(5143, '2996', '40,7894736842105', 1, 12, 15734),
(5144, '4077', '40,7803867403315', 1, 12, 15735),
(5145, '1504', '42,4795958025651', 1, 12, 15737),
(5146, '1504', '42,4795958025651', 1, 12, 15738),
(5147, '2240', '40,8805031446541', 1, 12, 15741),
(5148, '6228', '40,1798291052448', 1, 12, 15746),
(5149, '115200', '40,0077682372833', 1, 12, 15747),
(5150, '45480', '40,0235269081623', 1, 12, 15748),
(5151, '2587', '40,9737970744586', 1, 12, 15749),
(5152, '74658', '40,0397659063625', 1, 12, 15750),
(5153, '110855', '40,0158678464498', 1, 12, 15751),
(5154, '116160', '40,0192864030858', 1, 12, 15752),
(5155, '7636', '40,3625692364659', 1, 12, 15753),
(5156, '2978', '40,4828307148868', 1, 12, 15754),
(5157, '4717', '40,4194018234696', 1, 12, 15755),
(5158, '276', '45,5223880597015', 1, 12, 15756),
(5159, '276', '45,5223880597015', 1, 12, 15757),
(5160, '276', '45,5223880597009', 1, 12, 15758),
(5161, '680', '41,2802591203545', 1, 12, 15759),
(5162, '680', '41,2802591203546', 1, 12, 15760),
(5163, '680', '41,2802591203546', 1, 12, 15761),
(5164, '578', '42,3249823214465', 1, 12, 15762),
(5165, '578', '42,3249823214465', 1, 12, 15763),
(5166, '578', '42,3249823214465', 1, 12, 15764),
(5167, '455', '43,5400893030477', 1, 12, 15765),
(5168, '455', '43,540089303048', 1, 12, 15766),
(5169, '680', '42,1160850997805', 1, 12, 15767),
(5170, '1357', '41,0559599001597', 1, 12, 15768),
(5171, '1357', '41,0559599001597', 1, 12, 15769),
(5172, '200', '43,4245366284201', 1, 12, 15770),
(5173, '333', '45,5941704035874', 1, 12, 15771),
(5174, '7991', '18,0718661826572', 1, 9, 15773),
(5175, '827', '43,9865906872468', 1, 12, 15774),
(5176, '258', '55,4184858719825', 1, 12, 15775),
(5177, '98', '70,625', 1, 12, 15776),
(5178, '148', '52,8644905043057', 1, 12, 15777),
(5179, '77', '55,241935483871', 1, 12, 15778),
(5180, '596', '45,275', 1, 12, 15779),
(5181, '174', '52,2499817300022', 1, 12, 15780),
(5182, '343', '42,9166476111137', 1, 12, 15781),
(5183, '343', '42,9166476111137', 1, 12, 15782),
(5184, '148', '52,8644905043057', 1, 12, 15783),
(5185, '187', '50,4828326180257', 1, 12, 15784),
(5186, '187', '50,4828326180257', 1, 12, 15785),
(5187, '187', '50,4828326180257', 1, 12, 15786),
(5188, '187', '50,4828326180257', 1, 12, 15787),
(5189, '187', '50,4828326180257', 1, 12, 15788),
(5190, '148', '52,8644905043057', 1, 12, 15789),
(5191, '148', '52,8644905043057', 1, 12, 15790),
(5192, '174', '52,2499817300022', 1, 12, 15791),
(5193, '77', '55,241935483871', 1, 12, 15792),
(5194, '10440', '40,1486988847584', 1, 12, 15795),
(5195, '1102', '10,8295116260359', 1, 13, 15797),
(5196, '2240', '40', 1, 12, 15798),
(5197, '4116', '40,8204084497158', 1, 12, 15799),
(5198, '2144', '41,086903701304', 1, 12, 15800),
(5199, '2144', '41,086903701304', 1, 12, 15801),
(5200, '5876', '40,5789917945897', 1, 12, 15802),
(5201, '4413', '6,89873417721519', 1, 8, 15803),
(5202, '3458', '40,7109606432501', 1, 12, 15804),
(5203, '4898', '40,6095420926179', 1, 12, 15805),
(5204, '2735', '40,9629860655911', 1, 12, 15806),
(5205, '2735', '40,9629860655911', 1, 12, 15807),
(5206, '2734', '40,9114456684917', 1, 12, 15808),
(5207, '2996', '40,6287551069454', 1, 12, 15809),
(5208, '3815', '40,7264410781038', 1, 12, 15810),
(5209, '2498', '41,289592760181', 1, 12, 15811),
(5210, '3348', '40,8865111180834', 1, 12, 15812),
(5211, '2178', '41,0822200749972', 1, 12, 15813),
(5212, '1775', '41,4026969087124', 1, 12, 15814),
(5213, '1236', '42,5124774516666', 1, 12, 15815),
(5214, '15371', '40,2258999016056', 1, 12, 15816),
(5215, '145344', '40,0234534423086', 1, 12, 15817),
(5216, '544', '47,3333333333334', 1, 12, 15818),
(5217, '544', '47,3333333333334', 1, 12, 15819),
(5218, '544', '47,3333333333334', 1, 12, 15820),
(5219, '544', '47,3333333333334', 1, 12, 15821),
(5220, '544', '47,3333333333334', 1, 12, 15822),
(5221, '544', '47,3333333333334', 1, 12, 15823),
(5222, '331', '46,6931818181818', 1, 12, 15824),
(5223, '331', '46,6931818181818', 1, 12, 15825),
(5224, '331', '46,6931818181818', 1, 12, 15826),
(5225, '331', '46,6931818181818', 1, 12, 15827),
(5226, '331', '46,6931818181818', 1, 12, 15828),
(5227, '331', '46,6931818181818', 1, 12, 15829),
(5228, '331', '46,6931818181818', 1, 12, 15830),
(5229, '418', '45,5535714285714', 1, 12, 15831),
(5230, '418', '45,5535714285714', 1, 12, 15832),
(5231, '418', '45,5535714285714', 1, 12, 15833),
(5232, '418', '45,5535714285714', 1, 12, 15834),
(5233, '418', '45,5535714285714', 1, 12, 15835),
(5234, '418', '45,5535714285714', 1, 12, 15836),
(5235, '507', '45,389705882353', 1, 12, 15837),
(5236, '507', '45,389705882353', 1, 12, 15838),
(5237, '507', '45,389705882353', 1, 12, 15839),
(5238, '507', '45,389705882353', 1, 12, 15840),
(5239, '32987', '40,0812769819891', 1, 12, 15841),
(5240, '1517', '41,9298447046115', 1, 12, 15843),
(5241, '3067', '41,1196665324335', 1, 12, 15844),
(5242, '10178', '40,3367726169669', 1, 12, 15845),
(5243, '4491', '40,4463838959241', 1, 12, 15846),
(5244, '3214', '40,7799920931575', 1, 12, 15847),
(5245, '2708', '40,8219843710478', 1, 12, 15849),
(5246, '3348', '40,8458288432064', 1, 12, 15850),
(5247, '2548', '40,8173676453917', 1, 12, 15851),
(5248, '77', '55,241935483871', 1, 12, 15852),
(5249, '756', '42,495336105031', 1, 12, 15854),
(5250, '877', '42,674197423747', 1, 12, 15855),
(5251, '756', '44,6315045914763', 1, 12, 15859),
(5252, '756', '44,6315045914763', 1, 12, 15860),
(5253, '935', '43,2561676453233', 1, 12, 15861),
(5254, '775', '43,9285549795937', 1, 12, 15862),
(5255, '3655', '40,4395084194542', 1, 12, 15863),
(5256, '3277', '40,8018616609893', 1, 12, 15864),
(5257, '3547', '40,9283362401997', 1, 12, 15865),
(5258, '35053', '40,1051166086416', 1, 12, 15869),
(5259, '3655', '41,0509879357843', 1, 12, 15872),
(5260, '3815', '40,8160613729179', 1, 12, 15873),
(5261, '2338', '40,843780753101', 1, 12, 15874),
(5262, '3597', '40,7536034800771', 1, 12, 15875),
(5263, '596', '46,0726457501095', 1, 12, 15876),
(5264, '596', '46,0726457501095', 1, 12, 15877),
(5265, '360', '44,89151167568', 1, 12, 15878),
(5266, '360', '44,89151167568', 1, 12, 15879),
(5267, '436', '46,2835512732278', 1, 12, 15880),
(5268, '1197', '42,1459368605671', 1, 12, 15881),
(5269, '1517', '41,0093238759867', 1, 12, 15882),
(5270, '6157', '40,3794617802223', 1, 12, 15883),
(5271, '859', '10,9093023750653', 1, 13, 15884),
(5272, '1357', '41,2696463654225', 1, 12, 15886),
(5273, '596', '46,0726457501095', 1, 12, 15887),
(5274, '596', '46,0726457501095', 1, 12, 15888),
(5275, '2695', '40,5246643468017', 1, 12, 15890),
(5276, '495', '48,8558488379982', 1, 12, 15891),
(5277, '484', '45,7459760860966', 1, 12, 15892),
(5278, '347', '13,0105139109905', 1, 13, 15893),
(5279, '1480', '40,3482972045888', 1, 12, 15895),
(5280, '253037', '40,0081010373871', 1, 12, 15896),
(5281, '7828', '40,3873744619799', 1, 12, 15897),
(5282, '80717', '40,0124162406349', 1, 12, 15899),
(5283, '1760', '40,6926323872905', 1, 12, 15902),
(5284, '1470', '41,0679133858266', 1, 12, 15906),
(5285, '1470', '41,0679133858266', 1, 12, 15907),
(5286, '1470', '41,0679133858266', 1, 12, 15908),
(5287, '224', '56', 1, 12, 15910),
(5288, '224', '56', 1, 12, 15911),
(5289, '224', '56', 1, 12, 15912),
(5290, '224', '56', 1, 12, 15913),
(5291, '276', '49,5', 1, 12, 15914),
(5292, '276', '49,5', 1, 12, 15915),
(5293, '276', '49,5', 1, 12, 15916),
(5294, '276', '49,5', 1, 12, 15917),
(5295, '276', '49,5', 1, 12, 15918),
(5296, '276', '49,5', 1, 12, 15919),
(5297, '704', '43', 1, 12, 15921),
(5298, '704', '43', 1, 12, 15922),
(5299, '704', '43', 1, 12, 15923),
(5300, '704', '43', 1, 12, 15924),
(5301, '704', '43', 1, 12, 15925),
(5302, '704', '43', 1, 12, 15926),
(5303, '704', '43', 1, 12, 15927),
(5304, '704', '43', 1, 12, 15928),
(5305, '1470', '41,0679133858266', 1, 12, 15931),
(5306, '1470', '41,0679133858266', 1, 12, 15932),
(5307, '877', '42,4444685218339', 1, 12, 15933),
(5308, '877', '42,4444685218339', 1, 12, 15934),
(5309, '877', '42,4444685218339', 1, 12, 15935),
(5310, '418', '45,5535714285714', 1, 12, 15936),
(5311, '418', '45,5535714285714', 1, 12, 15937),
(5312, '418', '45,5535714285714', 1, 12, 15938),
(5313, '224', '56', 1, 12, 15940),
(5314, '224', '56', 1, 12, 15941),
(5315, '224', '56', 1, 12, 15942),
(5316, '224', '56', 1, 12, 15943),
(5317, '2873', '51,190410033865', 1, 12, 15437),
(5318, '20692', '20,0195260841199', 1, 13, 15439),
(5319, '7336', '42,2624287252821', 1, 12, 15176),
(5320, '14887', '18,0372830039126', 3, 13, 15570),
(5321, '8436', '40,4252485795453', 1, 12, 15178),
(5322, '6616', '10,1296164772726', 1, 13, 15178),
(5323, '14914', '6,0239445494644', 1, 8, 15178),
(5324, '2311', '21', 1, 4, 15447),
(5325, '3551', '44,7812535063891', 1, 12, 15594),
(5326, '1406', '10,9101930979593', 1, 13, 15616),
(5327, '1255', '15,2027027027027', 1, 8, 15884),
(5328, '3223', '14,7354497354497', 1, 8, 15889),
(5329, '7815', '40,3856169249977', 1, 12, 15610),
(5330, '6132', '10,1528602666777', 1, 13, 15610),
(5331, '8467', '6,75110132158591', 1, 8, 15610),
(5332, '22828', '20,0188093259263', 1, 9, 15613),
(5333, '22828', '20,0188093259263', 1, 13, 15613),
(5334, '507', '28,5915492957746', 1, 8, 15051),
(5335, '3875', '15,02193', 1, 8, 15288),
(5336, '10068', '40,1215605890179', 1, 12, 15547),
(5337, '13951', '35,0466749806863', 1, 12, 15438),
(5338, '330', '47,111269614836', 1, 12, 15192),
(5339, '3789', '18,99', 1, 4, 15556),
(5340, '313', '25,9751198735773', 1, 9, 15909),
(5341, '4343', '23,1432951297068', 1, 2, 15591),
(5342, '5845', '23,1283645957901', 1, 2, 15555),
(5343, '7013', '10,1983438841686', 1, 13, 15597),
(5344, '1501', '30,6221296200377', 1, 4, 15989),
(5345, '840', '20,1884830130177', 10, 9, 15607),
(5346, '2948', '20,1957576279457', 1, 13, 15594),
(5347, '1546', '34,5381828065145', 1, 12, 15989),
(5348, '2400', '23,0704602999309', 1, 2, 15232),
(5349, '2360', '21,0192859615987', 1, 4, 15232),
(5350, '10271', '51,7602474736669', 1, 12, 15773),
(5351, '1835', '25,373140528437', 1, 4, 15072),
(5352, '1029', '22,5421778505478', 1, 9, 15593),
(5353, '1997', '15,3813559322034', 1, 8, 15073),
(5354, '9182', '20,0834322214687', 1, 2, 15189),
(5355, '9029', '18,0824776222654', 1, 4, 15189),
(5356, '1757', '13,0989636143962', 1, 13, 15871),
(5357, '18733', '10,1534772182254', 1, 8, 15570),
(5358, '10000', '34,72', 1, 12, 15656),
(5359, '6386', '22,1686562595653', 1, 9, 15659),
(5360, '769', '11,8734878985597', 1, 13, 15407),
(5361, '3869', '24,1072235087374', 1, 2, 15856),
(5362, '3810', '22,2146605242412', 1, 4, 15856),
(5363, '3777', '21,1561083464722', 1, 9, 15856),
(5364, '4390', '40,8195169819997', 1, 12, 15856),
(5365, '3745', '20,1296335074235', 1, 13, 15856),
(5366, '551', '50,5204565768971', 1, 2, 15433),
(5367, '533', '45,6032728774704', 1, 4, 15433),
(5368, '511', '39,5933816892821', 1, 9, 15433),
(5369, '737', '101,331354804307', 1, 12, 15433),
(5370, '2464', '41,9880914403309', 1, 12, 15742),
(5371, '2088', '20,3210774867739', 1, 13, 15742),
(5372, '10785', '23,0189444383711', 1, 2, 15866),
(5373, '1957', '23,5993796612187', 1, 9, 15617),
(5374, '8950', '17,0493049860754', 1, 9, 15189),
(5375, '880', '23,1596036500028', 1, 2, 15712),
(5376, '424', '31,6263302330779', 1, 2, 15423),
(5377, '412', '27,9010567359153', 1, 4, 15423),
(5378, '989', '23,68714', 1, 2, 15444),
(5379, '967', '20,93576', 1, 4, 15444),
(5380, '393', '22,0027070320746', 1, 9, 15423),
(5381, '515', '59,8763209198942', 1, 12, 15423),
(5382, '369', '14,5521600377494', 1, 13, 15423),
(5383, '614', '15,8904109589041', 1, 8, 15423),
(5384, '1908', '12,073732718894', 1, 8, 15616),
(5385, '2079', '30,2334816337089', 1, 2, 15618),
(5386, '1975', '23,7186754336581', 1, 4, 15618),
(5387, '2255', '41,2585382799489', 1, 12, 15618),
(5388, '1758', '10,1252817277827', 1, 13, 15618),
(5389, '2616', '11,6216216216216', 1, 8, 15618),
(5390, '940', '17,5', 1, 12, 15905),
(5391, '883', '10,375', 1, 13, 15905),
(5392, '9130', '23', 1, 2, 15656),
(5393, '8982', '21,01', 1, 4, 15656),
(5394, '8833', '19', 1, 9, 15656),
(5395, '1427', '23,4682496074973', 1, 2, 15885),
(5396, '1392', '20,4399463585398', 1, 4, 15885),
(5397, '1159', '0,280099015479585', 1, 9, 15885),
(5398, '1742', '50,7229788481151', 1, 12, 15885),
(5399, '1348', '16,6329365598503', 1, 13, 15885),
(5400, '1744', '16,9523809523809', 1, 8, 15885),
(5401, '16397', '30,0098965147548', 1, 2, 15570),
(5402, '7859', '16,1214862131777', 1, 13, 15773),
(5403, '12144', '5,05082095387021', 1, 8, 15597),
(5404, '2503', '15,2694699022802', 1, 13, 15889),
(5405, '10699', '22,0379866987606', 1, 4, 15866),
(5406, '2340', '23,1415104348221', 1, 4, 15437),
(5407, '22828', '20,0188093259263', 1, 2, 15613),
(5408, '22828', '20,0188093259263', 1, 4, 15613),
(5409, '2273', '19,01', 1, 9, 15447),
(5410, '6806', '30,2035506580961', 1, 2, 15659),
(5411, '2680', '40,32', 1, 12, 15447),
(5412, '351', '41,269223883788', 1, 2, 15909),
(5413, '317', '27,5850255588627', 1, 4, 15909),
(5414, '17084', '23,0054171919813', 1, 2, 15683),
(5415, '16807', '21,0110071848296', 1, 4, 15683),
(5416, '16529', '19,0093971415511', 1, 9, 15683),
(5417, '1632', '25,3500122584939', 1, 4, 15395),
(5418, '8438', '33,9974576372389', 1, 12, 15609),
(5419, '351', '41,269223883788', 1, 2, 15052),
(5420, '317', '27,5850255588627', 1, 4, 15052),
(5421, '9528', '32,6061014394281', 1, 2, 15547),
(5422, '8890', '23,7267256293572', 1, 4, 15547),
(5423, '700', '-12,5', 1, 2, 15341),
(5424, '3787', '31,4930555555556', 1, 2, 15457),
(5425, '3611', '25,3819444444444', 1, 4, 15457),
(5426, '3462', '20,2083333333333', 1, 9, 15457),
(5427, '4050', '40,625', 1, 12, 15457),
(5428, '3256', '13,0555555555556', 20, 13, 15457),
(5429, '4438', '10,3434343434343', 1, 8, 15457),
(5430, '12608', '22,0463391983724', 1, 4, 15438),
(5431, '8185', '23,0930724993383', 1, 2, 15218),
(5432, '7985', '20,0853004162757', 1, 4, 15218),
(5433, '7855', '18,130248562285', 1, 9, 15218),
(5434, '9172', '37,9364277292524', 1, 12, 15218),
(5435, '7454', '12,0996655357444', 1, 13, 15218),
(5436, '2515', '18,149135308054', 1, 9, 15233),
(5437, '3024', '42,0608290940578', 1, 12, 15233),
(5438, '2487', '16,8337572608868', 1, 13, 15233),
(5439, '5845', '24,1165112800143', 1, 2, 15772),
(5440, '5794', '23,0335442868098', 1, 4, 15772),
(5441, '5747', '22,0355158813075', 1, 9, 15772),
(5442, '6838', '45,2025156771152', 1, 12, 15772),
(5443, '5655', '20,0819283641542', 1, 13, 15772),
(5444, '27636', '40,0473351479284', 1, 12, 15460),
(5445, '21716', '10,0473270398181', 1, 13, 15460),
(5446, '177268', '40,0062097210061', 1, 12, 15130),
(5447, '120916', '40,0184350581075', 1, 12, 15364),
(5448, '95006', '10,0151463919627', 1, 13, 15364),
(5449, '15711', '20,1656408901488', 1, 4, 15667),
(5450, '874', '22,3198790796619', 1, 4, 15712),
(5451, '2302', '21,141776504684', 1, 13, 15437),
(5452, '12503', '21,0299317098072', 1, 9, 15438),
(5453, '7059', '12,0986079001268', 1, 13, 15609),
(5454, '180', '35,8039594398841', 1, 2, 15430),
(5455, '174', '31,277160791888', 1, 4, 15430),
(5456, '168', '26,7503621438918', 1, 9, 15430),
(5457, '250', '88,6166103331724', 1, 12, 15430),
(5458, '159', '19,9601641718976', 20, 13, 15430),
(5459, '302', '11,1764705882353', 1, 8, 15430),
(5460, '740', '71,6727683189691', 1, 2, 15432),
(5461, '696', '61,4651983108142', 1, 4, 15432),
(5462, '651', '51,0256380752012', 1, 9, 15432),
(5463, '928', '115,286931081086', 1, 12, 15432),
(5464, '600', '39,1941364748398', 10, 13, 15432),
(5465, '969', '12,7027027027027', 1, 8, 15432),
(5466, '16479', '26,0396916955484', 1, 2, 15667),
(5467, '15452', '18,184678444057', 1, 9, 15667),
(5468, '18317', '40,0976414095128', 1, 12, 15667),
(5469, '14388', '10,0466705574095', 1, 13, 15667),
(5470, '1738', '23,519598423998', 1, 2, 15449),
(5471, '1696', '20,5346599120256', 1, 4, 15449),
(5472, '1665', '18,3314910103318', 1, 9, 15449),
(5473, '2026', '43,9877482203797', 1, 12, 15449),
(5474, '1634', '16,1283221086379', 1, 13, 15449),
(5475, '2254', '18,01', 2, 13, 15447),
(5476, '2228', '40,7150832320875', 1, 12, 15617),
(5477, '585', '23,9246727795495', 1, 2, 15900),
(5478, '573', '21,3826282097126', 1, 4, 15900),
(5479, '560', '18,6287465923892', 1, 9, 15900),
(5480, '705', '49,3451184779186', 1, 12, 15900),
(5481, '555', '17,5695613549572', 1, 13, 15900),
(5482, '892', '27,6287224376331', 1, 2, 15607),
(5483, '1350', '27,4938553628109', 1, 2, 15796),
(5484, '1597', '33,8659341793046', 1, 2, 15445),
(5485, '948', '18,55956', 1, 9, 15444),
(5486, '1214', '51,82628', 1, 12, 15444),
(5487, '929', '16,18337', 1, 13, 15444),
(5488, '1214', '14,50704', 1, 8, 15444),
(5489, '473', '90,3713472849907', 1, 2, 15050),
(5490, '756', '16,9230769230769', 1, 8, 15433),
(5491, '360', '44,89151167568', 1, 12, 15050),
(5492, '286', '15,1082564979013', 1, 13, 15050),
(5493, '351', '41,269223883788', 1, 2, 15051),
(5494, '360', '44,89151167568', 1, 12, 15051),
(5495, '4437', '16,0784660082905', 1, 13, 15697),
(5496, '10611', '21,0342159884614', 1, 9, 15866),
(5497, '2118', '22,0498286000896', 1, 4, 15742),
(5498, '1130', '23,4961232271858', 1, 2, 15224),
(5499, '1117', '22,07537136705', 1, 4, 15224),
(5500, '1110', '21,3103511346693', 1, 9, 15224),
(5501, '1302', '42,2937632228283', 1, 12, 15224),
(5502, '1101', '20,3267536930368', 1, 13, 15224),
(5503, '1260', '17,1052631578947', 1, 8, 15224),
(5504, '709', '31,2924061509289', 1, 2, 15422),
(5505, '678', '25,5518355011703', 1, 4, 15422),
(5506, '809', '49,8103759888596', 1, 12, 15422),
(5507, '614', '13,7003348048947', 1, 13, 15422),
(5508, '942', '12,7777777777778', 1, 8, 15422),
(5509, '313', '25,9751198735773', 1, 9, 15052),
(5510, '360', '44,89151167568', 1, 12, 15052),
(5511, '286', '15,1082564979013', 1, 13, 15052),
(5512, '2712', '783,240673563707', 1, 2, 15893),
(5513, '2712', '783,240673563707', 1, 4, 15893),
(5514, '507', '28,5915492957746', 1, 8, 15052),
(5515, '351', '41,269223883788', 1, 2, 15729),
(5516, '317', '27,5850255588627', 1, 4, 15729),
(5517, '313', '25,9751198735773', 1, 9, 15729),
(5518, '360', '44,89151167568', 1, 12, 15729),
(5519, '1748', '10,3994459109915', 1, 13, 15617),
(5520, '883', '10,375', 1, 4, 15904),
(5521, '5793', '22,0329539954512', 1, 4, 15555),
(5522, '5746', '21,0428713374526', 1, 9, 15555),
(5523, '6591', '38,8432935929603', 1, 12, 15555),
(5524, '5700', '20,0738542679219', 1, 13, 15555),
(5525, '49', '37,4198982217753', 1, 2, 15692),
(5526, '495', '35,2225517342361', 10, 13, 15433),
(5527, '22879', '20,2869431648794', 1, 12, 15613),
(5528, '7911', '10,1014765414899', 1, 13, 15547),
(5529, '10936', '6,60973526900085', 1, 8, 15547),
(5530, '4140', '20,2066020485528', 1, 2, 15110),
(5531, '4069', '18,1450878588312', 1, 4, 15110),
(5532, '4032', '17,0707776472862', 1, 9, 15110),
(5533, '4654', '35,1308033656919', 1, 12, 15110),
(5534, '3897', '13,1509971457029', 1, 13, 15110),
(5535, '867', '21,3402004142641', 1, 9, 15712),
(5536, '360', '44,89151167568', 1, 12, 15728),
(5537, '286', '15,1082564979013', 1, 13, 15728),
(5538, '6345', '23,0445897303592', 1, 2, 15176),
(5539, '6245', '21,1053526975718', 1, 9, 15176),
(5540, '6190', '20,0387723295387', 1, 13, 15176),
(5541, '11375', '29,7487707915134', 1, 12, 15866),
(5542, '2736', '22,1142475191527', 1, 4, 15077),
(5543, '2654', '10,4136549132187', 1, 13, 15894),
(5544, '5145', '10,2295791831022', 1, 13, 15239),
(5545, '42240', '158,284929367877', 1, 2, 15230),
(5546, '38402', '134,816710643589', 1, 4, 15230),
(5547, '35840', '119,150849160623', 1, 9, 15230),
(5548, '40963', '150,476457426523', 1, 12, 15230),
(5549, '2284', '17,1220547187676', 3, 13, 15232),
(5550, '16251', '17,0077870982726', 2, 13, 15683),
(5551, '700', '-12,5', 1, 4, 15341),
(5552, '3275', '23,01', 1, 2, 15482),
(5553, '3195', '20', 1, 4, 15482),
(5554, '3168', '18,99', 1, 9, 15482),
(5555, '3720', '39,72', 1, 12, 15482),
(5556, '3115', '17', 3, 13, 15482),
(5557, '880', '30,19844', 1, 2, 15425),
(5558, '852', '26,05576', 1, 4, 15425),
(5559, '828', '22,50489', 2, 9, 15425),
(5560, '1017', '50,46797', 1, 12, 15425),
(5561, '798', '18,06631', 10, 13, 15425),
(5562, '1064', '11,33333', 1, 8, 15425),
(5563, '1419', '30,84097', 1, 2, 15427),
(5564, '1359', '25,30858', 1, 4, 15427),
(5565, '1308', '20,60605', 1, 9, 15427),
(5566, '1557', '43,56546', 1, 12, 15427),
(5567, '1222', '12,67629', 1, 13, 15427),
(5568, '1775', '10,80402', 1, 8, 15427),
(5569, '1235', '30,70866', 1, 2, 15426),
(5570, '1188', '25,73432', 1, 4, 15426),
(5571, '1142', '20,86582', 2, 9, 15426),
(5572, '1331', '40,869', 1, 12, 15426),
(5573, '1064', '12,61053', 1, 13, 15426),
(5574, '1548', '14,47514', 1, 8, 15426),
(5575, '4988', '25,2008', 1, 2, 15699),
(5576, '4869', '22,21386', 1, 4, 15699),
(5577, '4788', '20,18072', 1, 9, 15699),
(5578, '5590', '40,31124', 1, 12, 15699),
(5579, '4390', '10,19076', 1, 13, 15699),
(5580, '6112', '7,673716', 1, 8, 15699),
(5581, '691', '25,07', 1, 2, 15736),
(5582, '663', '20', 1, 4, 15736),
(5583, '663', '20', 1, 9, 15736),
(5584, '750', '35,75', 1, 12, 15736),
(5585, '663', '20', 1, 13, 15736),
(5586, '3750', '68', 1, 1, 15243),
(5587, '900', '376', 1, 1, 15516),
(5588, '310', '1775', 1, 1, 15604),
(5589, '690', '158', 1, 1, 15305),
(5590, '162500', '93', 1, 1, 15276),
(5591, '1650', '58', 1, 1, 15724),
(5592, '122540', '89', 1, 1, 15367),
(5593, '1810', '68', 1, 1, 15415),
(5594, '55390', '100', 1, 1, 15700),
(5595, '4200', '66', 1, 1, 15606),
(5596, '5670', '66', 1, 1, 15546),
(5597, '1650', '58', 1, 1, 15931),
(5598, '3950', '85', 1, 1, 15734),
(5599, '800', '321', 1, 1, 15756),
(5600, '800', '321', 1, 1, 15757),
(5601, '990', '332', 1, 1, 15771),
(5602, '37900', '114', 1, 1, 15485),
(5603, '6200', '64', 1, 1, 15225),
(5604, '490', '920', 1, 1, 15630),
(5605, '14920', '62', 1, 1, 15363),
(5606, '590', '129', 1, 1, 15568),
(5607, '12780', '60', 1, 1, 15620),
(5608, '340', '173', 1, 1, 15788),
(5609, '1050', '317', 1, 1, 15435),
(5610, '15870', '56', 1, 1, 15368),
(5611, '90400', '60', 1, 1, 15358),
(5612, '1660', '135', 1, 1, 15723),
(5613, '1650', '58', 1, 1, 15908),
(5614, '20120', '74', 1, 1, 15455),
(5615, '800', '140', 1, 1, 15892),
(5616, '6160', '60', 1, 1, 15857),
(5617, '3570', '335', 1, 1, 15499),
(5618, '28780', '86', 1, 1, 15553),
(5619, '2360', '61', 1, 1, 15072),
(5620, '118750', '49', 1, 1, 15751),
(5621, '6910', '65', 1, 1, 15802),
(5622, '40590', '60', 1, 1, 15549),
(5623, '5310', '144', 1, 1, 15548),
(5624, '1940', '83', 1, 1, 15895),
(5625, '5320', '66', 1, 1, 15049),
(5626, '2690', '69', 1, 1, 15741),
(5627, '1890', '191', 1, 1, 15103),
(5628, '590', '323', 1, 1, 15770),
(5629, '4220', '117', 1, 1, 15046),
(5630, '1860', '102', 1, 1, 15436),
(5631, '750', '196', 1, 1, 15454),
(5632, '4610', '140', 1, 1, 15441),
(5633, '14370', '101', 1, 1, 15650),
(5634, '14370', '101', 1, 1, 15651),
(5635, '14370', '101', 1, 1, 15649),
(5636, '14370', '101', 1, 1, 15648),
(5637, '12670', '103', 1, 1, 15647),
(5638, '2920', '84', 1, 1, 15617),
(5639, '860', '110', 1, 1, 15006),
(5640, '1400', '106', 1, 1, 15414),
(5641, '16590', '65', 1, 1, 15484),
(5642, '55200', '50', 1, 1, 15698),
(5643, '7970', '64', 1, 1, 15853),
(5644, '590', '129', 1, 1, 15381),
(5645, '3600', '68', 1, 1, 15809),
(5646, '4140', '68', 1, 1, 15804),
(5647, '10120', '60', 1, 1, 15609),
(5648, '570', '250', 1, 1, 15195),
(5649, '181820', '43', 1, 1, 15130),
(5650, '14960', '62', 1, 1, 15235),
(5651, '9870', '72', 1, 1, 15661),
(5652, '97910', '91', 1, 1, 15234),
(5653, '590', '129', 1, 1, 15385),
(5654, '590', '195', 1, 1, 15156),
(5655, '860', '110', 1, 1, 15009),
(5656, '61000', '50', 1, 1, 15237),
(5657, '1350', '125', 1, 1, 15191),
(5658, '1030', '67', 1, 1, 15559),
(5659, '860', '110', 1, 1, 15008),
(5660, '510', '218', 1, 1, 15981),
(5661, '670', '592', 1, 1, 15790),
(5662, '510', '218', 1, 1, 15984),
(5663, '2350', '87', 1, 1, 15814),
(5664, '123000', '107', 1, 1, 15175),
(5665, '9410', '63', 1, 1, 15544),
(5666, '940', '154', 1, 1, 15818),
(5667, '940', '154', 1, 1, 15820),
(5668, '940', '154', 1, 1, 15821),
(5669, '940', '154', 1, 1, 15822),
(5670, '940', '154', 1, 1, 15823),
(5671, '750', '232', 1, 1, 15824),
(5672, '750', '232', 1, 1, 15825),
(5673, '750', '232', 1, 1, 15826),
(5674, '8920', '63', 1, 1, 15522),
(5675, '590', '129', 1, 1, 15388),
(5676, '590', '129', 1, 1, 15383),
(5677, '590', '129', 1, 1, 15569),
(5678, '590', '129', 1, 1, 15384),
(5679, '590', '129', 1, 1, 15379),
(5680, '800', '178', 1, 1, 15832),
(5681, '800', '178', 1, 1, 15833),
(5682, '800', '178', 1, 1, 15834),
(5683, '800', '178', 1, 1, 15835),
(5684, '800', '178', 1, 1, 15836),
(5685, '940', '169', 1, 1, 15837),
(5686, '940', '169', 1, 1, 15838),
(5687, '940', '169', 1, 1, 15839),
(5688, '940', '169', 1, 1, 15840),
(5689, '1090', '366', 1, 1, 15373),
(5690, '1090', '366', 1, 1, 15371),
(5691, '1090', '366', 1, 1, 15372),
(5692, '1090', '366', 1, 1, 15374),
(5693, '1090', '366', 1, 1, 15375),
(5694, '1090', '366', 1, 1, 15376),
(5695, '1090', '366', 1, 1, 15378),
(5696, '1090', '366', 1, 1, 15377),
(5697, '900', '376', 1, 1, 15511),
(5698, '900', '376', 1, 1, 15306),
(5699, '900', '376', 1, 1, 15512),
(5700, '860', '110', 1, 1, 15010),
(5701, '3730', '66', 1, 1, 15077),
(5702, '138150', '45', 1, 1, 15069),
(5703, '3070', '169', 1, 1, 15637),
(5704, '860', '110', 1, 1, 15887),
(5705, '860', '110', 1, 1, 15888),
(5706, '710', '185', 1, 1, 15693),
(5707, '710', '185', 1, 1, 15687),
(5708, '710', '185', 1, 1, 15055),
(5709, '710', '185', 1, 1, 15056),
(5710, '710', '185', 1, 1, 15057),
(5711, '710', '185', 1, 1, 15694),
(5712, '710', '185', 1, 1, 15878),
(5713, '710', '185', 1, 1, 15879),
(5714, '710', '185', 1, 1, 15688),
(5715, '710', '185', 1, 1, 15689),
(5716, '710', '185', 1, 1, 15690),
(5717, '1440', '193', 1, 1, 15416),
(5718, '2330', '216', 1, 1, 15105),
(5719, '3480', '210', 1, 1, 15107),
(5720, '3530', '195', 1, 1, 15108),
(5721, '17050', '60', 1, 1, 15686),
(5722, '800', '178', 1, 1, 15937),
(5723, '800', '178', 1, 1, 15938),
(5724, '800', '178', 1, 1, 15939),
(5725, '730', '408', 1, 1, 15940),
(5726, '730', '408', 1, 1, 15941),
(5727, '730', '408', 1, 1, 15942),
(5728, '730', '408', 1, 1, 15943),
(5729, '750', '306', 1, 1, 15944),
(5730, '750', '306', 1, 1, 15945),
(5731, '750', '306', 1, 1, 15946),
(5732, '750', '306', 1, 1, 15947);
INSERT INTO `lista_productos` (`id_lista_producto`, `importe`, `porcentaje`, `cantidadminima`, `fkIdListaPrecioProducto`, `fkIdProductoLista`) VALUES
(5733, '750', '306', 1, 1, 15948),
(5734, '22720', '145', 1, 1, 15324),
(5735, '2120', '62', 1, 1, 15359),
(5736, '2390', '72', 1, 1, 15360),
(5737, '3190', '61', 1, 1, 15990),
(5738, '3710', '71', 1, 1, 15993),
(5739, '940', '126', 1, 1, 15999),
(5740, '1240', '133', 1, 1, 15958),
(5741, '1240', '133', 1, 1, 15959),
(5742, '1240', '133', 1, 1, 15957),
(5743, '900', '143', 1, 1, 15960),
(5744, '900', '143', 1, 1, 15961),
(5745, '900', '143', 1, 1, 15962),
(5746, '900', '143', 1, 1, 15963),
(5747, '900', '143', 1, 1, 15964),
(5748, '900', '143', 1, 1, 15965),
(5749, '900', '143', 1, 1, 15967),
(5750, '900', '143', 1, 1, 15968),
(5751, '900', '143', 1, 1, 15969),
(5752, '79800', '66', 1, 1, 15366),
(5753, '4700', '66', 1, 1, 15975),
(5754, '390', '686', 1, 1, 15626),
(5755, '390', '686', 1, 1, 15631),
(5756, '390', '686', 1, 1, 15628),
(5757, '670', '592', 1, 1, 15625),
(5758, '670', '592', 1, 1, 15783),
(5759, '670', '592', 1, 1, 15629),
(5760, '670', '592', 1, 1, 15633),
(5761, '390', '686', 1, 1, 15792),
(5762, '670', '592', 1, 1, 15120),
(5763, '590', '129', 1, 1, 15389),
(5764, '670', '592', 1, 1, 15777),
(5765, '670', '592', 1, 1, 15298),
(5766, '390', '686', 1, 1, 15852),
(5767, '670', '592', 1, 1, 15988),
(5768, '510', '218', 1, 1, 15982),
(5769, '990', '141', 1, 1, 15779),
(5770, '860', '110', 1, 1, 15007),
(5771, '390', '686', 1, 1, 15778),
(5772, '760', '564', 1, 1, 15780),
(5773, '670', '592', 1, 1, 15789),
(5774, '670', '592', 1, 1, 15627),
(5775, '2520', '101', 1, 1, 15902),
(5776, '5140', '202', 1, 1, 15200),
(5777, '710', '185', 1, 1, 15054),
(5778, '1500', '78', 1, 1, 15881),
(5779, '61310', '46', 1, 1, 15068),
(5780, '1050', '524', 1, 1, 15206),
(5781, '2500', '208', 1, 1, 15076),
(5782, '3010', '71', 1, 1, 15294),
(5783, '710', '185', 1, 1, 15051),
(5784, '900', '290', 1, 1, 15418),
(5785, '18860', '123', 1, 1, 15498),
(5786, '550', '407', 1, 1, 15173),
(5787, '195070', '99', 1, 1, 15342),
(5788, '5200', '65', 1, 1, 15523),
(5789, '27750', '61', 1, 1, 15058),
(5790, '5940', '67', 1, 1, 15695),
(5791, '3780', '74', 1, 1, 15889),
(5792, '750', '306', 1, 1, 15914),
(5793, '900', '376', 1, 1, 15519),
(5794, '13150', '50', 1, 1, 15535),
(5795, '2350', '207', 1, 1, 15314),
(5796, '5120', '108', 1, 1, 15588),
(5797, '3910', '79', 1, 1, 15844),
(5798, '910', '330', 1, 1, 15127),
(5799, '1030', '67', 1, 1, 15370),
(5800, '1030', '67', 1, 1, 15493),
(5801, '900', '113', 1, 1, 15170),
(5802, '1440', '180', 1, 1, 15443),
(5803, '340', '492', 1, 1, 15586),
(5804, '4550', '233', 1, 1, 15034),
(5805, '1050', '272', 1, 1, 15636),
(5806, '26170', '65', 1, 1, 15221),
(5807, '15330', '165', 1, 1, 15183),
(5808, '45330', '161', 1, 1, 15252),
(5809, '4610', '67', 1, 1, 15541),
(5810, '3180', '62', 1, 1, 15545),
(5811, '990', '420', 1, 1, 15623),
(5812, '7910', '172', 1, 1, 15315),
(5813, '3890', '76', 1, 1, 15574),
(5814, '8940', '71', 1, 1, 15659),
(5815, '910', '330', 1, 1, 15351),
(5816, '530', '252', 1, 1, 15369),
(5817, '5080', '129', 1, 1, 15337),
(5818, '4250', '130', 1, 1, 15339),
(5819, '1940', '221', 1, 1, 15333),
(5820, '1030', '67', 1, 1, 15563),
(5821, '2680', '76', 1, 1, 15801),
(5822, '3180', '63', 1, 1, 15807),
(5823, '5130', '105', 1, 1, 15901),
(5824, '5550', '73', 1, 1, 15846),
(5825, '4100', '79', 1, 1, 15847),
(5826, '109830', '135', 1, 1, 15323),
(5827, '9080', '63', 1, 1, 15658),
(5828, '3170', '75', 1, 1, 15851),
(5829, '1060', '721', 1, 1, 15246),
(5830, '1180', '65', 1, 1, 15712),
(5831, '1350', '109', 1, 1, 15970),
(5832, '11910', '64', 1, 1, 15845),
(5833, '3110', '117', 1, 1, 15732),
(5834, '1030', '67', 1, 1, 15506),
(5835, '12280', '174', 1, 1, 15061),
(5836, '6680', '180', 1, 1, 15327),
(5837, '104340', '112', 1, 1, 15345),
(5838, '3040', '71', 1, 1, 15811),
(5839, '190960', '69', 1, 1, 15137),
(5840, '940', '311', 1, 1, 15124),
(5841, '1030', '245', 1, 1, 15250),
(5842, '1650', '58', 1, 1, 15932),
(5843, '2690', '74', 1, 1, 15813),
(5844, '1080', '1454', 1, 1, 15247),
(5845, '1260', '161', 1, 1, 15760),
(5846, '1260', '161', 1, 1, 15761),
(5847, '11490', '52', 1, 1, 15245),
(5848, '4230', '172', 1, 1, 15321),
(5849, '17590', '60', 1, 1, 15816),
(5850, '3710', '74', 1, 1, 15733),
(5851, '36770', '152', 1, 1, 15227),
(5852, '1030', '67', 1, 1, 15503),
(5853, '50950', '132', 1, 1, 15533),
(5854, '1570', '86', 1, 1, 15593),
(5855, '620', '158', 1, 1, 15781),
(5856, '1140', '114', 1, 1, 15854),
(5857, '800', '306', 1, 1, 15126),
(5858, '4100', '67', 1, 1, 15594),
(5859, '530', '252', 1, 1, 15210),
(5860, '530', '252', 1, 1, 15212),
(5861, '16580', '117', 1, 1, 15573),
(5862, '3070', '196', 1, 1, 15016),
(5863, '12250', '109', 1, 1, 15662),
(5864, '13090', '62', 1, 1, 15578),
(5865, '7810', '55', 1, 1, 15580),
(5866, '17930', '163', 1, 1, 15266),
(5867, '5800', '66', 1, 1, 15805),
(5868, '1340', '105', 1, 1, 15861),
(5869, '1940', '90', 1, 1, 15665),
(5870, '11710', '62', 1, 1, 15529),
(5871, '6270', '205', 1, 1, 15279),
(5872, '7150', '200', 1, 1, 15112),
(5873, '3200', '178', 1, 1, 15202),
(5874, '750', '306', 1, 1, 15915),
(5875, '710', '185', 1, 1, 15705),
(5876, '9990', '61', 1, 1, 15286),
(5877, '1650', '58', 1, 1, 15714),
(5878, '13890', '51', 1, 1, 15257),
(5879, '750', '306', 1, 1, 15916),
(5880, '1500', '273', 1, 1, 15198),
(5881, '3110', '117', 1, 1, 15731),
(5882, '5940', '77', 1, 1, 15582),
(5883, '27990', '158', 1, 1, 15256),
(5884, '7990', '161', 1, 1, 15180),
(5885, '367800', '60', 1, 1, 15331),
(5886, '1300', '322', 1, 1, 15401),
(5887, '34290', '64', 1, 1, 15557),
(5888, '3960', '66', 1, 1, 15812),
(5889, '1520', '75', 1, 1, 15815),
(5890, '4550', '177', 1, 1, 15035),
(5891, '750', '306', 1, 1, 15918),
(5892, '710', '185', 1, 1, 15053),
(5893, '8530', '63', 1, 1, 15745),
(5894, '900', '113', 1, 1, 15168),
(5895, '750', '306', 1, 1, 15919),
(5896, '3110', '69', 1, 1, 15749),
(5897, '750', '306', 1, 1, 15917),
(5898, '710', '185', 1, 1, 15703),
(5899, '12790', '100', 1, 1, 15597),
(5900, '5880', '185', 1, 1, 15063),
(5901, '4340', '67', 1, 1, 15872),
(5902, '9090', '22', 1, 1, 15795),
(5903, '4530', '37', 1, 1, 15972),
(5904, '800', '306', 1, 1, 15121),
(5905, '8930', '64', 1, 1, 15753),
(5906, '730', '408', 1, 1, 15911),
(5907, '2870', '65', 1, 1, 15742),
(5908, '14910', '167', 1, 1, 15334),
(5909, '1050', '119', 1, 1, 15767),
(5910, '7740', '65', 1, 1, 15239),
(5911, '6130', '59', 1, 1, 15579),
(5912, '900', '113', 1, 1, 15169),
(5913, '7320', '64', 1, 1, 15746),
(5914, '940', '126', 1, 1, 15995),
(5915, '6130', '60', 1, 1, 15581),
(5916, '750', '232', 1, 1, 15828),
(5917, '14320', '108', 1, 1, 15696),
(5918, '4560', '68', 1, 1, 15810),
(5919, '39110', '90', 1, 1, 15172),
(5920, '6150', '75', 1, 1, 15219),
(5921, '1030', '67', 1, 1, 15566),
(5922, '1030', '67', 1, 1, 15564),
(5923, '10100', '64', 1, 1, 15201),
(5924, '2530', '73', 1, 1, 15220),
(5925, '1030', '67', 1, 1, 15561),
(5926, '530', '252', 1, 1, 15211),
(5927, '1030', '245', 1, 1, 15880),
(5928, '900', '376', 1, 1, 15514),
(5929, '940', '126', 1, 1, 15996),
(5930, '940', '126', 1, 1, 15997),
(5931, '1050', '524', 1, 1, 15208),
(5932, '1050', '524', 1, 1, 15204),
(5933, '1030', '67', 1, 1, 15565),
(5934, '1060', '161', 1, 1, 15762),
(5935, '1590', '65', 1, 1, 15886),
(5936, '2860', '282', 1, 1, 15147),
(5937, '7430', '69', 1, 1, 15883),
(5938, '14900', '126', 1, 1, 15496),
(5939, '3120', '215', 1, 1, 15146),
(5940, '1090', '342', 1, 1, 15161),
(5941, '2690', '69', 1, 1, 15531),
(5942, '4460', '102', 1, 1, 15903),
(5943, '900', '376', 1, 1, 15515),
(5944, '1090', '342', 1, 1, 15162),
(5945, '1090', '342', 1, 1, 15163),
(5946, '3050', '272', 1, 1, 15070),
(5947, '1300', '692', 1, 1, 15164),
(5948, '1030', '67', 1, 1, 15560),
(5949, '1030', '67', 1, 1, 15562),
(5950, '15750', '103', 1, 1, 15652),
(5951, '19080', '61', 1, 1, 15140),
(5952, '1060', '161', 1, 1, 15763),
(5953, '3050', '265', 1, 1, 15143),
(5954, '1940', '402', 1, 1, 15084),
(5955, '940', '126', 1, 1, 15998),
(5956, '5560', '175', 1, 1, 15409),
(5957, '1030', '224', 1, 1, 15766),
(5958, '2950', '84', 1, 1, 15704),
(5959, '1300', '253', 1, 1, 15319),
(5960, '4360', '67', 1, 1, 15863),
(5961, '66290', '86', 1, 1, 15611),
(5962, '590', '129', 1, 1, 15303),
(5963, '730', '270', 1, 1, 15639),
(5964, '14360', '173', 1, 1, 15060),
(5965, '12770', '188', 1, 1, 15144),
(5966, '181130', '156', 1, 1, 15190),
(5967, '900', '113', 1, 1, 15171),
(5968, '1570', '76', 1, 1, 15139),
(5969, '16330', '50', 1, 1, 15668),
(5970, '20060', '63', 1, 1, 15669),
(5971, '530', '585', 1, 1, 15596),
(5972, '3180', '63', 1, 1, 15806),
(5973, '1300', '255', 1, 1, 15087),
(5974, '1560', '544', 1, 1, 15297),
(5975, '60290', '60', 1, 1, 15587),
(5976, '16510', '51', 1, 1, 15527),
(5977, '37080', '61', 1, 1, 15244),
(5978, '1440', '153', 1, 1, 15419),
(5979, '1540', '192', 1, 1, 15094),
(5980, '7990', '61', 1, 1, 15524),
(5981, '3050', '272', 1, 1, 15032),
(5982, '940', '154', 1, 1, 15819),
(5983, '670', '592', 1, 1, 15583),
(5984, '2160', '182', 1, 1, 15396),
(5985, '1500', '273', 1, 1, 15197),
(5986, '670', '592', 1, 1, 15584),
(5987, '3960', '72', 1, 1, 15440),
(5988, '2170', '75', 1, 1, 15870),
(5989, '4120', '72', 1, 1, 15994),
(5990, '3790', '78', 1, 1, 15754),
(5991, '640', '188', 1, 1, 15614),
(5992, '3050', '207', 1, 1, 15023),
(5993, '4550', '291', 1, 1, 15024),
(5994, '4550', '291', 1, 1, 15025),
(5995, '4550', '164', 1, 1, 15026),
(5996, '3050', '254', 1, 1, 15028),
(5997, '4550', '322', 1, 1, 15029),
(5998, '4550', '234', 1, 1, 15030),
(5999, '3050', '272', 1, 1, 15031),
(6000, '4550', '340', 1, 1, 15033),
(6001, '4550', '177', 1, 1, 15036),
(6002, '3770', '187', 1, 1, 15037),
(6003, '4550', '234', 1, 1, 15038),
(6004, '5200', '160', 1, 1, 15040),
(6005, '5290', '176', 1, 1, 15041),
(6006, '3770', '236', 1, 1, 15042),
(6007, '3770', '236', 1, 1, 15043),
(6008, '3050', '272', 1, 1, 15022),
(6009, '3050', '254', 1, 1, 15044),
(6010, '2900', '132', 1, 1, 15048),
(6011, '60340', '65', 1, 1, 15185),
(6012, '590', '129', 1, 1, 15567),
(6013, '940', '311', 1, 1, 15209),
(6014, '11710', '62', 1, 1, 15547),
(6015, '26540', '153', 1, 1, 15226),
(6016, '1360', '126', 1, 1, 15641),
(6017, '7260', '64', 1, 1, 15282),
(6018, '13200', '62', 1, 1, 15577),
(6019, '5550', '128', 1, 1, 15102),
(6020, '11710', '62', 1, 1, 15543),
(6021, '5120', '182', 1, 1, 15332),
(6022, '900', '376', 1, 1, 15517),
(6023, '4610', '75', 1, 1, 15452),
(6024, '7750', '65', 1, 1, 15285),
(6025, '710', '185', 1, 1, 15730),
(6026, '289380', '60', 1, 1, 15896),
(6027, '730', '408', 1, 1, 15912),
(6028, '30730', '61', 1, 1, 15251),
(6029, '29140', '83', 1, 1, 15079),
(6030, '2160', '227', 1, 1, 15150),
(6031, '2100', '95', 1, 1, 15882),
(6032, '90100', '144', 1, 1, 15174),
(6033, '1030', '517', 1, 1, 15702),
(6034, '900', '376', 1, 1, 15518),
(6035, '1350', '281', 1, 1, 15405),
(6036, '1890', '180', 1, 1, 15413),
(6037, '760', '564', 1, 1, 15791),
(6038, '5050', '74', 1, 1, 15727),
(6039, '6650', '66', 1, 1, 15138),
(6040, '590', '129', 1, 1, 15380),
(6041, '4260', '59', 1, 1, 15576),
(6042, '79960', '128', 1, 1, 15365),
(6043, '760', '163', 1, 1, 15622),
(6044, '40510', '119', 1, 1, 15330),
(6045, '6890', '30', 1, 1, 15971),
(6046, '2150', '250', 1, 1, 15148),
(6047, '1030', '91', 1, 1, 15109),
(6048, '4130', '246', 1, 1, 15145),
(6049, '6980', '64', 1, 1, 15991),
(6050, '10960', '63', 1, 1, 15534),
(6051, '4340', '62', 1, 1, 15526),
(6052, '4230', '75', 1, 1, 15894),
(6053, '1230', '62', 1, 1, 15920),
(6054, '510', '218', 1, 1, 15983),
(6055, '1300', '255', 1, 1, 15393),
(6056, '73920', '50', 1, 1, 15691),
(6057, '2100', '150', 1, 1, 15453),
(6058, '10170', '111', 1, 1, 15275),
(6059, '2920', '75', 1, 1, 15874),
(6060, '500', '629', 1, 1, 15313),
(6061, '3990', '67', 1, 1, 15850),
(6062, '2130', '121', 1, 1, 15768),
(6063, '2770', '68', 1, 1, 15848),
(6064, '2500', '77', 1, 1, 15420),
(6065, '3890', '180', 1, 1, 15510),
(6066, '4640', '192', 1, 1, 15254),
(6067, '5290', '185', 1, 1, 15258),
(6068, '3050', '200', 1, 1, 15259),
(6069, '3050', '200', 1, 1, 15260),
(6070, '3050', '200', 1, 1, 15261),
(6071, '3050', '200', 1, 1, 15262),
(6072, '3050', '200', 1, 1, 15263),
(6073, '2360', '338', 1, 1, 15264),
(6074, '2360', '338', 1, 1, 15265),
(6075, '910', '330', 1, 1, 15349),
(6076, '4770', '63', 1, 1, 15799),
(6077, '2680', '76', 1, 1, 15800),
(6078, '37590', '60', 1, 1, 15160),
(6079, '7910', '175', 1, 1, 15326),
(6080, '7910', '185', 1, 1, 15328),
(6081, '590', '195', 1, 1, 15157),
(6082, '60140', '126', 1, 1, 15542),
(6083, '710', '327', 1, 1, 15775),
(6084, '340', '173', 1, 1, 15786),
(6085, '4340', '69', 1, 1, 15875),
(6086, '750', '232', 1, 1, 15829),
(6087, '670', '592', 1, 1, 15987),
(6088, '2700', '225', 1, 1, 15312),
(6089, '5700', '69', 1, 1, 15755),
(6090, '1030', '67', 1, 1, 15935),
(6091, '1030', '67', 1, 1, 15934),
(6092, '1030', '67', 1, 1, 15933),
(6093, '2540', '121', 1, 1, 15134),
(6094, '9410', '63', 1, 1, 15538),
(6095, '1090', '315', 1, 1, 15291),
(6096, '32330', '66', 1, 1, 15608),
(6097, '4290', '129', 1, 1, 15199),
(6098, '4770', '62', 1, 1, 15066),
(6099, '800', '178', 1, 1, 15936),
(6100, '153320', '86', 1, 1, 15747),
(6101, '169360', '39', 1, 1, 15322),
(6102, '4080', '70', 1, 1, 15536),
(6103, '590', '129', 1, 1, 15299),
(6104, '690', '117', 1, 1, 15743),
(6105, '1080', '476', 1, 1, 15434),
(6106, '7870', '64', 1, 1, 15528),
(6107, '2500', '92', 1, 1, 15395),
(6108, '35070', '131', 1, 1, 15231),
(6109, '1920', '165', 1, 1, 15131),
(6110, '3910', '70', 1, 1, 15575),
(6111, '7760', '194', 1, 1, 15113),
(6112, '750', '232', 1, 1, 15827),
(6113, '690', '178', 1, 1, 15242),
(6114, '48790', '50', 1, 1, 15748),
(6115, '67750', '185', 1, 1, 15461),
(6116, '39090', '214', 1, 1, 15459),
(6117, '6310', '120', 1, 1, 15101),
(6118, '166250', '60', 1, 1, 15817),
(6119, '910', '330', 1, 1, 15348),
(6120, '2740', '71', 1, 1, 15726),
(6121, '8570', '15', 1, 1, 15188),
(6122, '6320', '138', 1, 1, 15465),
(6123, '730', '408', 1, 1, 15913),
(6124, '41090', '60', 1, 1, 15159),
(6125, '22160', '162', 1, 1, 15177),
(6126, '1650', '58', 1, 1, 15725),
(6127, '340', '173', 1, 1, 15787),
(6128, '12220', '62', 1, 1, 15362),
(6129, '340', '173', 1, 1, 15785),
(6130, '340', '173', 1, 1, 15784),
(6131, '1440', '134', 1, 1, 15855),
(6132, '14910', '165', 1, 1, 15181),
(6133, '1060', '219', 1, 1, 15417),
(6134, '5880', '168', 1, 1, 15179),
(6135, '490', '920', 1, 1, 15632),
(6136, '670', '592', 1, 1, 15986),
(6137, '640', '497', 1, 1, 15085),
(6138, '9090', '63', 1, 1, 15897),
(6139, '110060', '149', 1, 1, 15080),
(6140, '1360', '126', 1, 1, 15642),
(6141, '8340', '55', 1, 1, 15525),
(6142, '590', '129', 1, 1, 15300),
(6143, '1950', '98', 1, 1, 15104),
(6144, '750', '232', 1, 1, 15830),
(6145, '910', '225', 1, 1, 15091),
(6146, '4540', '67', 1, 1, 15873),
(6147, '10630', '3', 1, 1, 15187),
(6148, '1300', '692', 1, 1, 15165),
(6149, '1050', '524', 1, 1, 15207),
(6150, '15490', '166', 1, 1, 15216),
(6151, '4700', '106', 1, 1, 15589),
(6152, '31870', '51', 1, 1, 15217),
(6153, '11710', '62', 1, 1, 15539),
(6154, '36140', '179', 1, 1, 15274),
(6155, '860', '229', 1, 1, 15092),
(6156, '1540', '8', 1, 1, 15011),
(6157, '1560', '118', 1, 1, 15464),
(6158, '1580', '65', 1, 1, 15356),
(6159, '590', '129', 1, 1, 15386),
(6160, '590', '129', 1, 1, 15301),
(6161, '21140', '107', 1, 1, 15483),
(6162, '37880', '60', 1, 1, 15841),
(6163, '1050', '375', 1, 1, 15248),
(6164, '1050', '375', 1, 1, 15249),
(6165, '800', '306', 1, 1, 15122),
(6166, '800', '306', 1, 1, 15123),
(6167, '1300', '100', 1, 1, 15638),
(6168, '11480', '167', 1, 1, 15215),
(6169, '1540', '8', 1, 1, 15012),
(6170, '1540', '8', 1, 1, 15013),
(6171, '2760', '182', 1, 1, 15397),
(6172, '930', '330', 1, 1, 15086),
(6173, '6800', '30', 1, 1, 15974),
(6174, '1030', '67', 1, 1, 15558),
(6175, '2940', '91', 1, 1, 15317),
(6176, '4220', '193', 1, 1, 15136),
(6177, '30320', '97', 1, 1, 15612),
(6178, '1030', '67', 1, 1, 15000),
(6179, '1030', '67', 1, 1, 15001),
(6180, '6970', '188', 1, 1, 15045),
(6181, '1030', '67', 1, 1, 15504),
(6182, '4550', '230', 1, 1, 15039),
(6183, '9890', '186', 1, 1, 15047),
(6184, '7960', '165', 1, 1, 15059),
(6185, '1080', '102', 1, 1, 15619),
(6186, '2360', '61', 1, 1, 15075),
(6187, '1360', '256', 1, 1, 15078),
(6188, '1920', '212', 1, 1, 15100),
(6189, '1050', '334', 1, 1, 15095),
(6190, '1050', '334', 1, 1, 15096),
(6191, '910', '418', 1, 1, 15097),
(6192, '740', '849', 1, 1, 15098),
(6193, '570', '250', 1, 1, 15196),
(6194, '19080', '194', 1, 1, 15119),
(6195, '3070', '196', 1, 1, 15014),
(6196, '3050', '178', 1, 1, 15015),
(6197, '4550', '201', 1, 1, 15017),
(6198, '4550', '177', 1, 1, 15018),
(6199, '920', '200', 1, 1, 15019),
(6200, '3050', '254', 1, 1, 15020),
(6201, '3050', '221', 1, 1, 15021),
(6202, '438270', '119', 1, 1, 15462),
(6203, '1940', '246', 1, 1, 15065),
(6204, '2940', '77', 1, 1, 15151),
(6205, '5880', '195', 1, 1, 15142),
(6206, '570', '250', 1, 1, 15194),
(6207, '5060', '201', 1, 1, 15155),
(6208, '23190', '61', 1, 1, 15166),
(6209, '1140', '111', 1, 1, 15862),
(6210, '2650', '132', 1, 1, 15640),
(6211, '40280', '60', 1, 1, 15869),
(6212, '3550', '152', 1, 1, 15500),
(6213, '930', '353', 1, 1, 15133),
(6214, '930', '353', 1, 1, 15132),
(6215, '11100', '253', 1, 1, 15141),
(6216, '20550', '165', 1, 1, 15184),
(6217, '25520', '161', 1, 1, 15268),
(6218, '1050', '524', 1, 1, 15205),
(6219, '39040', '151', 1, 1, 15229),
(6220, '74300', '152', 1, 1, 15255),
(6221, '2900', '111', 1, 1, 15400),
(6222, '900', '211', 1, 1, 15125),
(6223, '6380', '166', 1, 1, 15223),
(6224, '3940', '153', 1, 1, 15287),
(6225, '19520', '51', 1, 1, 15267),
(6226, '1170', '134', 1, 1, 15408),
(6227, '4260', '69', 1, 1, 15537),
(6228, '2690', '217', 1, 1, 15290),
(6229, '1350', '357', 1, 1, 15292),
(6230, '1440', '305', 1, 1, 15293),
(6231, '3010', '197', 1, 1, 15295),
(6232, '31540', '162', 1, 1, 15304),
(6233, '900', '376', 1, 1, 15117),
(6234, '1440', '224', 1, 1, 15340),
(6235, '800', '178', 1, 1, 15831),
(6236, '4530', '69', 1, 1, 15572),
(6237, '11710', '62', 1, 1, 15532),
(6238, '4610', '67', 1, 1, 15540),
(6239, '4550', '64', 1, 1, 15064),
(6240, '13200', '143', 1, 1, 15182),
(6241, '2930', '177', 1, 1, 15738),
(6242, '4360', '94', 1, 1, 15595),
(6243, '73510', '151', 1, 1, 15228),
(6244, '390', '686', 1, 1, 15585),
(6245, '390', '686', 1, 1, 15977),
(6246, '640', '188', 1, 1, 15711),
(6247, '1360', '160', 1, 1, 15859),
(6248, '1360', '160', 1, 1, 15860),
(6249, '4290', '70', 1, 1, 15865),
(6250, '2500', '214', 1, 1, 15253),
(6251, '31880', '61', 1, 1, 15460),
(6252, '12000', '50', 1, 1, 15685),
(6253, '92500', '60', 1, 1, 15899),
(6254, '6930', '64', 1, 1, 15284),
(6255, '1030', '109', 1, 1, 15921),
(6256, '1030', '109', 1, 1, 15922),
(6257, '1030', '109', 1, 1, 15923),
(6258, '1030', '109', 1, 1, 15924),
(6259, '1030', '109', 1, 1, 15925),
(6260, '1030', '109', 1, 1, 15926),
(6261, '1030', '109', 1, 1, 15927),
(6262, '1030', '109', 1, 1, 15928),
(6263, '750', '306', 1, 1, 15949),
(6264, '750', '306', 1, 1, 15950),
(6265, '750', '306', 1, 1, 15951),
(6266, '13600', '53', 1, 1, 15979),
(6267, '113040', '80', 1, 1, 15347),
(6268, '590', '129', 1, 1, 15302),
(6269, '900', '325', 1, 1, 15350),
(6270, '730', '408', 1, 1, 15910),
(6271, '930', '331', 1, 1, 15410),
(6272, '510', '628', 1, 1, 15411),
(6273, '350', '609', 1, 1, 15412),
(6274, '860', '110', 1, 1, 15707),
(6275, '860', '110', 1, 1, 15706),
(6276, '860', '110', 1, 1, 15708),
(6277, '860', '110', 1, 1, 15876),
(6278, '860', '110', 1, 1, 15005),
(6279, '2590', '58', 1, 1, 15153),
(6280, '2590', '58', 1, 1, 15154),
(6281, '29880', '99', 1, 1, 15684),
(6282, '4360', '67', 1, 1, 15135),
(6283, '1480', '91', 1, 1, 15884),
(6284, '3140', '63', 1, 1, 15890),
(6285, '74400', '96', 1, 1, 15655),
(6286, '15870', '164', 1, 1, 15178),
(6287, '760', '427', 1, 1, 15429),
(6288, '4340', '141', 1, 1, 15431),
(6289, '70090', '60', 1, 1, 15296),
(6290, '3510', '156', 1, 1, 15241),
(6291, '2740', '177', 1, 1, 15404),
(6292, '50340', '124', 1, 1, 15329),
(6293, '490', '118', 1, 1, 15192),
(6294, '1050', '433', 1, 1, 15466),
(6295, '1050', '433', 1, 1, 15467),
(6296, '1050', '433', 1, 1, 15468),
(6297, '1050', '433', 1, 1, 15469),
(6298, '1050', '433', 1, 1, 15470),
(6299, '1050', '433', 1, 1, 15471),
(6300, '1050', '433', 1, 1, 15472),
(6301, '1050', '433', 1, 1, 15473),
(6302, '1050', '433', 1, 1, 15474),
(6303, '1050', '433', 1, 1, 15475),
(6304, '1050', '433', 1, 1, 15476),
(6305, '1030', '67', 1, 1, 15495),
(6306, '1030', '67', 1, 1, 15497),
(6307, '1030', '67', 1, 1, 15488),
(6308, '1030', '67', 1, 1, 15489),
(6309, '1030', '67', 1, 1, 15494),
(6310, '1030', '67', 1, 1, 15486),
(6311, '1030', '67', 1, 1, 15487),
(6312, '2300', '92', 1, 1, 15445),
(6313, '7370', '63', 1, 1, 15858),
(6314, '1350', '93', 1, 1, 15607),
(6315, '7940', '63', 1, 1, 15335),
(6316, '3510', '92', 1, 1, 15353),
(6317, '2180', '71', 1, 1, 15238),
(6318, '10310', '97', 1, 1, 15214),
(6319, '18360', '163', 1, 1, 15213),
(6320, '2690', '96', 1, 1, 15450),
(6321, '2100', '66', 1, 1, 15240),
(6322, '710', '185', 1, 1, 15728),
(6323, '1440', '150', 1, 1, 15774),
(6324, '2520', '176', 1, 1, 15361),
(6325, '3190', '139', 1, 1, 15394),
(6326, '1050', '433', 1, 1, 15477),
(6327, '4290', '141', 1, 1, 15451),
(6328, '1050', '433', 1, 1, 15478),
(6329, '1050', '433', 1, 1, 15479),
(6330, '1050', '433', 1, 1, 15480),
(6331, '1050', '433', 1, 1, 15481),
(6332, '940', '278', 1, 1, 15050),
(6333, '1030', '67', 1, 1, 15491),
(6334, '1030', '67', 1, 1, 15492),
(6335, '131480', '52', 1, 1, 15364),
(6336, '1030', '67', 1, 1, 15501),
(6337, '1030', '67', 1, 1, 15502),
(6338, '1030', '67', 1, 1, 15505),
(6339, '1030', '67', 1, 1, 15507),
(6340, '1030', '67', 1, 1, 15508),
(6341, '1030', '67', 1, 1, 15509),
(6342, '940', '349', 1, 1, 15513),
(6343, '7810', '55', 1, 1, 15530),
(6344, '3130', '188', 1, 1, 15520),
(6345, '1500', '200', 1, 1, 15391),
(6346, '1970', '176', 1, 1, 15392),
(6347, '1920', '195', 1, 1, 15099),
(6348, '590', '129', 1, 1, 15382),
(6349, '79740', '50', 1, 1, 15551),
(6350, '16350', '65', 1, 1, 15236),
(6351, '15750', '103', 1, 1, 15653),
(6352, '2700', '118', 1, 1, 15592),
(6353, '1240', '133', 1, 1, 15681),
(6354, '1240', '133', 1, 1, 15682),
(6355, '1240', '133', 1, 1, 15952),
(6356, '1240', '133', 1, 1, 15680),
(6357, '1240', '133', 1, 1, 15679),
(6358, '2590', '63', 1, 1, 15744),
(6359, '18780', '65', 1, 1, 15093),
(6360, '900', '143', 1, 1, 15966),
(6361, '940', '126', 1, 1, 16000),
(6362, '3430', '47', 1, 1, 15864),
(6363, '2860', '79', 1, 1, 15463),
(6364, '2160', '187', 1, 1, 15398),
(6365, '2650', '171', 1, 1, 15399),
(6366, '2500', '189', 1, 1, 15403),
(6367, '4520', '162', 1, 1, 15406),
(6368, '1920', '179', 1, 1, 15407),
(6369, '3520', '157', 1, 1, 15442),
(6370, '1090', '77', 1, 1, 15003),
(6371, '620', '568', 1, 1, 15978),
(6372, '4740', '63', 1, 1, 15803),
(6373, '1870', '88', 1, 1, 15797),
(6374, '19060', '58', 1, 1, 15571),
(6375, '56280', '50', 1, 1, 15645),
(6376, '2680', '72', 1, 1, 15871),
(6377, '79990', '50', 1, 1, 15750),
(6378, '21540', '70', 1, 1, 15456),
(6379, '900', '376', 1, 1, 15116),
(6380, '940', '349', 1, 1, 15118),
(6381, '940', '349', 1, 1, 15307),
(6382, '900', '376', 1, 1, 15308),
(6383, '900', '376', 1, 1, 15310),
(6384, '900', '376', 1, 1, 15309),
(6385, '670', '592', 1, 1, 15976),
(6386, '1910', '78', 1, 1, 15843),
(6387, '3020', '74', 1, 1, 15111),
(6388, '39660', '69', 1, 1, 15621),
(6389, '940', '95', 1, 1, 15759),
(6390, '4560', '69', 1, 1, 15288),
(6391, '2930', '177', 1, 1, 15737),
(6392, '133190', '48', 1, 1, 15203),
(6393, '100', '180', 1, 1, 15692),
(6394, '3240', '60', 1, 1, 15067),
(6395, '400', '875', 1, 1, 15458),
(6396, '2630', '58', 1, 1, 15713),
(6397, '12380', '61', 1, 1, 15115),
(6398, '390', '686', 1, 1, 15985),
(6399, '4950', '71', 1, 1, 15457),
(6400, '2170', '71', 1, 1, 15616),
(6401, '2660', '73', 1, 1, 15311),
(6402, '3160', '71', 1, 1, 15554),
(6403, '10640', '45', 1, 1, 15898),
(6404, '11840', '64', 1, 1, 15114),
(6405, '1030', '117', 1, 1, 15600),
(6406, '1030', '117', 1, 1, 15601),
(6407, '1030', '117', 1, 1, 15602),
(6408, '1030', '117', 1, 1, 15603),
(6409, '1350', '148', 1, 1, 15402),
(6410, '400', '72', 1, 1, 15193),
(6411, '9080', '63', 1, 1, 15610),
(6412, '1890', '58', 1, 1, 15354),
(6413, '11490', '70', 1, 1, 15867),
(6414, '49990', '60', 1, 1, 15929),
(6415, '3060', '72', 1, 1, 15590),
(6416, '2360', '326', 1, 1, 15701),
(6417, '15880', '46', 1, 1, 15646),
(6418, '4740', '104', 1, 1, 15660),
(6419, '2960', '127', 1, 1, 15657),
(6420, '30320', '100', 1, 1, 15664),
(6421, '1880', '112', 1, 1, 15663),
(6422, '4720', '64', 1, 1, 15992),
(6423, '2370', '117', 1, 1, 15666),
(6424, '590', '129', 1, 1, 15387),
(6425, '1440', '202', 1, 1, 15624),
(6426, '1050', '272', 1, 1, 15634),
(6427, '1050', '272', 1, 1, 15635),
(6428, '64250', '94', 1, 1, 15643),
(6429, '15750', '103', 1, 1, 15654),
(6430, '30160', '176', 1, 1, 15027),
(6431, '4740', '121', 1, 1, 15222),
(6432, '290', '21320', 1, 1, 15346),
(6433, '1030', '224', 1, 1, 15765),
(6434, '1030', '153', 1, 1, 15764),
(6435, '520', '174', 1, 1, 15758),
(6436, '1590', '65', 1, 1, 15769),
(6437, '1890', '96', 1, 1, 15318),
(6438, '12500', '63', 1, 1, 15269),
(6439, '1770', '89', 1, 1, 15521),
(6440, '2350', '104', 1, 1, 15989),
(6441, '3700', '79', 1, 1, 15615),
(6442, '1500', '84', 1, 1, 15357),
(6443, '7920', '76', 1, 1, 15280),
(6444, '14150', '51', 1, 1, 15552),
(6445, '5350', '65', 1, 1, 15283),
(6446, '1560', '109', 1, 1, 15355),
(6447, '7850', '63', 1, 1, 15281),
(6448, '199160', '89', 1, 1, 15344),
(6449, '15760', '62', 1, 1, 15644),
(6450, '177880', '154', 1, 1, 15343),
(6451, '182740', '84', 1, 1, 15277),
(6452, '102710', '134', 1, 1, 15128),
(6453, '135660', '63', 1, 1, 15752),
(6454, '135660', '66', 1, 1, 15352),
(6455, '14970', '109', 1, 1, 15598),
(6456, '13200', '29', 1, 1, 15167),
(6457, '63540', '81', 1, 1, 15129),
(6458, '2960', '197', 1, 1, 15320),
(6459, '710', '185', 1, 1, 15052),
(6460, '1460', '86', 1, 1, 15793),
(6461, '3910', '83', 1, 1, 15794),
(6462, '8340', '44', 1, 1, 15599),
(6463, '33510', '106', 1, 1, 15709),
(6464, '2160', '77', 1, 1, 15081),
(6465, '9000', '27', 1, 1, 15278),
(6466, '590', '129', 1, 1, 15390),
(6467, '2160', '71', 1, 1, 15605),
(6468, '860', '110', 1, 1, 15877),
(6469, '880', '164', 1, 1, 15891),
(6470, '8290', '60', 1, 1, 15176),
(6471, '10150', '122', 1, 1, 15289),
(6472, '1650', '58', 1, 1, 15907),
(6473, '1650', '58', 1, 1, 15906),
(6474, '31540', '162', 1, 1, 15158),
(6475, '530', '585', 1, 1, 15428),
(6476, '8570', '24', 1, 1, 15186),
(6477, '1240', '133', 1, 1, 15954),
(6478, '10860', '189', 1, 1, 15062),
(6479, '3170', '64', 1, 1, 15849),
(6480, '5100', '60', 1, 1, 15556),
(6481, '2360', '61', 1, 1, 15073),
(6482, '1090', '191', 1, 1, 15710),
(6483, '6240', '63', 1, 1, 15697),
(6484, '900', '116', 1, 1, 15448),
(6485, '2950', '84', 1, 1, 15798),
(6486, '620', '158', 1, 1, 15782),
(6487, '1090', '77', 1, 1, 15004),
(6488, '1030', '67', 1, 1, 15002),
(6489, '1030', '67', 1, 1, 15490),
(6490, '7110', '147', 1, 1, 15336),
(6491, '3700', '68', 1, 1, 15842),
(6492, '3510', '64', 1, 1, 15233),
(6493, '22280', '80', 1, 1, 15980),
(6494, '11460', '69', 1, 1, 15773),
(6495, '16460', '59', 1, 1, 15438),
(6496, '22390', '50', 1, 1, 15550),
(6497, '340', '37', 1, 1, 15338),
(6498, '1650', '58', 1, 1, 15715),
(6499, '1650', '58', 1, 1, 15716),
(6500, '1650', '58', 1, 1, 15717),
(6501, '1650', '58', 1, 1, 15718),
(6502, '1650', '58', 1, 1, 15719),
(6503, '1650', '58', 1, 1, 15720),
(6504, '1650', '58', 1, 1, 15721),
(6505, '1650', '58', 1, 1, 15722),
(6506, '9880', '86', 1, 1, 15071),
(6507, '2530', '78', 1, 1, 15082),
(6508, '1240', '133', 1, 1, 15953),
(6509, '1240', '133', 1, 1, 15955),
(6510, '1240', '133', 1, 1, 15678),
(6511, '1240', '133', 1, 1, 15677),
(6512, '1240', '133', 1, 1, 15671),
(6513, '1240', '133', 1, 1, 15672),
(6514, '1240', '133', 1, 1, 15674),
(6515, '1240', '133', 1, 1, 15673),
(6516, '1240', '133', 1, 1, 15670),
(6517, '1240', '133', 1, 1, 15676),
(6518, '1240', '133', 1, 1, 15675),
(6519, '1240', '133', 1, 1, 15956),
(6520, '2503', '60', 1, 1, 15421),
(6521, '930', '377', 1, 1, 15089),
(6522, '1100', '326', 1, 1, 15090),
(6523, '1030', '731', 1, 1, 15088),
(6524, '16220', '103', 1, 1, 15740),
(6525, '5390', '86', 1, 1, 15735),
(6526, '3180', '63', 1, 1, 15808),
(6527, '3060', '80', 1, 1, 15149),
(6528, '6140', '71', 1, 1, 15868),
(6529, '3100', '62', 1, 1, 15447),
(6530, '2190', '64', 1, 1, 15446),
(6531, '6060', '69', 1, 1, 15083),
(6532, '800', '77', 1, 1, 15424),
(6533, '2840', '102', 1, 1, 15106),
(6534, '8330', '164', 1, 1, 15316),
(6535, '13260', '51', 1, 1, 15866),
(6536, '27390', '58', 1, 1, 15439),
(6537, '6220', '76', 1, 1, 15591),
(6538, '21110', '61', 1, 1, 15667),
(6539, '9590', '59', 1, 1, 15325),
(6540, '14090', '99', 1, 1, 15739),
(6541, '2360', '61', 1, 1, 15074),
(6542, '3110', '59', 1, 1, 15232),
(6543, '12240', '60', 1, 1, 15189),
(6544, '700', '-12', 1, 1, 15341),
(6545, '4250', '1284', 1, 1, 15893),
(6546, '5110', '63', 1, 1, 15856),
(6547, '910', '148', 1, 1, 15433),
(6548, '730', '126', 1, 1, 15423),
(6549, '1420', '77', 1, 1, 15444),
(6550, '2960', '85', 1, 1, 15618),
(6551, '12600', '69', 1, 1, 15656),
(6552, '20850', '65', 1, 1, 15570),
(6553, '2100', '81', 1, 1, 15885),
(6554, '27590', '45', 1, 1, 15613),
(6555, '710', '185', 1, 1, 15909),
(6556, '22210', '59', 1, 1, 15683),
(6557, '7640', '60', 1, 1, 15555),
(6558, '1920', '81', 1, 1, 15796),
(6559, '10620', '59', 1, 1, 15218),
(6560, '7760', '64', 1, 1, 15772),
(6561, '340', '156', 1, 1, 15430),
(6562, '1110', '157', 1, 1, 15432),
(6563, '2290', '62', 1, 1, 15449),
(6564, '810', '60', 1, 1, 15900),
(6565, '1520', '66', 1, 1, 15224),
(6566, '1080', '99', 1, 1, 15422),
(6567, '710', '185', 1, 1, 15729),
(6568, '3160', '66', 1, 1, 15437),
(6569, '5350', '55', 1, 1, 15110),
(6570, '44830', '174', 1, 1, 15230),
(6571, '1200', '77', 1, 1, 15425),
(6572, '1990', '83', 1, 1, 15427),
(6573, '1810', '91', 1, 1, 15426),
(6574, '6620', '66', 1, 1, 15699),
(6575, '880', '59', 1, 1, 15736);

-- --------------------------------------------------------

--
-- Estructura de tabla para la tabla `marcas_tarjetas`
--

CREATE TABLE `marcas_tarjetas` (
  `id_marca` int(11) NOT NULL,
  `descripcion` varchar(255) DEFAULT NULL
) ENGINE=InnoDB DEFAULT CHARSET=utf8mb4;

--
-- Volcado de datos para la tabla `marcas_tarjetas`
--

INSERT INTO `marcas_tarjetas` (`id_marca`, `descripcion`) VALUES
(1, 'MasterCard'),
(2, 'Maestro'),
(3, 'American Express'),
(4, 'Cabal'),
(5, 'Maestro'),
(6, 'Naranja'),
(7, 'Nuevo Banco Del Chaco'),
(8, 'Visa');

-- --------------------------------------------------------

--
-- Estructura de tabla para la tabla `medios_pagos`
--

CREATE TABLE `medios_pagos` (
  `id_medio_pago` int(11) NOT NULL,
  `descripcion` varchar(255) DEFAULT NULL,
  `activo` tinyint(1) DEFAULT NULL
) ENGINE=InnoDB DEFAULT CHARSET=utf8mb4;

--
-- Volcado de datos para la tabla `medios_pagos`
--

INSERT INTO `medios_pagos` (`id_medio_pago`, `descripcion`, `activo`) VALUES
(1, 'T. Débito', 1),
(2, 'T. Crédito', 1),
(3, 'Transferencia', 1),
(4, 'Cheques', 1),
(6, 'Efectivo', 1);

-- --------------------------------------------------------

--
-- Estructura de tabla para la tabla `pagos`
--

CREATE TABLE `pagos` (
  `id` int(11) NOT NULL,
  `id_factura` int(11) DEFAULT NULL,
  `fecha` datetime DEFAULT NULL,
  `descuento` mediumtext DEFAULT NULL,
  `aprobado` tinyint(1) DEFAULT NULL,
  `total` double DEFAULT NULL,
  `fk_medio_pago` int(11) DEFAULT NULL,
  `subtotal` double DEFAULT NULL,
  `descripcion` varchar(255) DEFAULT NULL
) ENGINE=InnoDB DEFAULT CHARSET=utf8mb4;

--
-- Volcado de datos para la tabla `pagos`
--

INSERT INTO `pagos` (`id`, `id_factura`, `fecha`, `descuento`, `aprobado`, `total`, `fk_medio_pago`, `subtotal`, `descripcion`) VALUES
(119, 90, '2022-11-16 12:06:34', '0', 0, 877, 6, 877, ' - '),
(120, 91, '2022-11-16 12:11:24', '0', 0, 117800, 6, 117800, ' - ');

-- --------------------------------------------------------

--
-- Estructura de tabla para la tabla `pagos_ventas`
--

CREATE TABLE `pagos_ventas` (
  `id_pago_venta` int(11) NOT NULL,
  `fk_venta` int(11) DEFAULT NULL,
  `fk_pago` int(11) DEFAULT NULL
) ENGINE=InnoDB DEFAULT CHARSET=utf8mb4;

--
-- Volcado de datos para la tabla `pagos_ventas`
--

INSERT INTO `pagos_ventas` (`id_pago_venta`, `fk_venta`, `fk_pago`) VALUES
(83, 68, 119),
(84, 69, 120);

-- --------------------------------------------------------

--
-- Estructura de tabla para la tabla `pedidos_ventas`
--

CREATE TABLE `pedidos_ventas` (
  `id_pedido_venta` int(11) NOT NULL,
  `descripcion` varchar(255) DEFAULT NULL,
  `cancelado` tinyint(1) DEFAULT NULL,
  `fecha` datetime DEFAULT NULL
) ENGINE=InnoDB DEFAULT CHARSET=utf8mb4;

-- --------------------------------------------------------

--
-- Estructura de tabla para la tabla `planes_pagos`
--

CREATE TABLE `planes_pagos` (
  `id_plan_pago` int(11) NOT NULL,
  `descripcion` varchar(255) DEFAULT NULL,
  `cuotas` int(11) DEFAULT NULL,
  `interes` double DEFAULT NULL,
  `alta` datetime DEFAULT NULL,
  `activo` tinyint(1) DEFAULT NULL,
  `tarjeta_fk` int(11) DEFAULT NULL,
  `mediopago_fk` int(11) DEFAULT NULL
) ENGINE=InnoDB DEFAULT CHARSET=utf8mb4;

--
-- Volcado de datos para la tabla `planes_pagos`
--

INSERT INTO `planes_pagos` (`id_plan_pago`, `descripcion`, `cuotas`, `interes`, `alta`, `activo`, `tarjeta_fk`, `mediopago_fk`) VALUES
(46, 'Naranja 6', 6, 22, '2022-11-15 10:52:20', 1, 27, 2),
(47, 'Naranja 9', 9, 45, '2022-11-15 10:52:35', 1, 27, 2),
(48, 'Naranja 12', 12, 35, '2022-11-15 10:52:50', 1, 27, 2),
(49, 'Naranja 14', 14, 60, '2022-11-15 10:53:55', 1, 27, 2),
(50, 'Tuya 3', 3, 13, '2022-11-16 12:41:26', 1, 28, 2),
(51, 'Tuya 5', 5, 0, '2022-11-16 12:41:39', 1, 28, 2),
(52, 'Tuya 6', 6, 23, '2022-11-16 12:42:00', 1, 28, 2),
(53, 'Tuya 10', 10, 37, '2022-11-16 12:43:44', 1, 28, 2),
(54, 'Tuya 12', 12, 44, '2022-11-16 12:43:59', 1, 28, 2),
(55, 'Tuya 18', 18, 15, '2022-11-16 12:44:17', 1, 28, 2);

-- --------------------------------------------------------

--
-- Estructura de tabla para la tabla `productos`
--

CREATE TABLE `productos` (
  `pro_codigo` int(11) NOT NULL,
  `pro_cod_bar` varchar(255) DEFAULT NULL,
  `descripcion` varchar(255) DEFAULT NULL,
  `stock_actual` int(11) DEFAULT NULL,
  `precio_costo` varchar(255) DEFAULT NULL,
  `precio_neto` varchar(255) DEFAULT NULL,
  `baja` int(11) DEFAULT NULL,
  `fkIdFabricante` int(11) DEFAULT NULL,
  `fkIdProveedor` int(11) DEFAULT NULL,
  `iva` varchar(255) DEFAULT NULL
) ENGINE=InnoDB DEFAULT CHARSET=utf8mb4;

--
-- Volcado de datos para la tabla `productos`
--

INSERT INTO `productos` (`pro_codigo`, `pro_cod_bar`, `descripcion`, `stock_actual`, `precio_costo`, `precio_neto`, `baja`, `fkIdFabricante`, `fkIdProveedor`, `iva`) VALUES
(15000, NULL, 'FUNDA CELULAR LEATHER CASE MOTOROLA G5S PLUS FASHION', 0, '508,825225683408', '615,678523076923', 1, NULL, NULL, '21'),
(15001, NULL, 'FUNDA CELULAR LEATHER CASE MOTOROLA G5S FASHION', 0, '508,825225683408', '615,678523076923', 1, NULL, NULL, '21'),
(15002, NULL, 'FUNDA CELULAR LEATHER CASE ALCATEL U5 FASHION', 2, '508,825225683408', '615,678523076923', 1, NULL, NULL, '21'),
(15003, NULL, 'FUNDA CELULAR LEATHER CASE ALCATEL A3 XL CLASS', 0, '508,825225683408', '615,678523076923', 1, NULL, NULL, '21'),
(15004, NULL, 'FUNDA CELULAR LEATHER CASE ALCATEL U5 CLASS', 0, '508,825225683408', '615,678523076923', 1, NULL, NULL, '21'),
(15005, NULL, 'FUNDA CELULAR LEATHER CASE LG Q6 CLASS', 0, '337,203438016529', '408,01616', 1, NULL, NULL, '21'),
(15006, NULL, 'FUNDA CELULAR LEATHER CASE MOTOROLA G5S CLASS', 0, '337,203438016529', '408,01616', 1, NULL, NULL, '21'),
(15007, NULL, 'FUNDA CELULAR LEATHER CASE MOTOROLA G5S PLUS CLASS', 0, '337,203438016529', '408,01616', 1, NULL, NULL, '21'),
(15008, NULL, 'FUNDA CELULAR LEATHER CASE SAMSUNG J5 PRIME CLASS', 0, '337,203438016529', '408,01616', 1, NULL, NULL, '21'),
(15009, NULL, 'FUNDA CELULAR LEATHER CASE SAMSUNG J7 MAX CLASS', 18, '337,203438016529', '408,01616', 0, NULL, NULL, '21'),
(15010, NULL, 'FUNDA CELULAR LEATHER CASE SONY L1 CLASS', 0, '337,203438016529', '408,01616', 1, NULL, NULL, '21'),
(15011, NULL, 'FILM PROTECTOR GORILLA GLASS IPHONE 6 SPIGEN', 0, '1286,46014618865', '1421,53846153846', 1, NULL, NULL, '10,5'),
(15012, NULL, 'FILM PROTECTOR GORILLA GLASS IPHONE 6 PLUS SPIGEN', 1, '1286,46014618865', '1421,53846153846', 0, NULL, NULL, '10,5'),
(15013, NULL, 'FILM PROTECTOR GORILLA GLASS LG G6 SPIGEN', 0, '1286,46014618865', '1421,53846153846', 1, NULL, NULL, '10,5'),
(15014, NULL, 'FILM PROTECTOR VIDRIO LIQUIDO SPIGEN', 0, '854,418308963763', '1033,84615384615', 1, NULL, NULL, '21'),
(15015, NULL, 'FUNDA CELULAR TPU IPHONE 5S CRYSTAL SHELL CLEAR SPIGEN', 0, '904,25937698665', '1094,15384615385', 1, NULL, NULL, '21'),
(15016, NULL, 'FUNDA CELULAR TPU IPHONE 7 PLUS LIQUID ARMOR BLACK SPIGEN', 1, '854,418308963763', '1033,84615384615', 0, NULL, NULL, '21'),
(15017, NULL, 'FUNDA CELULAR TPU IPHONE 7 RUGGED ARMOR SPIGEN', 0, '1246,02670057216', '1507,69230769231', 1, NULL, NULL, '21'),
(15018, NULL, 'FUNDA CELULAR TPU IPHONE 7 SLIM ARMOR SPIGEN', 0, '1352,82898919263', '1636,92307692308', 1, NULL, NULL, '21'),
(15019, NULL, 'FUNDA CELULAR TPU SAMSUNG A20 SKIN SOFT', 0, '253,149619834711', '306,31104', 1, NULL, NULL, '21'),
(15020, NULL, 'FUNDA CELULAR TPU IPHONE 8 LIQUID CRYSTAL CLEAR SPIGEN', 1, '712,015257469803', '861,538461538462', 0, NULL, NULL, '21'),
(15021, NULL, 'FUNDA CELULAR TPU IPHONE 8 LIQUID CRYSTAL BLACK SPIGEN', 0, '783,216783216783', '947,692307692308', 1, NULL, NULL, '21'),
(15022, NULL, 'FUNDA CELULAR TPU IPHONE 8 PLUS THIN FIT BLACK SPIGEN', 0, '676,414494596313', '818,461538461538', 1, NULL, NULL, '21'),
(15023, NULL, 'FUNDA CELULAR TPU IPHONE 8 PLUS LIQUID CRYSTAL SPIGEN', 3, '818,817546090273', '990,769230769231', 0, NULL, NULL, '21'),
(15024, NULL, 'FUNDA CELULAR TPU IPHONE 8 PLUS RUGGED ARMOR SPIGEN', 0, '961,220597584234', '1163,07692307692', 1, NULL, NULL, '21'),
(15025, NULL, 'FUNDA CELULAR TPU IPHONE 8 PLUS RUGGED ARMOR EXTRE SPIGEN', 0, '961,220597584234', '1163,07692307692', 1, NULL, NULL, '21'),
(15026, NULL, 'FUNDA CELULAR TPU IPHONE X WALLET S BLACK SPIGEN', 0, '1424,03051493961', '1723,07692307692', 1, NULL, NULL, '21'),
(15027, NULL, 'IMPRESORA TINTA HP MULTIFUNCION GT5810 C/SISTEMA CONTINUO', 0, '9022,25047679593', '10916,9230769231', 1, NULL, NULL, '21'),
(15028, NULL, 'FUNDA CELULAR TPU IPHONE X LIQUID AIR MATTE BLACK SPIGEN', 0, '712,015257469803', '861,538461538462', 1, NULL, NULL, '21'),
(15029, NULL, 'FUNDA CELULAR TPU SAMSUNG S7 RUGGED ARMOR SPIGEN', 0, '890,019071837254', '1076,92307692308', 1, NULL, NULL, '21'),
(15030, NULL, 'FUNDA CELULAR TPU SAMSUNG S7 CRYSTAL SHELL DARK SPIGEN', 0, '1124,98410680229', '1361,23076923077', 1, NULL, NULL, '21'),
(15031, NULL, 'FUNDA CELULAR TPU SAMSUNG S8 THIN FIT BLACK SPIGEN', 0, '676,414494596313', '818,461538461538', 1, NULL, NULL, '21'),
(15032, NULL, 'FUNDA CELULAR TPU SAMSUNG S8 LIQUID AIR BLACK SPIGEN', 0, '676,414494596313', '818,461538461538', 1, NULL, NULL, '21'),
(15033, NULL, 'FUNDA CELULAR TPU SAMSUNG S8 RUGGED ARMOR SPIGEN', 0, '854,418308963763', '1033,84615384615', 1, NULL, NULL, '21'),
(15034, NULL, 'FUNDA CELULAR TPU SAMSUNG S8 CRYSTAL SHELL CLEAR SPIGEN', 0, '1128,54418308964', '1365,53846153846', 1, NULL, NULL, '21'),
(15035, NULL, 'FUNDA CELULAR TPU SAMSUNG S8 PLUS CRYSTAL SHELL CLEAR SPIGEN', 0, '1352,82898919263', '1636,92307692308', 1, NULL, NULL, '21'),
(15036, NULL, 'FUNDA CELULAR TPU SAMSUNG NOTE 8 CRYSTAL SHELL CLEAR SPIGEN', 0, '1352,82898919263', '1636,92307692308', 1, NULL, NULL, '21'),
(15037, NULL, 'FUNDA CELULAR TPU SAMSUNG S8 PLUS LIQUID AIR BLACK SPIGEN', 0, '1082,2631913541', '1309,53846153846', 1, NULL, NULL, '21'),
(15038, NULL, 'FUNDA CELULAR TPU SAMSUNG S8 PLUS RUGGED ARMOR SPIGEN', 0, '1124,98410680229', '1361,23076923077', 1, NULL, NULL, '21'),
(15039, NULL, 'FUNDA CELULAR TPU SAMSUNG NOTE 8 RUGGED ARMOR SPIGEN', 0, '1139,22441195168', '1378,46153846154', 1, NULL, NULL, '21'),
(15040, NULL, 'FUNDA CELULAR TPU SAMSUNG NOTE 8 NEO HYBRID CRYSTAL SPIGEN', 0, '1651,87539732994', '1998,76923076923', 1, NULL, NULL, '21'),
(15041, NULL, 'FUNDA CELULAR TPU SAMSUNG NOTE 8 SLIM ARMOR SPIGEN', 0, '1580,67387158296', '1912,61538461538', 1, NULL, NULL, '21'),
(15042, NULL, 'FUNDA CELULAR TPU MOTOROLA X4 RUGGED ARMOR SPIGEN', 0, '925,619834710744', '1120', 1, NULL, NULL, '21'),
(15043, NULL, 'FUNDA CELULAR TPU MOTOROLA G5S RUGGED ARMOR SPIGEN', 0, '925,619834710744', '1120', 1, NULL, NULL, '21'),
(15044, NULL, 'HUB USB 3.0 4 PUERTOS ULTRA SLIM F101 SPIGEN', 0, '779,672815871912', '861,538461538462', 1, NULL, NULL, '10,5'),
(15045, NULL, 'CARGADOR USB INALAMBRICO ESSENTIAL FAST CHARGER F301 SPIGEN', 0, '2183,08388444135', '2412,3076923077', 1, NULL, NULL, '10,5'),
(15046, NULL, 'SOPORTE CEL KUEL H35 SIGNATRE SPIGEN', 0, '1754,2638357118', '1938,46153846154', 1, NULL, NULL, '10,5'),
(15047, NULL, 'AURICULAR SPIGEN IN EAR HD R32E SURROUND', 0, '2848,06102987921', '3446,15384615385', 1, NULL, NULL, '21'),
(15048, NULL, 'CARGADOR USB INALAMBRICO 10W FAST CHARGER ', 1, '1031,40495867769', '1248', 0, NULL, NULL, '21'),
(15049, NULL, 'CARGADOR USB PORTATIL 10400MAH ILUV', 0, '2644,62809917355', '3200', 1, NULL, NULL, '21'),
(15050, NULL, 'PARLANTE BLUETOOTH ILUV PORTATIL AUD MINI SLIM', 1, '205,340297520661', '248,46176', 1, NULL, NULL, '21'),
(15051, NULL, 'PARLANTE BLUETOOTH ILUV PORTATIL IMPACT LEVEL 3', 1, '205,340297520661', '248,46176', 1, NULL, NULL, '21'),
(15052, NULL, 'AURICULAR ILUV IN-EAR PEPPER TALK', 0, '205,340297520661', '248,46176', 1, NULL, NULL, '21'),
(15053, NULL, 'AURICULAR ILUV IN-EAR MANOS LIBRES BUBBLE GUM TALK', 0, '205,340297520661', '248,46176', 1, NULL, NULL, '21'),
(15054, NULL, 'AURICULAR BLUETOOTH ILUV IN-EAR METAL AIR 2', 0, '205,340297520661', '248,46176', 1, NULL, NULL, '21'),
(15055, NULL, 'FUNDA CELULAR TPU IPHONE 7 GELATO ILUV', 0, '205,340297520661', '248,46176', 1, NULL, NULL, '21'),
(15056, NULL, 'FUNDA CELULAR TPU IPHONE X GELATO ILUV', 0, '205,340297520661', '248,46176', 1, NULL, NULL, '21'),
(15057, NULL, 'FUNDA CELULAR TPU IPHONE X METAL FINGER ILUV', 0, '205,340297520661', '248,46176', 1, NULL, NULL, '21'),
(15058, NULL, 'PARLANTE BLUETOOTH MOTOROLA PORTATIL SPHERE', 1, '14240,3051493961', '17230,7692307692', 0, NULL, NULL, '21'),
(15059, NULL, 'PARLANTE BLUETOOTH MOTOROLA PORTATIL SONIC PLAY 100', 1, '2477,81309599491', '2998,15384615385', 0, NULL, NULL, '21'),
(15060, NULL, 'AURICULAR BLUETOOTH MOTOROLA VINCHA PULSE ESCAPE+ WATER RESIST', 0, '4748,20744865994', '5246,76923076923', 1, NULL, NULL, '10,5'),
(15061, NULL, 'AURICULAR BLUETOOTH MOTOROLA VINCHA PULSE ESCAPE', 0, '4054,29864253394', '4480', 1, NULL, NULL, '10,5'),
(15062, NULL, 'AURICULAR BLUETOOTH MOTOROLA IN-EAR VERVE LOOP LIGHT WATERPROFF', 0, '3391,57674904281', '3747,6923076923', 1, NULL, NULL, '10,5'),
(15063, NULL, 'AURICULAR VINCHA MOTOROLA PULSE MAX OVER-EAR', 0, '1863,41802993387', '2059,07692307692', 1, NULL, NULL, '10,5'),
(15064, NULL, 'AURICULAR VINCHA MOTOROLA PULSE 2 ON-EAR', 0, '2281,70710743802', '2760,8656', 1, NULL, NULL, '21'),
(15065, NULL, 'AURICULAR IN-EAR MOTOROLA AIRBUDS 2', 0, '506,787330316742', '560', 1, NULL, NULL, '10,5'),
(15066, NULL, 'PARLANTE BLUETOOTH BRAVEN PORTATIL BRV-1S', 0, '2420,85187539733', '2929,23076923077', 1, NULL, NULL, '21'),
(15067, NULL, 'CONVERSOR DE USB 2.0 A LAN (RJ-45)  UE200 TP-LINK', 4, '1673,06578512397', '2024,4096', 0, NULL, NULL, '21'),
(15068, NULL, 'IMPRESORA LASER HP COLOR MULTIFUNCION M180NW', 0, '34575,9867768595', '41836,944', 1, NULL, NULL, '21'),
(15069, NULL, 'CELULAR IPHONE 8 64GB ', 0, '86153,8461538462', '95200', 1, NULL, NULL, '10,5'),
(15070, NULL, 'FUNDA CELULAR TPU SAMSUNG NOTE 8 THIN FIT BLACK SPIGEN', 0, '676,414494596313', '818,461538461538', 1, NULL, NULL, '21'),
(15071, NULL, 'MOUSE RAZER NAGA CHROMA USB LASER 16000DPI ', 0, '4800', '5304', 1, NULL, NULL, '10,5'),
(15072, NULL, 'TINTA HP ORIGINAL P/5180/5280 CYAN', 4, '1209,61229752066', '1463,63088', 0, NULL, NULL, '21'),
(15073, NULL, 'TINTA HP ORIGINAL P/5180/5280 MAGENTA', 1, '1209,61229752066', '1463,63088', 0, NULL, NULL, '21'),
(15074, NULL, 'TINTA HP ORIGINAL P/5180/5280 YELLOW', 6, '1209,61229752066', '1463,63088', 0, NULL, NULL, '21'),
(15075, NULL, 'TINTA HP ORIGINAL P/5180/5280 BLACK', 0, '1209,61229752066', '1463,63088', 1, NULL, NULL, '21'),
(15076, NULL, 'JOYSTICK SEISA PS2 INALAMBRICO SJ-818', 0, '733,634992458522', '810,666666666667', 1, NULL, NULL, '10,5'),
(15077, NULL, 'JOYSTICK SEISA PS3 INALAMBRICO BT SJ-906', 3, '2027,62425339367', '2240,5248', 0, NULL, NULL, '10,5'),
(15078, NULL, 'LENTE OJO DE PEZ Y PANO 3 EN 1 E-CHEN SEISA', 0, '345,654948369881', '381,948717948718', 1, NULL, NULL, '10,5'),
(15079, NULL, 'GABINETE CORSAIR CRYSTAL 460X RGB MID-TOWER S/FUENTE', 0, '14400', '15912', 1, NULL, NULL, '10,5'),
(15080, NULL, 'PC ALL IN ONE LENOVO 520-24IKU INTEL-I3 (INTEL I3-6006/4GB DDR4/DISCO 1TB/LED 23.8\"/WINDOWS 10)', 0, '39952,4770855088', '44147,4871794872', 1, NULL, NULL, '10,5'),
(15081, NULL, 'TECLADO GENIUS USB KB-128', 1, '1099,21940271493', '1214,63744', 0, NULL, NULL, '10,5'),
(15082, NULL, 'TECLADO GENIUS USB KB-M225', 1, '1280', '1414,4', 0, NULL, NULL, '10,5'),
(15083, NULL, 'MOUSE GENIUS BLUETOOTH NX9000BT', 2, '3238,3985520362', '3578,4304', 0, NULL, NULL, '10,5'),
(15084, NULL, 'FUNDA Y TECLADO PORTA TABLET 9\" V8 GENERICO ', 6, '349,182039679777', '385,846153846154', 0, NULL, NULL, '10,5'),
(15085, NULL, 'CABLE USB A MICRO 1M LDNIO XS-07 ', 1, '88,5240991735537', '107,11416', 0, NULL, NULL, '21'),
(15086, NULL, 'PARLANTE SEISA 2.0 MINI YX-Q011 3W X 2 (P/NOTEBOOK)', 0, '178,444585717313', '215,917948717949', 1, NULL, NULL, '21'),
(15087, NULL, 'TECLADO SEISA USB GAMMER DN-D226 ', 0, '330,608822063118', '365,322748379746', 1, NULL, NULL, '10,5'),
(15088, NULL, 'CABLE AUDIO RCA-RCA STEREO 10MTS', 0, '102,331849968214', '123,821538461538', 1, NULL, NULL, '21'),
(15089, NULL, 'CABLE AUDIO RCA-RCA X3 (AUDIO Y VIDEO) 10M SEISA MYE-33100', 0, '160,986649713923', '194,793846153846', 1, NULL, NULL, '21'),
(15090, NULL, 'CABLE AUDIO RCA-RCA X3 (AUDIO Y VIDEO) 15M SEISA MYE-33150', 0, '213,070565797838', '257,815384615384', 1, NULL, NULL, '21'),
(15091, NULL, 'PARLANTE SEISA 2.0 MINI YX-Q001 3W X 2 (P/NOTEBOOK)', 0, '231,333757151939', '279,913846153846', 1, NULL, NULL, '21'),
(15092, NULL, 'PARLANTE SEISA 2.0 MINI YX-Q048 3W X 2 (P/NOTEBOOK)', 0, '215,905064632337', '261,245128205128', 1, NULL, NULL, '21'),
(15093, NULL, 'TECLADO Y MOUSE LOGITECH INALAMBRICO MK850 PERFORMANCE', 2, '10288', '11368,24', 0, NULL, NULL, '10,5'),
(15094, NULL, 'TECLADO SEISA USB GAMMER DN-S988', 0, '476,07670377089', '526,064757666834', 1, NULL, NULL, '10,5'),
(15095, NULL, 'TECLADO SEISA PS2 DN-S216P', 0, '218,679661213598', '241,641025641026', 1, NULL, NULL, '10,5'),
(15096, NULL, 'TECLADO SEISA PS2 DN-D1306', 0, '218,679661213598', '241,641025641026', 1, NULL, NULL, '10,5'),
(15097, NULL, 'TECLADO SEISA NUMERICO DN-J18', 0, '158,719108945353', '175,384615384615', 1, NULL, NULL, '10,5'),
(15098, NULL, 'CARGADOR 220V MICRO USB (V8) 500MA SEISA', 5, '70,5418261979348', '77,9487179487179', 0, NULL, NULL, '10,5'),
(15099, NULL, 'AURICULAR SEISA BLUETOOTH IN EAR DEPORTIVO HBS-500', 0, '536,304600166003', '648,928566200864', 1, NULL, NULL, '21'),
(15100, NULL, 'AURICULAR SEISA BLUETOOTH IN EAR DEPORTIVO HBS-730', 2, '508,496213490729', '615,280418323782', 0, NULL, NULL, '21'),
(15101, NULL, 'TECLADO SEISA INALAMBRICO PLEGABLE IOS/ANDROID/PC B033', 0, '2592,4121127741', '2864,61538461538', 1, NULL, NULL, '10,5'),
(15102, NULL, 'TECLADO SEISA INALAMBRICO PLEGABLE IOS/ANDROID/PC GK228', 1, '2195,61434041072', '2426,15384615385', 0, NULL, NULL, '10,5'),
(15103, NULL, 'PUERTO BLUETOOTH AUDIO SEISA HW-P9', 0, '535,706710743802', '648,20512', 1, NULL, NULL, '21'),
(15104, NULL, 'CONSOLA DE JUEGOS SEISA SY-888A 1.8\"', 0, '811,697393515576', '982,153846153846', 1, NULL, NULL, '21'),
(15105, NULL, 'CONSOLA DE JUEGOS SEISA SY-888B 1.8\"', 0, '608,773045136681', '736,615384615384', 1, NULL, NULL, '21'),
(15106, NULL, 'CONSOLA DE JUEGOS SEISA SY-891 2.2\" 328 JUEGOS', 0, '1157,82849586777', '1400,97248', 1, NULL, NULL, '21'),
(15107, NULL, 'CONSOLA DE JUEGOS SEISA SY-988 2.4\"', 0, '927,654164017801', '1122,46153846154', 1, NULL, NULL, '21'),
(15108, NULL, 'CONSOLA DE JUEGOS SEISA SY-989 2.4\"', 0, '985,632549268912', '1192,61538461538', 1, NULL, NULL, '21'),
(15109, NULL, 'CONSOLA DE JUEGOS SEISA SY-901 2.8\" TETRIS', 0, '443,483768595041', '536,61536', 1, NULL, NULL, '21'),
(15110, NULL, 'ACCES POINT TP-LINK 300MPS TL-WA801ND', 7, '3116,8057918552', '3444,0704', 0, NULL, NULL, '10,5'),
(15111, NULL, 'TECLADO NOGANET GAMER NKB-5020 RETROILUMINADO', 0, '1568,84126696833', '1733,5696', 1, NULL, NULL, '10,5'),
(15112, NULL, 'FUENTE PC NOGANET 600W 24 PINES 2SATA RGB LED', 0, '1969,23076923077', '2382,76923076923', 1, NULL, NULL, '21'),
(15113, NULL, 'FUENTE PC NOGANET 650W 24 PINES 2SATA RGB LED', 0, '2174,35897435897', '2630,97435897435', 1, NULL, NULL, '21'),
(15114, NULL, 'FUENTE PC 700W NOGANET 24 PINES 2SATA RGB LED', 2, '5953,1120661157', '7203,2656', 0, NULL, NULL, '21'),
(15115, NULL, 'FUENTE PC NOGANET 750W 24 PINES 2SATA RGB LED', 0, '6324,12694214876', '7652,1936', 1, NULL, NULL, '21'),
(15116, NULL, 'FUNDA CELULAR TPU SAMSUNG GALAXY J2 PRIME PRINT 3D', 0, '155,965246874338', '188,717948717949', 1, NULL, NULL, '21'),
(15117, NULL, 'FUNDA CELULAR TPU SAMSUNG GALAXY J5 PRIME PRINT 3D', 0, '155,965246874338', '188,717948717949', 1, NULL, NULL, '21'),
(15118, NULL, 'FUNDA CELULAR TPU SAMSUNG GALAXY J7 NEO PRINT 3D', 0, '172,917991099809', '209,230769230769', 1, NULL, NULL, '21'),
(15119, NULL, 'CONTADOR DE BILLETES H-9900', 0, '5863,54797540318', '6479,22051282051', 1, NULL, NULL, '10,5'),
(15120, NULL, 'FILM PROTECTOR GORILLA GLASS HUAWEI Y7 PRIME', 0, '80,0146909090909', '96,817776', 1, NULL, NULL, '21'),
(15121, NULL, 'FUNDA CELULAR TPU MOTOROLA Z2 PLAY PRO TOUCH', 3, '178,210929342151', '196,923076923077', 0, NULL, NULL, '10,5'),
(15122, NULL, 'FUNDA CELULAR TPU IPHONE X PRO TOUCH', 0, '178,210929342151', '196,923076923077', 1, NULL, NULL, '10,5'),
(15123, NULL, 'FUNDA CELULAR TPU LG G6 PRO TOUCH', 0, '178,210929342151', '196,923076923077', 1, NULL, NULL, '10,5'),
(15124, NULL, 'FUNDA CELULAR TPU LG Q6 PRO TOUCH', 0, '188,717948717949', '228,348717948718', 1, NULL, NULL, '21'),
(15125, NULL, 'FUNDA CELULAR TPU MOTOROLA G5S PLUS PRO TOUCH', 0, '238,72854418309', '288,861538461538', 1, NULL, NULL, '21'),
(15126, NULL, 'FUNDA CELULAR TPU SONY XA1 PRO TOUCH', 2, '178,210929342151', '196,923076923077', 0, NULL, NULL, '10,5'),
(15127, NULL, 'FUNDA CELULAR TPU SONY L1 PRO TOUCH', 11, '191,376707274626', '211,471261538462', 0, NULL, NULL, '10,5'),
(15128, NULL, 'NOTEBOOK ACER TRAVELMATE P4 (CORE I5-7200U/8GB DDR3/HD 1TB/BT/LED 14\")', 0, '39582,6522798468', '43738,8307692307', 1, NULL, NULL, '10,5'),
(15129, NULL, 'PC HOME AMD A6 9500 (DUAL CORE - 8GB DDR4 - SSD 240GB - SALIDA HDMI)', 0, '31762,7656108597', '35097,856', 1, NULL, NULL, '10,5'),
(15130, NULL, 'PROYECTOR EPSON POWER LITE W05+ (1280X800) 3000 LUMENS', 0, '104639,98677686', '126614,384', 1, NULL, NULL, '21'),
(15131, NULL, 'HUMIDIFICADOR AUTO', 10, '653,440074254554', '722,051282051282', 0, NULL, NULL, '10,5'),
(15132, NULL, 'AURICULAR IN-EAR MANOS LIBRES SAMSUNG SIMIL', 2, '185,636384731407', '205,128205128205', 1, NULL, NULL, '10,5'),
(15133, NULL, 'AURICULAR IN-EAR MANOS LIBRES SONY SIMIL', 0, '185,636384731407', '205,128205128205', 1, NULL, NULL, '10,5'),
(15134, NULL, 'JOYSTICK SONY SIMIL PS2 INALAMBRICO', 0, '949,353676626404', '1148,71794871795', 1, NULL, NULL, '21'),
(15135, NULL, 'JOYSTICK XBOX 360 CABLE DINAX', 0, '2360,18099547511', '2608', 1, NULL, NULL, '10,5'),
(15136, NULL, 'JOYSTICK SONY SIMIL PS3 INALAMBRICO COLORES', -1, '1299,45469311985', '1435,89743589744', 1, NULL, NULL, '10,5'),
(15137, NULL, 'NOTEBOOK BANGHO GM-Z I7 (I7 7700HQ/16GB DDR4/SSD 240GB+HD 1TB/BT/IPS 15.6\"/TEC. RETROILUM)', 0, '101935,389256294', '112638,605128205', 1, NULL, NULL, '10,5'),
(15138, NULL, 'SEGURIDAD - CAMARA HIKVISION HD1080P BULLET METAL EXT L3.6MM IR 20M DS-2CE16D0T-IRF', 0, '3295,9867768595', '3988,144', 1, NULL, NULL, '21'),
(15139, NULL, 'BALUN HD HIKVISION PAR', 1, '734,630214876033', '888,90256', 0, NULL, NULL, '21'),
(15140, NULL, 'SEGURIDAD - DVR 8 VIDEOS 4 AUDIOS VGA/HDMI/ANAL HILOOK 208G/F1', 0, '9753,65950413223', '11801,928', 1, NULL, NULL, '21'),
(15141, NULL, 'AURICULAR MARVO VOID USB DOLBY 7.1 ', 0, '2594,58359821997', '3139,44615384616', 1, NULL, NULL, '21'),
(15142, NULL, 'MOUSE MARVO G914 OVERWATCH 4000DPI GAMMER', 0, '1802,67780484975', '1991,95897435897', 0, NULL, NULL, '10,5'),
(15143, NULL, 'TECLADO MARVO K616 RGB USB GAMMER', 0, '754,983176702633', '834,25641025641', 1, NULL, NULL, '10,5'),
(15144, NULL, 'TECLADO MARVO KG935 RGB BLUE SWITCH USB GAMMER', 1, '4006,18169161155', '4426,83076923077', 0, NULL, NULL, '10,5'),
(15145, NULL, 'TECLADO MARVO KIT GAMMER KM408 (TEC Y MOUSE)', 0, '1078,8072862281', '1192,08205128205', 1, NULL, NULL, '10,5'),
(15146, NULL, 'MOUSE + PAD MARVO G928+G1 3200DPI GAMMER', 0, '893,542174266156', '987,364102564102', 1, NULL, NULL, '10,5'),
(15147, NULL, 'MOUSE + PAD MARVO M315+G1P 2400DPI GAMMER', 0, '677,127276946282', '748,225641025641', 1, NULL, NULL, '10,5'),
(15148, NULL, 'CABLE USB A MICRO 1M NISUTA  DOBLE 3.0 (PARA HD EXTERNOS)', 1, '506,412375503285', '612,758974358974', 0, NULL, NULL, '21'),
(15149, NULL, 'COMBO MARVO GAMER KM400 + G1 (TEC Y MOUSE)', 2, '1532,94813783502', '1693,9076923077', 0, NULL, NULL, '10,5'),
(15150, NULL, 'PARLANTE NISUTA 2.0 6W USB NSPAU61', 0, '545,369781733418', '659,897435897435', 1, NULL, NULL, '21'),
(15151, NULL, 'CONVERSOR DE DISPLAYPORT A DVI HEMBRA NISUTA', 5, '1497,56090497738', '1654,8048', 0, NULL, NULL, '10,5'),
(15152, NULL, 'FUNDA CELULAR IPHONE 6S PLUS SILICONE CASE ', 31, '723,981900452489', '800', 0, NULL, NULL, '10,5'),
(15153, NULL, 'FUNDA CELULAR TPU SAMSUNG J7 2016 SILICONE CASE ORIGINAL', 0, '1482,99525791855', '1638,70976', 1, NULL, NULL, '10,5'),
(15154, NULL, 'FUNDA CELULAR TPU SAMSUNG J7 NEO SILICONE CASE ORIGINAL', 0, '1482,99525791855', '1638,70976', 1, NULL, NULL, '10,5'),
(15155, NULL, 'CABLE DISPLAYPORT MINI M A DISPLAYPORT M NISUTA 1.8M 1.2V 4K ', 1, '1386,73447764357', '1677,94871794872', 0, NULL, NULL, '21'),
(15156, NULL, 'FUNDA CELULAR TPU SAMSUNG GRAND PRIME MATTE', 0, '180,986932126697', '199,99056', 1, NULL, NULL, '10,5'),
(15157, NULL, 'FUNDA CELULAR TPU SAMSUNG J7 NEO MATTE', 0, '180,986932126697', '199,99056', 1, NULL, NULL, '10,5'),
(15158, NULL, 'PLACA MADRE GIGABYTE 1151 GA-Z370-HD3 DDR4 (SOLO 8VA GEN)', 0, '10877,1040723982', '12019,2', 1, NULL, NULL, '10,5'),
(15159, NULL, 'PLACA MADRE GIGABYTE 1151 GA-Z370 AORUS GAMING 3 DDR4', 0, '23145,657918552', '25575,952', 1, NULL, NULL, '10,5'),
(15160, NULL, 'PLACA MADRE GIGABYTE 1151 GA-Z370 AORUS ULTRA GAMING DDR4', 0, '21152', '23372,96', 1, NULL, NULL, '10,5'),
(15161, NULL, 'FUNDA CELULAR TPU SAMSUNG GALAXY J7 2016 NICE', 0, '222,763661677689', '246,153846153846', 1, NULL, NULL, '10,5'),
(15162, NULL, 'FUNDA CELULAR TPU SAMSUNG GALAXY J7 NEO NICE', 0, '222,763661677689', '246,153846153846', 1, NULL, NULL, '10,5'),
(15163, NULL, 'FUNDA CELULAR TPU SAMSUNG GALAXY J2 PRIME NICE', 0, '222,763661677689', '246,153846153846', 1, NULL, NULL, '10,5'),
(15164, NULL, 'FUNDA CELULAR TPU SAMSUNG GALAXY J2 PRIME RING', 0, '148,507993966817', '164,101333333333', 1, NULL, NULL, '10,5'),
(15165, NULL, 'FUNDA CELULAR TPU SAMSUNG GALAXY J7 NEO RING', 0, '148,507993966817', '164,101333333333', 1, NULL, NULL, '10,5'),
(15166, NULL, 'PARLANTE BLUETOOTH NOGANET PORTABLE NG-B838', 0, '11880,7272727273', '14375,68', 1, NULL, NULL, '21'),
(15167, NULL, 'PARLANTE BLUETOOTH NOGANET PORTABLE NG-B635 -OUTLET-', 0, '8415,51515151515', '10182,7733333333', 1, NULL, NULL, '21'),
(15168, NULL, 'FUNDA CELULAR LEATHER CASE SAMSUNG J2 PRIME LISO EJECUTIVO', 0, '347,977388429752', '421,05264', 1, NULL, NULL, '21'),
(15169, NULL, 'FUNDA CELULAR LEATHER CASE SAMSUNG J7 NEO LISO EJECUTIVO', 0, '347,977388429752', '421,05264', 1, NULL, NULL, '21'),
(15170, NULL, 'FUNDA CELULAR LEATHER CASE SAMSUNG J7 PRIME LISO EJECUTIVO', 0, '347,977388429752', '421,05264', 1, NULL, NULL, '21'),
(15171, NULL, 'FUNDA CELULAR LEATHER CASE SAMSUNG J5 PRIME LISO EJECUTIVO', 0, '347,977388429752', '421,05264', 1, NULL, NULL, '21'),
(15172, NULL, 'PC ARMADA INTEL J3355M (MB ASROCK/4GB RAM/1TB DISCO/KIT GABINETE)', 0, '18541,362106973', '20488,2051282051', 1, NULL, NULL, '10,5'),
(15173, NULL, 'FILM PROTECTOR GORILLA GLASS MOTOROLA G5S PLUS FULL COLOR', 0, '98,0160111381831', '108,307692307692', 1, NULL, NULL, '10,5'),
(15174, NULL, 'VIDEO PCI-E GTX 1060 6GB G1 GAMMING DDR5 ', 0, '33334,9483698805', '36835,1179487179', 1, NULL, NULL, '10,5'),
(15175, NULL, 'PLACA DE VIDEO  GTX 1070TI 8GB DDR5 AORUS', 0, '53721,981668407', '59362,7897435898', 1, NULL, NULL, '10,5'),
(15176, NULL, 'TECLADO REDRAGON VISNU K561 MECANICO RAINBOW ', 27, '4666,66714932127', '5156,6672', 0, NULL, NULL, '10,5'),
(15177, NULL, 'CONTROLADOR CORSAIR COOLER-LED RGB COMMANDER PRO', 0, '6977,3087518542', '8442,54358974358', 1, NULL, NULL, '21'),
(15178, NULL, 'CONTROLADOR CORSAIR RGB USB + TIRA LED X4 ', 0, '4964,84848484849', '6007,46666666667', 0, NULL, NULL, '21'),
(15179, NULL, 'CABLE CORSAIR PCI-E TIPO 4 3º GEN ', 12, '1812,35007416826', '2192,94358974359', 0, NULL, NULL, '21'),
(15180, NULL, 'CABLE CORSAIR ATX 24 PINES TIPO 4 3º GEN ', 2, '2521,65289256198', '3051,2', 0, NULL, NULL, '21'),
(15181, NULL, 'GABINETE CORSAIR CARBIDE SPEC-04 NVIDIA MID-TOWER S/FUENTE', 0, '5075,29875855668', '5608,20512820514', 1, NULL, NULL, '10,5'),
(15182, NULL, 'GABINETE CORSAIR CARBIDE SPEC-04 BLACK/RED TEMP GLASS MID-TOWER S/FUENTE', 0, '4898,31302935376', '5412,6358974359', 1, NULL, NULL, '10,5'),
(15183, NULL, 'GABINETE CORSAIR CARBIDE 270R BLACK MID-TOWER S/FUENTE', 0, '5224,55041188073', '5773,12820512821', 1, NULL, NULL, '10,5'),
(15184, NULL, 'GABINETE CORSAIR CARBIDE 400C MID-TOWER S/FUENTE', 0, '7000,90497737557', '7736', 1, NULL, NULL, '10,5'),
(15185, NULL, 'GABINETE CORSAIR CRYSTAL 570X RGB MID-TOWER S/FUENTE', 2, '33040', '36509,2', 0, NULL, NULL, '10,5'),
(15186, NULL, 'MAQUINA LUZ LASER CABEZAL MOVIL 4 EN 1 RGB CR-18', 2, '6227,63661677689', '6881,53846153846', 0, NULL, NULL, '10,5'),
(15187, NULL, 'MAQUINA LUZ LASER CABEZAL MOVIL DOBLE LADO RGB 1020', 1, '9297,59832927254', '10273,8461538462', 0, NULL, NULL, '10,5'),
(15188, NULL, 'MAQUINA LUZ LASER CABEZAL MOVIL 7 LED RGB 1021', 0, '6701,28785241907', '7404,92307692307', 1, NULL, NULL, '10,5'),
(15189, NULL, 'ROKU EXPRESS + HDMI SMARTV 3930MX', 1, '6319,29785123967', '7646,3504', 1, NULL, NULL, '21'),
(15190, NULL, 'NOTEBOOK DELL INSPIRON 5567 (INTEL I7 7500U/8GB DDR3/VIDEO R7 4GB/HD 2TB/15.6\" LED)', 0, '64030,5186216498', '70753,7230769231', 1, NULL, NULL, '10,5'),
(15191, NULL, 'PILA RECARGABLE NETMAK AA 2700MAH BLISTER X2', 1, '495,562578512397', '599,63072', 1, NULL, NULL, '21'),
(15192, NULL, 'CABLE USB A MINI GLOBAL 5M (DISPOSITIVOS MOVILES)', 0, '203,004524886878', '224,32', 0, NULL, NULL, '10,5'),
(15193, NULL, 'TINTA GLOBAL HP PREMIUN DYE 90CC BLACK', 45, '192,002115702479', '232,32256', 0, NULL, NULL, '21'),
(15194, NULL, 'TINTA GLOBAL HP PREMIUN DYE 70CC CYAN', 18, '134,393256198347', '162,61584', 0, NULL, NULL, '21'),
(15195, NULL, 'TINTA GLOBAL HP PREMIUN DYE 70CC MAGENTA', 11, '134,393256198347', '162,61584', 0, NULL, NULL, '21'),
(15196, NULL, 'TINTA GLOBAL HP PREMIUN DYE 70CC YELLOW', 4, '134,393256198347', '162,61584', 0, NULL, NULL, '21'),
(15197, NULL, 'AURICULAR GENERICO VINCHA C/MIC AUR2', 0, '332,273786819241', '402,051282051282', 1, NULL, NULL, '21'),
(15198, NULL, 'AURICULAR GENERICO VINCHA C/MIC AUR31', 0, '332,273786819241', '402,051282051282', 1, NULL, NULL, '21'),
(15199, NULL, 'AURICULAR BLUETOOTH GENERICO VINCHA MEMORIA+FM B8550', 0, '1689,29110105581', '1866,66666666667', 1, NULL, NULL, '10,5'),
(15200, NULL, 'AURICULAR BLUETOOTH GENERICO VINCHA MEMORIA+FM B8506', 0, '1537,06926557605', '1698,46153846154', 1, NULL, NULL, '10,5'),
(15201, NULL, 'REFLECTOR LED BLANCA, 200 WATTS, APTO EXTERIOR, CON CONTROL REMOTO, 220 V DIRECTO.', 2, '5569,09154194223', '6153,84615384616', 0, NULL, NULL, '10,5'),
(15202, NULL, 'AURICULAR BLUETOOTH 2.0 IN-EAR AUR-S9', 2, '1039,56375449588', '1148,71794871795', 0, NULL, NULL, '10,5'),
(15203, NULL, 'IMPRESORA TINTA EPSON L1300 C/SISTEMA CONTINUO A3', 0, '81334,428959276', '89874,544', 1, NULL, NULL, '10,5'),
(15204, NULL, 'FUNDA CELULAR TPU MOTOROLA G5S PLUS VENUS', 0, '139,012502648866', '168,205128205128', 1, NULL, NULL, '21'),
(15205, NULL, 'FUNDA CELULAR TPU SAMSUNG J7 PRIME VENUS', 0, '139,012502648866', '168,205128205128', 1, NULL, NULL, '21'),
(15206, NULL, 'FUNDA CELULAR TPU SONY L1 VENUS', 4, '139,012502648866', '168,205128205128', 0, NULL, NULL, '21'),
(15207, NULL, 'FUNDA CELULAR TPU LG Q6 VENUS', 0, '139,012502648866', '168,205128205128', 1, NULL, NULL, '21'),
(15208, NULL, 'FUNDA CELULAR TPU LG STYLUS 3 VENUS', 0, '139,012502648866', '168,205128205128', 1, NULL, NULL, '21'),
(15209, NULL, 'FUNDA CELULAR TPU HUAWEI Y7 PRIME PRO TOUCH', 0, '188,717948717949', '228,348717948718', 1, NULL, NULL, '21'),
(15210, NULL, 'FUNDA CELULAR TPU HUAWEI Y7 PRIME AIR', 0, '124,297520661157', '150,4', 1, NULL, NULL, '21'),
(15211, NULL, 'FUNDA CELULAR TPU MOTOROLA G5S PLUS AIR', 0, '124,297520661157', '150,4', 1, NULL, NULL, '21'),
(15212, NULL, 'FUNDA CELULAR TPU LG Q6 AIR', 0, '124,297520661157', '150,4', 1, NULL, NULL, '21'),
(15213, NULL, 'GABINETE THERMALTAKE VERSA C23 RGB S/FUENTE (TEMPERED GLASS)', 0, '6304,36013458638', '6966,31794871795', 1, NULL, NULL, '10,5'),
(15214, NULL, 'GABINETE THERMALTAKE VERSA C21 RGB S/FUENTE (BLACK AND WHITE)', 0, '4728,08446455505', '5224,53333333333', 1, NULL, NULL, '10,5'),
(15215, NULL, 'GABINETE THERMALTAKE VERSA N21 S/FUENTE', 0, '3887,48578721429', '4295,6717948718', 1, NULL, NULL, '10,5'),
(15216, NULL, 'GABINETE THERMALTAKE VERSA VIEW 21 TEMPERED GLASS S/FUENTE', 0, '5254,06659705302', '5805,74358974358', 1, NULL, NULL, '10,5'),
(15217, NULL, 'FUENTE PC 850W THERMALTAKE RGB GOLD MODULAR 80+', 0, '17440', '21102,4', 1, NULL, NULL, '21'),
(15218, NULL, 'COMBO 4 EN 1 TT KNUCKER  (TEC+MOUSE+PAD+AUR)', 3, '6017,592760181', '6649,44', 0, NULL, NULL, '10,5'),
(15219, NULL, 'CABLE TT PCI-E EXTENSION VERTICAL 3.0', 0, '2902,3973553719', '3511,9008', 1, NULL, NULL, '21'),
(15220, NULL, 'PARLANTE BLUETOOTH NISUTA PORTATIL CONEJITO Y PERRITO', 0, '1206,73023945751', '1460,14358974359', 1, NULL, NULL, '21'),
(15221, NULL, 'TECLADO LOGITECH G413 MECHANICAL CARBON ', 2, '14350,3942081448', '15857,1856', 0, NULL, NULL, '10,5'),
(15222, NULL, 'CONVERSOR DE USB C 3.1 A VGA NISUTA', 6, '1932,9549321267', '2135,9152', 0, NULL, NULL, '10,5'),
(15223, NULL, 'CONVERSOR DE USB C 3.1 A DVI HEMBRA NISUTA', 3, '2165,85682793828', '2393,2717948718', 0, NULL, NULL, '10,5'),
(15224, NULL, 'CADDY PARA DISCOS SATA 2.5\" NISUTA 9.5MM NSCADW9', 0, '828,061972850679', '915,00848', 1, NULL, NULL, '10,5'),
(15225, NULL, 'CONVERSOR DE USB C 3.1 A DISPLAYPORT 1.8M NISUTA', 8, '3413,767239819', '3772,2128', 0, NULL, NULL, '10,5'),
(15226, NULL, 'PLACA MADRE GIGABYTE 1151 GA-Z370P-D3 DDR4 (SOLO 8VA GEN)', 0, '9483,6802413273', '10479,4666666667', 1, NULL, NULL, '10,5'),
(15227, NULL, 'MEMORIA RAM SODIMM DDR4 16GB 2400MHZ MUSHKIN ESSENTIALS', 1, '13175,7651699733', '14559,2205128205', 1, NULL, NULL, '10,5'),
(15228, NULL, 'VIDEO PCI-E RX580 AORUS 4GB DDR5', 0, '26417,1342383107', '29190,9333333333', 1, NULL, NULL, '10,5'),
(15229, NULL, 'NOTEBOOK KELYX KL8350 (INTEL ATOM/4GB MEMORIA/DISCO 32GB/14\" LED/WIN10)', 0, '14023,7521754264', '15496,2461538462', 1, NULL, NULL, '10,5'),
(15230, NULL, 'PROC AMD AM4 RYZEN 3 2200G 3.5GHZ (C/VIDEO)', 2, '14800,028959276', '16354,032', 0, NULL, NULL, '10,5'),
(15231, NULL, 'IMPRESORA TINTA EPSON MULTIFUNCION L380 C/SISTEMA CONTINUO', 0, '12540,5212968849', '15174,0307692308', 1, NULL, NULL, '21'),
(15232, NULL, 'PLACA DE RED WIFI DUAL BAND 600N TP-LINK ARCHER T2U', 0, '1764,7985520362', '1950,1024', 1, NULL, NULL, '10,5'),
(15233, NULL, 'PLACA RED WIFI DUAL BAND HP 600N TP-LINK ARCHER T2UHP AC600 USB', 1, '1926,3942081448', '2128,6656', 0, NULL, NULL, '10,5'),
(15234, NULL, 'PC GAMMER AMD RYZEN 3 2200G (MB B350-GAMING /8GB RAM DDR4/HD 1TB/GRABDVD)', 0, '46206,6040143868', '51058,2974358974', 1, NULL, NULL, '10,5'),
(15235, NULL, 'TABLET 7\" SAMSUNG GALAXY TAB A T280 (LED 7\"/1.5GB RAM/8GB/QUAD CORE 1.3GHZ)', 0, '8353,63731291333', '9230,76923076923', 1, NULL, NULL, '10,5'),
(15236, NULL, 'PLACA DE VIDEO GT 710 2GB DDR5', 0, '8923,96886877828', '9860,9856', 1, NULL, NULL, '10,5'),
(15237, NULL, 'TV 49\" TCL SMART', 1, '36756,0108597285', '40615,392', 0, NULL, NULL, '10,5'),
(15238, NULL, 'PUERTO BLUETOOTH NOGANET NG-RBT03 PARA AUDIO ', 0, '1150,76242533937', '1271,59248', 0, NULL, NULL, '10,5'),
(15239, NULL, 'AURICULAR BLUETOOTH NOGANET EARBUDS BTWINS', 0, '4224,01013574661', '4667,5312', 1, NULL, NULL, '10,5'),
(15240, NULL, 'CONVERSOR DE HDMI-M A VGA-H  NOGANET (CON AUDIO)', 1, '1040,63021487603', '1259,16256', 0, NULL, NULL, '21'),
(15241, NULL, 'CONVERSOR DE HDMI A RCA/AUDIO NOGANET', 0, '1131,32443314262', '1368,90256410256', 0, NULL, NULL, '21'),
(15242, NULL, 'ADAPTADOR DE AUDIO NOGANET PLUG MACHO 3.5 A 2 PLUG HEMBRA 3.5 ', 38, '205,028628099174', '248,08464', 0, NULL, NULL, '21'),
(15243, NULL, 'PARLANTE BLUETOOTH NOGANET PORTABLE RGB NG-P20', 1, '2010,20669683258', '2221,2784', 0, NULL, NULL, '10,5'),
(15244, NULL, 'ACCES POINT SERVER UBIQUITI AC ROCKET LITE 5GHZ R5AC-LITE-AR', 0, '20818,9972850679', '23004,992', 1, NULL, NULL, '10,5'),
(15245, NULL, 'ACCES POINT SECTORIAL UBIQUITI AC NANO LOCO 5.8GHZ NS-5ACL (S/FUENTE)', 0, '6808,45321266968', '7523,3408', 1, NULL, NULL, '10,5'),
(15246, NULL, 'FUNDA CELULAR TPU MOTOROLA G5S PLUS DESIGN', 0, '106,700572155118', '129,107692307692', 1, NULL, NULL, '21'),
(15247, NULL, 'FUNDA CELULAR TPU HUAWEI MATE 9 LITE DESIGN', 0, '57,4358974358974', '69,4974358974359', 1, NULL, NULL, '21'),
(15248, NULL, 'FUNDA CELULAR TPU MOTOROLA G5S PLUS PRO MAX', 0, '199,913010790115', '220,903876923077', 1, NULL, NULL, '10,5'),
(15249, NULL, 'FUNDA CELULAR TPU IPHONE X PRO MAX', 0, '199,913010790115', '220,903876923077', 1, NULL, NULL, '10,5'),
(15250, NULL, 'FUNDA CELULAR TPU LG Q6 PRO MAX', 0, '246,323373596101', '298,051282051282', 1, NULL, NULL, '21'),
(15251, NULL, 'PARLANTE NOGANET 2.0 WAVE HTS-43 2X45W (KARAOKE)', 0, '15766,0521296885', '19076,923076923', 1, NULL, NULL, '21'),
(15252, NULL, 'ROUTER MICROTIK 3011 1GB RAM', 0, '15685,3463278803', '17332,3076923077', 1, NULL, NULL, '10,5'),
(15253, NULL, 'AURICULAR LG QUADBEAT 2 MANOS LIBRES ', 0, '718,412808910546', '793,846153846154', 1, NULL, NULL, '10,5'),
(15254, NULL, 'FUNDA CELULAR TPU SAMSUNG S9 SLIM ARMOR SPIGEN', 0, '1312,14240305149', '1587,69230769231', 1, NULL, NULL, '21'),
(15255, NULL, 'VIDEO PCI-E GTX 1060 3GB WINDFORCE OC DDR5', 0, '26646,6550643927', '29444,5538461539', 1, NULL, NULL, '10,5'),
(15256, NULL, 'PLACA MADRE GIGABYTE AM4 GA-AX370 GAMING 3 DDR4', 0, '9808,46966005337', '10838,358974359', 1, NULL, NULL, '10,5'),
(15257, NULL, 'MOUSE LOGITECH USB INALAMBRICO MX MASTER 2S GRAPHITE', 0, '8317,4443438914', '9190,776', 1, NULL, NULL, '10,5'),
(15258, NULL, 'FUNDA CELULAR TPU SAMSUNG S9 PLUS SLIM ARMOR SPIGEN', 0, '1530,83280356008', '1852,30769230769', 1, NULL, NULL, '21'),
(15259, NULL, 'FUNDA CELULAR TPU IPHONE 7/8 PLUS I-PAINT', 0, '838,313201949566', '1014,35897435897', 1, NULL, NULL, '21'),
(15260, NULL, 'FUNDA CELULAR TPU IPHONE 7/8 I-PAINT', 3, '838,313201949566', '1014,35897435897', 0, NULL, NULL, '21'),
(15261, NULL, 'FUNDA CELULAR TPU IPHONE X I-PAINT', 2, '838,313201949566', '1014,35897435897', 0, NULL, NULL, '21'),
(15262, NULL, 'FUNDA CELULAR TPU SAMSUNG S8 I-PAINT', 1, '838,313201949566', '1014,35897435897', 0, NULL, NULL, '21'),
(15263, NULL, 'FUNDA CELULAR TPU SAMSUNG S8 PLUS I-PAINT', 1, '838,313201949566', '1014,35897435897', 0, NULL, NULL, '21'),
(15264, NULL, 'FUNDA CELULAR TPU SAMSUNG S9 RINGKE SLIM', 0, '486,924237150482', '538,051282051282', 1, NULL, NULL, '10,5'),
(15265, NULL, 'FUNDA CELULAR TPU SAMSUNG S9 PLUS RINGKE SLIM', 0, '486,924237150482', '538,051282051282', 1, NULL, NULL, '10,5'),
(15266, NULL, 'PLACA MADRE MSI 1151 H310M PRO-M2 DDR4 SOLO 8VA', 0, '6153,77189929226', '6799,91794871795', 1, NULL, NULL, '10,5'),
(15267, NULL, 'PLACA MADRE MSI 1151 B360M PRO-VDH DDR4 (8VA Y 9NA)', 0, '11672,0057918552', '12897,5664', 1, NULL, NULL, '10,5'),
(15268, NULL, 'PLACA MADRE MSI 1151 B360-A PRO DDR4 SOLO 8VA', 0, '8818,50794755772', '9744,45128205128', 1, NULL, NULL, '10,5'),
(15269, NULL, 'PLACA MADRE ASROCK QC5000 + CPU AMD A4 + HD 8330 GRAPHICS', 0, '6923,01176470588', '7649,928', 1, NULL, NULL, '10,5'),
(15270, NULL, 'TINTA GLOBAL HP PREMIUN DYE 250CC CYAN', 1, '165,289256198347', '200', 0, NULL, NULL, '21'),
(15271, NULL, 'TINTA GLOBAL HP PREMIUN DYE 250CC MAGENTA', 0, '165,289256198347', '200', 0, NULL, NULL, '21'),
(15272, NULL, 'TINTA GLOBAL HP PREMIUN DYE 250CC YELLOW', 2, '165,289256198347', '200', 0, NULL, NULL, '21'),
(15273, NULL, 'TINTA GLOBAL HP PREMIUN DYE 250CC BLACK', 0, '165,289256198347', '200', 1, NULL, NULL, '21'),
(15274, NULL, 'ACCES POINT OMNI UBIQUITI UNIFI AC PRO RANGE DUAL BAND 2.4-5GHZ ', 0, '11708,3095486715', '12937,6820512821', 1, NULL, NULL, '10,5'),
(15275, NULL, 'ROKU ESPRESS+ PLUS HDMI+RCA SMARTV', 0, '3972,36702691248', '4806,5641025641', 1, NULL, NULL, '21'),
(15276, NULL, 'NOTEBOOK ASUS X542UQ (CORE I5-7200U/8GB DDR4/HD 1TB/VIDEO 2GB/BT/LED 15.6\")', 0, '76139,5057431257', '84134,1538461539', 1, NULL, NULL, '10,5'),
(15277, NULL, 'NOTEBOOK ACER NITRO AN515 (CORE I7-7700HQ/12GB DDR4/HD 1TB/GTX 1050 4GB/IPS 15.6\")', 0, '89840,8075182736', '99274,0923076923', 1, NULL, NULL, '10,5'),
(15278, NULL, 'TABLET 8\" HDC T800 (IPS 8\"-1GB MEMORIA -8GB DISCO- QUAD CORE)', 2, '6407,3883281123', '7080,1641025641', 0, NULL, NULL, '10,5'),
(15279, NULL, 'PARLANTE BLUETOOTH NOGANET PORTABLE NT-BT112', 0, '1697,47827929646', '2053,94871794872', 1, NULL, NULL, '21'),
(15280, NULL, 'PARLANTE BLUETOOTH NOGANET PORTABLE KARAOKE NT-BT1220', 0, '3718,41491841492', '4499,28205128205', 1, NULL, NULL, '21'),
(15281, NULL, 'PARLANTE BLUETOOTH NOGANET PORTABLE KARAOKE NT-BT1210', 1, '3960,83916083917', '4792,61538461539', 0, NULL, NULL, '21'),
(15282, NULL, 'PARLANTE BLUETOOTH NOGANET PORTABLE NG-BT316', 0, '3637,55032845942', '4401,4358974359', 1, NULL, NULL, '21'),
(15283, NULL, 'PARLANTE BLUETOOTH NOGANET PORTABLE NG-BT313', 0, '2667,51430387794', '3227,6923076923', 1, NULL, NULL, '21'),
(15284, NULL, 'PARLANTE BLUETOOTH NOGANET PORTABLE NG-BT305', 1, '3475,82114854842', '4205,74358974358', 0, NULL, NULL, '21'),
(15285, NULL, 'PARLANTE BLUETOOTH NOGANET PORTABLE NG-BT3020', 0, '3879,97457088366', '4694,76923076923', 1, NULL, NULL, '21'),
(15286, NULL, 'TECLADO REDRAGON USB KIT GAMMER K552 BA-SP (TEC Y MOUSE)', 0, '5608,7963800905', '6197,72', 1, NULL, NULL, '10,5'),
(15287, NULL, 'MOUSE REDRAGON USB LASER M709 TIGER 1000DPI GAMMER', 0, '1405,787214294', '1553,39487179487', 1, NULL, NULL, '10,5'),
(15288, NULL, 'MOUSE REDRAGON LASER M710 MEMEALION CHROMA 10000 DPI', 3, '2434,04162895928', '2689,616', 0, NULL, NULL, '10,5'),
(15289, NULL, 'MOUSE REDRAGON USB LASER M715 DAGGER RGB 1000DPI ', 20, '4133,93665158371', '4568', 0, NULL, NULL, '10,5'),
(15290, NULL, 'MOUSE REDRAGON USB INALAMBRICO 2.4GHZ M650  2000DPI GAMMER', 0, '765,675832463163', '846,071794871795', 1, NULL, NULL, '10,5'),
(15291, NULL, 'AURICULAR IN-EAR MANOS LIBRES HF030', 0, '216,622165713075', '262,112820512821', 1, NULL, NULL, '21'),
(15292, NULL, 'AURICULAR IN-EAR MANOS LIBRES HF040', 0, '243,678745496927', '294,851282051282', 1, NULL, NULL, '21'),
(15293, NULL, 'AURICULAR IN-EAR MANOS LIBRES HF050', 0, '293,350286077559', '354,953846153846', 1, NULL, NULL, '21'),
(15294, NULL, 'AURICULAR BLUETHOOT IN-EAR MANOS LIBRES HF220', 0, '1449,62909090909', '1754,0512', 1, NULL, NULL, '21'),
(15295, NULL, 'AURICULAR BLUETHOOT IN-EAR MANOS LIBRES HF240', 0, '834,88874761602', '1010,21538461538', 1, NULL, NULL, '21'),
(15296, NULL, 'PC INTEL I3 8100 (MB H310PRO/DDR4 8GB/1TB HD/KIT GAB)', 0, '39473,0896855784', '43617,7641025642', 1, NULL, NULL, '10,5'),
(15297, NULL, 'BATERIA CELULAR SAMSUNG J1 ACE CLASE A', 0, '219,050933983061', '242,051282051282', 1, NULL, NULL, '10,5'),
(15298, NULL, 'FILM PROTECTOR GORILLA GLASS ALCATEL A3 XL', 0, '80,0146909090909', '96,817776', 0, NULL, NULL, '21'),
(15299, NULL, 'FUNDA CELULAR TPU HUAWEI MATE 9 LITE ELECTRO', 0, '233,047891402715', '257,51792', 1, NULL, NULL, '10,5'),
(15300, NULL, 'FUNDA CELULAR TPU HUAWEI P10 LITE ELECTRO', 0, '233,047891402715', '257,51792', 1, NULL, NULL, '10,5'),
(15301, NULL, 'FUNDA CELULAR TPU HUAWEI Y6 2 ELECTRO', 0, '233,047891402715', '257,51792', 1, NULL, NULL, '10,5'),
(15302, NULL, 'FUNDA CELULAR TPU MOTOROLA X4 ELECTRO', 0, '233,047891402715', '257,51792', 1, NULL, NULL, '10,5'),
(15303, NULL, 'FUNDA CELULAR TPU SAMSUNG GALAXY J1 MINI PRIME ELECTRO', 2, '233,047891402715', '257,51792', 0, NULL, NULL, '10,5'),
(15304, NULL, 'TECLADO G.SKILL RIPJAWS KM780R RGB MECANICO CHERRY MX BROWN', 0, '10859,7285067873', '12000', 1, NULL, NULL, '10,5'),
(15305, NULL, 'FUNDA CELULAR TPU HUAWEI MATE 9 LUMINOUS', 0, '220,38567493113', '266,666666666667', 1, NULL, NULL, '21'),
(15306, NULL, 'FUNDA CELULAR TPU HUAWEI MATE 9 LITE PRINT 3D', 0, '155,965246874338', '188,717948717949', 1, NULL, NULL, '21'),
(15307, NULL, 'FUNDA CELULAR TPU SAMSUNG GALAXY J7 PRIME PRINT 3D', 0, '172,917991099809', '209,230769230769', 1, NULL, NULL, '21'),
(15308, NULL, 'FUNDA CELULAR TPU SAMSUNG GALAXY NOTE 8 PRINT 3D', 0, '155,965246874338', '188,717948717949', 1, NULL, NULL, '21'),
(15309, NULL, 'FUNDA CELULAR TPU SAMSUNG GALAXY S9 PRINT 3D', 0, '155,965246874338', '188,717948717949', 1, NULL, NULL, '21'),
(15310, NULL, 'FUNDA CELULAR TPU SAMSUNG GALAXY S9 PLUS PRINT 3D', 0, '155,965246874338', '188,717948717949', 1, NULL, NULL, '21'),
(15311, NULL, 'TECLADO NETMAK INALAMBRICO KB-980W SMARTV', 0, '1389,67399095023', '1535,58976', 1, NULL, NULL, '10,5'),
(15312, NULL, 'TECLADO NETMAK INALAMBRICO KB460 KIT (TEC+MOUSE)', 0, '749,970994314886', '828,717948717949', 1, NULL, NULL, '10,5'),
(15313, NULL, 'FIBRA TRABI DETECTOR DE PESOS Y DOLARES FALSOS', 0, '56,6221657130748', '68,5128205128205', 0, NULL, NULL, '21'),
(15314, NULL, 'CARGADOR USB PORTATIL 3000MAH HIVE3 GOLF ', 0, '631,388005933461', '763,979487179488', 1, NULL, NULL, '21'),
(15315, NULL, 'CARGADOR USB PORTATIL 15000MAH HIVE15 GOLF ', 0, '2402,47510065693', '2906,99487179488', 1, NULL, NULL, '21'),
(15316, NULL, 'CARGADOR USB PORTATIL 24000MAH HIVE24P GOLF ', 1, '2604,72133926679', '3151,71282051282', 1, NULL, NULL, '21'),
(15317, NULL, 'TURBINA 4\" 220V C/RULEMAN NOGANET', 1, '1267,92449586777', '1534,18864', 0, NULL, NULL, '21'),
(15318, NULL, 'AURICULAR PHILIPS IN-EAR SHE-3010', 0, '795,186776859504', '962,176', 0, NULL, NULL, '21'),
(15319, NULL, 'CALCULADORA DAIHATSU DP803S', 3, '303,521932612842', '367,261538461538', 0, NULL, NULL, '21'),
(15320, NULL, 'CALCULADORA DE ESCRITORIO DE1240T', 0, '821,123119304938', '993,558974358974', 1, NULL, NULL, '21'),
(15321, NULL, 'CABLE PARA FUENTE MAC', 0, '1280,94935367663', '1549,94871794872', 1, NULL, NULL, '21'),
(15322, NULL, 'PROYECTOR EPSON POWER LITE X41+ (1024X768) 3600 LUMENS', 0, '100000', '121000', 1, NULL, NULL, '21'),
(15323, NULL, 'PROYECTOR BENQ MS630-ST SVGA (800X600) 3300 LUMENS', 0, '38544,810341174', '46639,2205128205', 1, NULL, NULL, '21'),
(15324, NULL, 'TECLADO CORSAIR INALAMBRICO K63 BACKLIT BLUE LED MECANICO', 0, '8383,15349808562', '9263,38461538461', 1, NULL, NULL, '10,5'),
(15325, NULL, 'TECLADO Y MOUSE LOGITECH INALAMBRICO MK540', 4, '5440', '6011,2', 0, NULL, NULL, '10,5'),
(15326, NULL, 'MOUSE BUNGEE PRO GAMING 4 USB + 7 LED', 0, '2598,9093862397', '2871,79487179486', 1, NULL, NULL, '10,5'),
(15327, NULL, 'MOUSE BUNGEE PRO GAMING 4 USB + BLUE', 0, '2153,38206288433', '2379,48717948718', 1, NULL, NULL, '10,5'),
(15328, NULL, 'MOUSE BUNGEE PRO GAMING 4 USB 3.0 + WHITE ', 0, '2509,80392156862', '2773,33333333333', 1, NULL, NULL, '10,5'),
(15329, NULL, 'CELULAR IPHONE 6S 16GB RF', 1, '20301,1950342267', '22432,8205128205', 1, NULL, NULL, '10,5'),
(15330, NULL, 'CAMARA WEB LOGITECH BRIO 4K AUTOFOCUS', 0, '15257,4698029243', '18461,5384615385', 1, NULL, NULL, '21'),
(15331, NULL, 'NOTEBOOK  RAZER BLADE STEALTH(CORE I7-8550U/16GB DDR4/HD 256GB SSD/BT/TOUCK 13.3\")', 0, '207912,832579186', '229743,68', 1, NULL, NULL, '10,5'),
(15332, NULL, 'PAD MOUSE CORSAIR GAMMING MM200 EXTENDED XL', 0, '1495,87624496715', '1810,01025641026', 1, NULL, NULL, '21'),
(15333, NULL, 'PAD MOUSE CORSAIR GAMMING MM200 SMALL', 0, '498,614113159568', '603,323076923077', 1, NULL, NULL, '21'),
(15334, NULL, 'PAD MOUSE CORSAIR GAMMING MM800 RGB POLARIS', 0, '4603,24645051918', '5569,92820512821', 1, NULL, NULL, '21'),
(15335, NULL, 'PC MINI NOGA MAX (WIFI-ANDROID 7.1 -1GB RAM -8GB DISCO-HDMI-TVOUT-QUAD CORE)', 0, '4006,3947107438', '4847,7376', 1, NULL, NULL, '21'),
(15336, NULL, 'GLOBAL TONER SAMSUNG 404S TODOS', 0, '2372,9095147277', '2871,22051282051', 1, NULL, NULL, '21'),
(15337, NULL, 'AURICULAR JAMOJI VINCHA ', 0, '2004,8729550992', '2215,38461538462', 1, NULL, NULL, '10,5'),
(15338, NULL, 'AURICULAR JAMOJI IN-EAR', 0, '223,998552036199', '247,5184', 1, NULL, NULL, '10,5'),
(15339, NULL, 'PARLANTE JAMOJI ', 0, '1670,72746258266', '1846,15384615384', 1, NULL, NULL, '10,5'),
(15340, NULL, 'RESMA OFICIO TEMPO 80GR', 0, '367,264250900615', '444,389743589744', 0, NULL, NULL, '21'),
(15341, NULL, 'FLETE TESTA ORIGEN', 104, '661,157024793388', '800', 0, NULL, NULL, '21'),
(15342, NULL, 'NOTEBOOK DELL INSPIRON 5577 (INTEL I5 7300HQ/8GB DDR3/VIDEO 1050 4GB /HD 1TB+128/15.6\" LED)', 0, '88622,8843253278', '97928,2871794872', 1, NULL, NULL, '10,5'),
(15343, NULL, 'NOTEBOOK DELL INSPIRON I3567_I7 (INTEL I7 7500U/8GB DDR3/VIDEO R5 2GB/HD 1TB/15.6\" LED)', 0, '63251,3284603782', '69892,7179487179', 1, NULL, NULL, '10,5'),
(15344, NULL, 'NOTEBOOK DELL INSPIRON 7567 (INTEL I7 7700HQ/8GB DDR4/VIDEO 1050TI 4GB/HD 1TB/15.6\" LED)', 0, '95268,9267896508', '105272,164102564', 1, NULL, NULL, '10,5'),
(15345, NULL, 'NOTEBOOK DELL INSPIRON 5565 (AMD A12/8GB DDR4/HD 1TB/15.6\" LED)', 0, '44458,8374521406', '49127,0153846154', 1, NULL, NULL, '10,5'),
(15346, NULL, 'COSTOS LOGISTICOS', 0, '1,22520013922729', '1,35384615384615', 1, NULL, NULL, '10,5'),
(15347, NULL, 'NOTEBOOK DELL INSPIRON I3567 (INTEL I5 7200U/8GB DDR3/HD 1TB/15.6\" LED)', 0, '56779,4871794871', '62741,3333333333', 1, NULL, NULL, '10,5'),
(15348, NULL, 'FUNDA CELULAR TPU HUAWEI GW PRO TOUCH', 0, '191,376707274626', '211,471261538462', 1, NULL, NULL, '10,5'),
(15349, NULL, 'FUNDA CELULAR TPU HUAWEI MATE 10 LITE PRO TOUCH', 7, '191,376707274626', '211,471261538462', 0, NULL, NULL, '10,5'),
(15350, NULL, 'FUNDA CELULAR TPU SAMSUNG J7 NEO PRO TOUCH', 10, '191,376707274625', '211,471261538461', 0, NULL, NULL, '10,5'),
(15351, NULL, 'FUNDA CELULAR TPU SAMSUNG NOTE 8 PRO TOUCH', 0, '191,376707274626', '211,471261538462', 1, NULL, NULL, '10,5'),
(15352, NULL, 'NOTEBOOK BANGHO BES E3 I5 (I5 8250U /8GB DDR4/SSD 240GB/BT/13.1\")', 0, '73564,8033414549', '81289,1076923077', 1, NULL, NULL, '10,5'),
(15353, NULL, 'TECLADO NOGANET INALAMBRICO NKB-STEEL METAL KIT (TEC+MOUSE)', 1, '1651,2057918552', '1824,5824', 1, NULL, NULL, '10,5'),
(15354, NULL, 'TECLADO NOGANET NKB-6988 ARGOS RETROILUMINADO', 0, '1079,51811764706', '1192,86752', 1, NULL, NULL, '10,5'),
(15355, NULL, 'PARLANTE BLUETOOTH NOGANET PORTABLE  NGS-T04', 0, '674,751131221719', '745,6', 1, NULL, NULL, '10,5'),
(15356, NULL, 'PARLANTE BLUETOOTH NOGANET PORTABLE  NGS-T19', 1, '862,243879800441', '952,779487179487', 0, NULL, NULL, '10,5'),
(15357, NULL, 'PARLANTE BLUETOOTH NOGANET PORTABLE  NGS-T27', 0, '734,785938043856', '811,938461538461', 1, NULL, NULL, '10,5'),
(15358, NULL, 'NOTEBOOK BANGHO MAX G5 I3 F(INTEL CORE I3-6006U/4GB DDR4/DISCO 1TB/LED 15.6)', 0, '51040,014479638', '56399,216', 1, NULL, NULL, '10,5'),
(15359, NULL, 'PARLANTE BLUETOOTH NOGANET PORTABLE  CRYSTAL', 0, '1180,83304327648', '1304,82051282051', 1, NULL, NULL, '10,5'),
(15360, NULL, 'PARLANTE BLUETOOTH NOGANET PORTABLE  CUBE', 0, '1255,83014270797', '1387,69230769231', 1, NULL, NULL, '10,5'),
(15361, NULL, 'TECLADO NOGANET USB GAMMERS NKB-K10 RETROILUMINADO', 0, '824,708202807751', '911,302564102565', 1, NULL, NULL, '10,5'),
(15362, NULL, 'AURICULAR BLUETOOTH IN-EAR JAYBIRD FREEDOM 2 ', 0, '6800,01737556561', '7514,0192', 1, NULL, NULL, '10,5'),
(15363, NULL, 'AURICULAR BLUETOOTH IN-EAR JAYBIRD X3 ', 0, '8320', '9193,6', 1, NULL, NULL, '10,5'),
(15364, NULL, 'PROYECTOR EPSON POWER LITE S41+ (800X600) 3300 LUMENS', 0, '71369,5867768595', '86357,2', 1, NULL, NULL, '21'),
(15365, NULL, 'PROYECTOR EPSON POWER LITE S27 (800X600) 2700 LUMENS', 0, '28915,0752278025', '34987,241025641', 1, NULL, NULL, '21'),
(15366, NULL, 'NOTEBOOK SONY VAIO FIT15S I3 (INTEL CORE I3-6006U/4GB DDR4/DISCO 500GB/LED 15.6)', 0, '43305,0330664811', '47852,0615384616', 1, NULL, NULL, '10,5'),
(15367, NULL, 'NOTEBOOK SONY VAIO FIT15S I5 (INTEL CORE I5-7200U/8GB DDR4/DISCO 1TB/LED 15.6)', 0, '58559,7401090614', '64708,5128205128', 1, NULL, NULL, '10,5'),
(15368, NULL, 'PLACA MADRE MSI 1151 H310M PRO-VH PLUS DDR4 SOLO 8VA', 0, '9171,18841628959', '10134,1632', 1, NULL, NULL, '10,5'),
(15369, NULL, 'FUNDA CELULAR TPU MOTOROLA C PLUS AIR', 0, '124,297520661157', '150,4', 1, NULL, NULL, '21'),
(15370, NULL, 'FUNDA CELULAR LEATHER CASE HUAWEI MATE 9 LITE FLIP CASE', 0, '508,825225683408', '615,678523076923', 1, NULL, NULL, '21'),
(15371, NULL, 'FUNDA CELULAR TPU HUAWEI M10 LITE ESPEJADA', 0, '211,625478593804', '233,846153846154', 0, NULL, NULL, '10,5'),
(15372, NULL, 'FUNDA CELULAR TPU HUAWEI M9 LITE ESPEJADA', 0, '211,625478593804', '233,846153846154', 1, NULL, NULL, '10,5'),
(15373, NULL, 'FUNDA CELULAR TPU HUAWEI GW ESPEJADA', 0, '211,625478593804', '233,846153846154', 1, NULL, NULL, '10,5'),
(15374, NULL, 'FUNDA CELULAR TPU MOTOROLA E4 PLUS ESPEJADA', 0, '211,625478593804', '233,846153846154', 1, NULL, NULL, '10,5'),
(15375, NULL, 'FUNDA CELULAR TPU MOTOROLA G5S PLUS ESPEJADA', 0, '211,625478593804', '233,846153846154', 1, NULL, NULL, '10,5'),
(15376, NULL, 'FUNDA CELULAR TPU SAMSUNG GALAXY A7 2017 ESPEJADA', 0, '211,625478593804', '233,846153846154', 1, NULL, NULL, '10,5'),
(15377, NULL, 'FUNDA CELULAR TPU SAMSUNG GALAXY J2 PRO ESPEJADA', 23, '211,625478593804', '233,846153846154', 0, NULL, NULL, '10,5'),
(15378, NULL, 'FUNDA CELULAR TPU SAMSUNG GALAXY A8 2018 ESPEJADA', 0, '211,625478593804', '233,846153846154', 1, NULL, NULL, '10,5'),
(15379, NULL, 'FUNDA CELULAR TPU SONY M5 ELECTRO', 6, '233,047891402715', '257,51792', 0, NULL, NULL, '10,5'),
(15380, NULL, 'FUNDA CELULAR TPU SAMSUNG GALAXY J2 PRO ELECTRO', 15, '233,047891402715', '257,51792', 0, NULL, NULL, '10,5'),
(15381, NULL, 'FUNDA CELULAR TPU MOTOROLA G5S ELECTRO', 0, '233,047891402715', '257,51792', 1, NULL, NULL, '10,5'),
(15382, NULL, 'FUNDA CELULAR TPU NOKIA 640 ELECTRO', 0, '233,047891402715', '257,51792', 1, NULL, NULL, '10,5'),
(15383, NULL, 'FUNDA CELULAR TPU NOKIA 640XL  ELECTRO', 0, '233,047891402715', '257,51792', 1, NULL, NULL, '10,5'),
(15384, NULL, 'FUNDA CELULAR TPU SAMSUNG GALAXY S9 ELECTRO', 0, '233,047891402715', '257,51792', 1, NULL, NULL, '10,5'),
(15385, NULL, 'FUNDA CELULAR TPU SAMSUNG GALAXY S9 PLUS ELECTRO', 0, '233,047891402715', '257,51792', 1, NULL, NULL, '10,5'),
(15386, NULL, 'FUNDA CELULAR TPU HUAWEI P10 LITE ELECTRO', 0, '233,047891402715', '257,51792', 1, NULL, NULL, '10,5'),
(15387, NULL, 'FUNDA CELULAR TPU HUAWEI P10 ELECTRO', 0, '233,047891402715', '257,51792', 1, NULL, NULL, '10,5'),
(15388, NULL, 'FUNDA CELULAR TPU ALCATEL A3 ELECTRO', 0, '233,047891402715', '257,51792', 1, NULL, NULL, '10,5'),
(15389, NULL, 'FUNDA CELULAR TPU ALCATEL A3 PLUS ELECTRO', 0, '233,047891402715', '257,51792', 1, NULL, NULL, '10,5'),
(15390, NULL, 'FUNDA CELULAR TPU ALCATEL A3XL ELECTRO', 0, '233,047891402715', '257,51792', 1, NULL, NULL, '10,5'),
(15391, NULL, 'AURICULAR SEISA VINCHA MANOS LIBRES HD200', 0, '413,153173461217', '499,915339888073', 1, NULL, NULL, '21'),
(15392, NULL, 'AURICULAR BLUETOOTH IN EAR DEPORTIVO SYB-T850', 0, '588,743272182235', '712,379359340504', 1, NULL, NULL, '21'),
(15393, NULL, 'TECLADO SEISA USB GAMMER DN-D221', 0, '330,608822063118', '365,322748379746', 1, NULL, NULL, '10,5'),
(15394, NULL, 'TECLADO SEISA INALAMBRICO IOS/ANDROID KB1302', 0, '1205,85217731442', '1332,46665593244', 0, NULL, NULL, '10,5'),
(15395, NULL, 'SOPORTE TV MOVIL SEISA YT-DT2655 26-55\"', 0, '1075,99537190083', '1301,9544', 1, NULL, NULL, '21'),
(15396, NULL, 'TECLADO SEISA INALAMBRICO KIT USB DN-H029', 0, '692,190470614255', '764,870470028751', 1, NULL, NULL, '10,5'),
(15397, NULL, 'TECLADO SEISA INALAMBRICO KIT USB DN-H700', 0, '884,465601340437', '977,334489481183', 1, NULL, NULL, '10,5'),
(15398, NULL, 'TECLADO SEISA INALAMBRICO KIT USB DN-H801', 0, '680,35815487726', '751,795761139372', 1, NULL, NULL, '10,5');
INSERT INTO `productos` (`pro_codigo`, `pro_cod_bar`, `descripcion`, `stock_actual`, `precio_costo`, `precio_neto`, `baja`, `fkIdFabricante`, `fkIdProveedor`, `iva`) VALUES
(15399, NULL, 'TECLADO SEISA INALAMBRICO KIT USB DN-H900', 0, '884,465601340437', '977,334489481183', 1, NULL, NULL, '10,5'),
(15400, NULL, 'MOUSE SEISA USB OPTICO GAMERS DN-C0806', -8, '1238,99887782805', '1369,09376', 1, NULL, NULL, '10,5'),
(15401, NULL, 'MOUSE SEISA USB OPTICO GAMMERS DN-A4', 0, '278,417449820164', '307,651282051282', 1, NULL, NULL, '10,5'),
(15402, NULL, 'MOUSE SEISA USB OPTICO GAMMERS DN-C543', 0, '491,218389140272', '542,79632', 1, NULL, NULL, '10,5'),
(15403, NULL, 'CARGADOR USB PORTATIL 14000MAH SEISA A276', 0, '712,6892242206', '862,353961306926', 1, NULL, NULL, '21'),
(15404, NULL, 'CARGADOR USB PORTATIL 20000MAH SEISA A278', 0, '815,977517585906', '987,332796278946', 1, NULL, NULL, '21'),
(15405, NULL, 'CARGADOR USB NETMAK 5V.2A MKS-0502 (CON CABLE V8)', 0, '292,67217630854', '354,133333333333', 1, NULL, NULL, '21'),
(15406, NULL, 'CARGADOR USB PORTATIL 30000MAH SEISA XZD15', 0, '1425,3784484412', '1724,70792261385', 1, NULL, NULL, '21'),
(15407, NULL, 'CARGADOR USB PORTATIL 10000MAH SEISA 1035', 0, '568,085613509174', '687,383592346101', 1, NULL, NULL, '21'),
(15408, NULL, 'CARGADOR USB NETMAK 5V.2AMP MKS-0502', 2, '412,595834710744', '499,24096', 0, NULL, NULL, '21'),
(15409, NULL, 'CONVERSOR DE 12V A 220V P/AUTO 350W SEISA C/USB DY8105', 0, '1668,50320051645', '2018,88887262491', 1, NULL, NULL, '21'),
(15410, NULL, 'HUB USB 2.0 4 PUERTOS SEISA CQT-H030', 0, '194,885200374049', '215,348146413324', 1, NULL, NULL, '10,5'),
(15411, NULL, 'LECTOR DE MEMORIAS SEISA SY-596', 0, '63,3376901215658', '69,9881475843302', 1, NULL, NULL, '10,5'),
(15412, NULL, 'ADAPTADOR OTG USB MICRO A USB HEMBRA  HT-11BE', 0, '40,7810909090909', '49,34512', 1, NULL, NULL, '21'),
(15413, NULL, 'CARGADOR USB PARA AUTO SEISA (12V A 5V) 2A C/4USB C502', 0, '557,756784172643', '674,885708848898', 1, NULL, NULL, '21'),
(15414, NULL, 'CALCULADORA NISUTA BASICA 12 DIGITOS NSCALC2', 0, '561,589024793388', '679,52272', 1, NULL, NULL, '21'),
(15415, NULL, 'LECTOR DE MEMORIAS NISUTA NSCR1014  (22  EN 1)', 1, '970,828742081448', '1072,76576', 0, NULL, NULL, '10,5'),
(15416, NULL, 'CARGADOR 220V MICRO USB 4 PUERTOS SE-ISA51A', 0, '443,708086785009', '490,297435897435', 1, NULL, NULL, '10,5'),
(15417, NULL, 'CARGADOR USB PARA AUTO SEISA (12V A 5V) 2.1A  SM-SC22', 0, '274,111240084846', '331,674600502664', 1, NULL, NULL, '21'),
(15418, NULL, 'CARGADOR USB PARA AUTO SEISA (12V A 5V) 2.1A  SM-SC17', 0, '190,686080059023', '230,730156871418', 1, NULL, NULL, '21'),
(15419, NULL, 'CARGADOR USB PARA AUTO SEISA (12V A 5V) 3.4A X2 SM-SC28', 1, '470,106710743802', '568,82912', 0, NULL, NULL, '21'),
(15420, NULL, 'CARGADOR AUTO IPHONE HOCO Z1 (12V A 5V) 2.1A * 2 + CABLE', 7, '1166,34882644628', '1411,28208', 0, NULL, NULL, '21'),
(15421, NULL, 'CONVERSOR USB A AUDIO 7.1 VIRTUAL NISUTA NSCOUSAU21', 7, '1292,78', '1564,26', 0, NULL, NULL, '21'),
(15422, NULL, 'CONTROL REMOTO UNIVERSAL PARA AIRE ACONDICIONADO K-108ES', 0, '488,702262443439', '540,016', 1, NULL, NULL, '10,5'),
(15423, NULL, 'CONTROL REMOTO UNIVERSAL TV SEISA E-P914', 1, '291,514932126697', '322,124', 0, NULL, NULL, '10,5'),
(15424, NULL, 'CONTROL REMOTO UNIVERSAL TV SEISA RM-139EX', 4, '408,25628959276', '451,1232', 0, NULL, NULL, '10,5'),
(15425, NULL, 'CARRY DISK USB 2.5\" SEISA 2.0 SATA DN-W2822', 0, '611,666389140271', '675,89136', 1, NULL, NULL, '10,5'),
(15426, NULL, 'CARRY DISK USB 2.5\" SEISA 2.0 SATA DN-W235', 0, '855,067366515837', '944,84944', 1, NULL, NULL, '10,5'),
(15427, NULL, 'CARRY DISK USB 2.5\" SEISA 3.0 SATA ET-2531', 0, '981,468524886878', '1084,52272', 1, NULL, NULL, '10,5'),
(15428, NULL, 'ADAPTADOR DE VGA HEMBRA-HEMBRA 90º SEISA', 0, '69,9849170437405', '77,3333333333333', 1, NULL, NULL, '10,5'),
(15429, NULL, 'CABLE PLAYSTATION 2 AUDIO Y VIDEO A COMPONENTE', 0, '119,17880003689', '144,206348044636', 1, NULL, NULL, '21'),
(15430, NULL, 'CABLE UTP PATCH CORD 3M SEISA', 20, '109,540495867769', '132,544', 0, NULL, NULL, '21'),
(15431, NULL, 'SWITCH HDMI ELECTRONICO 3 ENTRADAS 1 SALIDA  NISUTA(C/ CTROL REMOTO)', 0, '1625,17229376958', '1795,81538461538', 1, NULL, NULL, '10,5'),
(15432, NULL, 'CABLE UTP PATCH CORD 20M SEISA', 0, '356,241851239669', '431,05264', 0, NULL, NULL, '21'),
(15433, NULL, 'CABLE UTP PATCH CORD 15M SEISA', 1, '302,531570247934', '366,0632', 0, NULL, NULL, '21'),
(15434, NULL, 'CABLE USB A MICRO 2M LDNIO LS23 MALLADO', 0, '154,932440047956', '187,468252458027', 0, NULL, NULL, '21'),
(15435, NULL, 'CABLE USB A MICRO 2M LDNIO LS17 MALLADO ', 4, '207,637211273575', '251,241025641026', 0, NULL, NULL, '21'),
(15436, NULL, 'SOPORTE PARA TV NISUTA TV42F FIJO 23\"-42\" HASTA 35KG', 0, '757,723768595041', '916,84576', 1, NULL, NULL, '21'),
(15437, NULL, 'SOPORTE PARA TV NISUTA TV55F FIJO 32\"-55\" HASTA 35KG', 4, '1570,45685950413', '1900,2528', 0, NULL, NULL, '21'),
(15438, NULL, 'SOPORTE LCD/LED NISUTA TVE1 13\"-27\" 6.5KG CON AMORTIGUACION', 0, '8537,6052892562', '10330,5024', 1, NULL, NULL, '21'),
(15439, NULL, 'SOPORTE LCD/LED NISUTA TVE2 13\"-27\" 6.5KG X 2', 0, '14248,3702479339', '17240,528', 0, NULL, NULL, '21'),
(15440, NULL, 'SOPORTE PARA PROYECTOR NIUSTA TVP TECHO FIJO HASTA 20KG', 0, '1894,38809917355', '2292,2096', 1, NULL, NULL, '21'),
(15441, NULL, 'SOPORTE PARA PROYECTOR NIUSTA TECHO Y PARED AJUSTABLE HASTA 20KG', 0, '1586,50561559652', '1919,67179487179', 1, NULL, NULL, '21'),
(15442, NULL, 'PINZA AMPEROMETRICA NISUTA CON TESTER MULTIMETRO', 0, '1238,23181343543', '1368,24615384615', 1, NULL, NULL, '10,5'),
(15443, NULL, 'CABLE OPTICO DIGITAL (NSCATOSP2) SPIDF A TOSLINK DE 1.5M', 0, '464,313725490196', '513,066666666667', 0, NULL, NULL, '10,5'),
(15444, NULL, 'CABLE AUDIO OPTICO NISUTA 1.5M', 0, '723,618171945701', '799,59808', 1, NULL, NULL, '10,5'),
(15445, NULL, 'MOUSE NISUTA INALAMBRICO 3D 1200DPI NSMOW38', 0, '1079,62408632092', '1192,98461538462', 1, NULL, NULL, '10,5'),
(15446, NULL, 'TECLADO NISUTA NUMERICO RETRACTIL NSKB11N', 2, '1205,88', '1332,5', 1, NULL, NULL, '10,5'),
(15447, NULL, 'TECLADO NISUTA NUMERICO INALAMBRICO NSKB11NW', 1, '1728,48', '1909,97', 1, NULL, NULL, '10,5'),
(15448, NULL, 'CALCULADORA NISUTA BASICA 12 DIGITOS NSCALC1', 0, '344,117818181818', '416,38256', 1, NULL, NULL, '21'),
(15449, NULL, 'CONVERSOR DE AUDIO PLUG HEMBRA A BLUETOOTH NISUTA NSCOSTBLA ', 7, '1162,86294214876', '1407,06416', 0, NULL, NULL, '21'),
(15450, NULL, 'FUENTE 220V A USB 2.1A 4 PUERTOS NOGANET NG-660 ', 5, '1132,31973553719', '1370,10688', 0, NULL, NULL, '21'),
(15451, NULL, 'FUENTE 220V A USB 2.1A 6 PUERTOS NOGANET NG-670', 5, '1467,0904852723', '1775,17948717949', 0, NULL, NULL, '21'),
(15452, NULL, 'FUENTE 220V A USB 2.1A 6 +1 USB TIPO C NOGANET NG-360', 5, '2175,99338842975', '2632,952', 0, NULL, NULL, '21'),
(15453, NULL, 'AURICULAR NOGANET BLUETOOTH IN EAR NG-BT375', 0, '757,619213365819', '837,16923076923', 1, NULL, NULL, '10,5'),
(15454, NULL, 'SOPORTE CEL AUTO BRAZO MOVIL C/CHUPETE OHOYO 2314-CC', 0, '228,675437985845', '252,686358974359', 1, NULL, NULL, '10,5'),
(15455, NULL, 'GABINETE NOGANET GAMMER 8608 C/FUENTE 600W', 1, '10440,1476923077', '11536,3632', 0, NULL, NULL, '10,5'),
(15456, NULL, 'GABINETE NOGANET GAMMER 8609 C/FUENTE 600W', 1, '11439,7364705882', '12640,9088', 0, NULL, NULL, '10,5'),
(15457, NULL, 'FUENTE NOTEBOOK ORIGINAL HP/COMPAQ 19.5V 3.33A PIN FINO 65W ', 1, '2380,1652892562', '2880', 0, NULL, NULL, '21'),
(15458, NULL, 'FUSIBLE', 8, '33,9054884509429', '41,025641025641', 1, NULL, NULL, '21'),
(15459, NULL, 'PROYECTOR MINI QKK (FULL HD/2200 LUMENS/LED/2*USB/VGA+HDMI+SD CARD)', 0, '10279,8050434414', '12438,5641025641', 1, NULL, NULL, '21'),
(15460, NULL, 'PROYECTOR MINI KONOMIO (FULL HD/1800 LUMENS/LED/USB/VGA+HDMI+SD CARD)', 0, '16308,5355371901', '19733,328', 1, NULL, NULL, '21'),
(15461, NULL, 'PROYECTOR MINI GP90 (FULL HD/3200 LUMENS/LED/USB/VGA+HDMI)', 0, '19583,8101292647', '23696,4102564102', 1, NULL, NULL, '21'),
(15462, NULL, 'UPS APC SMX3000HV 3000VA RACKEABLE', 0, '180545,158371041', '199502,4', 1, NULL, NULL, '10,5'),
(15463, NULL, 'CARTUCHO GLOBAL HP 901XL NEGRO', 2, '1438,40130316742', '1589,43344', 0, NULL, NULL, '10,5'),
(15464, NULL, 'MGM TONER HP 79A', 1, '591,379529561347', '715,56923076923', 1, NULL, NULL, '21'),
(15465, NULL, 'IMPRESORA TINTA HP 1115', 0, '2396,67710871331', '2648,32820512821', 1, NULL, NULL, '10,5'),
(15466, NULL, 'FUNDA CELULAR TPU SAMSUNG GALAXY J7 PRIME NEW COOL', 0, '177,981260006961', '196,669292307692', 1, NULL, NULL, '10,5'),
(15467, NULL, 'FUNDA CELULAR TPU SAMSUNG GALAXY J2 PRIME NEW COOL', 0, '177,981260006961', '196,669292307692', 1, NULL, NULL, '10,5'),
(15468, NULL, 'FUNDA CELULAR TPU SAMSUNG GALAXY J7 2016 NEW COOL', 0, '177,981260006961', '196,669292307692', 1, NULL, NULL, '10,5'),
(15469, NULL, 'FUNDA CELULAR TPU SAMSUNG GALAXY J7 PRO NEW COOL', 0, '177,981260006961', '196,669292307692', 1, NULL, NULL, '10,5'),
(15470, NULL, 'FUNDA CELULAR TPU SAMSUNG GALAXY J7 NEO NEW COOL', 0, '177,981260006961', '196,669292307692', 1, NULL, NULL, '10,5'),
(15471, NULL, 'FUNDA CELULAR TPU SAMSUNG GALAXY J5 PRO NEW COOL', 63, '177,981260006961', '196,669292307692', 0, NULL, NULL, '10,5'),
(15472, NULL, 'FUNDA CELULAR TPU SAMSUNG GALAXY J1 ACE NEW COOL', 10, '177,981260006961', '196,669292307692', 0, NULL, NULL, '10,5'),
(15473, NULL, 'FUNDA CELULAR TPU SAMSUNG GALAXY J5 PRIME NEW COOL', 0, '177,981260006961', '196,669292307692', 1, NULL, NULL, '10,5'),
(15474, NULL, 'FUNDA CELULAR TPU MOTOROLA E4 PLUS NEW COOL', 0, '177,981260006961', '196,669292307692', 1, NULL, NULL, '10,5'),
(15475, NULL, 'FUNDA CELULAR TPU MOTOROLA C PLUS NEW COOL', 0, '177,981260006961', '196,669292307692', 1, NULL, NULL, '10,5'),
(15476, NULL, 'FUNDA CELULAR TPU LG STYLUS 3 NEW COOL', 0, '177,981260006961', '196,669292307692', 1, NULL, NULL, '10,5'),
(15477, NULL, 'FUNDA CELULAR TPU LG Q6 NEW COOL', 0, '177,981260006961', '196,669292307692', 1, NULL, NULL, '10,5'),
(15478, NULL, 'FUNDA CELULAR TPU LG K8 2017 NEW COOL', 0, '177,981260006961', '196,669292307692', 1, NULL, NULL, '10,5'),
(15479, NULL, 'FUNDA CELULAR TPU LG K4 2017 NEW COOL', 0, '177,981260006961', '196,669292307692', 1, NULL, NULL, '10,5'),
(15480, NULL, 'FUNDA CELULAR TPU LG K10 2017 NEW COOL', 0, '177,981260006961', '196,669292307692', 1, NULL, NULL, '10,5'),
(15481, NULL, 'FUNDA CELULAR TPU MOTOROLA Z2 PLAY NEW COOL', 0, '177,981260006961', '196,669292307692', 1, NULL, NULL, '10,5'),
(15482, NULL, 'MEMORIA RAM DDR4 4GB 2400MHZ MARKVISION', 2, '2409,44', '2662,43', 0, NULL, NULL, '10,5'),
(15483, NULL, 'DDR4 8GB 2400MHZ ADATA/MICRON', 0, '9204,92864601462', '10171,4461538462', 1, NULL, NULL, '10,5'),
(15484, NULL, 'DISCO RIGIDO EXTERNO 2TB USB 3.0 ADATA HV620', 0, '9051,37022856479', '10001,7641025641', 1, NULL, NULL, '10,5'),
(15485, NULL, 'PC ARMADA AMD FM2 A4-5000 (MB ASROCK/HDMI/4GB/HD 1TB/LECTOR MEMORIAS)', 0, '16005,0493096647', '17685,5794871795', 1, NULL, NULL, '10,5'),
(15486, NULL, 'FUNDA CELULAR LEATHER CASE SAMSUNG A8 2017 FASHION', 0, '508,825225683408', '615,678523076923', 1, NULL, NULL, '21'),
(15487, NULL, 'FUNDA CELULAR LEATHER CASE SAMSUNG NOTE 8 FASHION', 0, '508,825225683408', '615,678523076923', 1, NULL, NULL, '21'),
(15488, NULL, 'FUNDA CELULAR LEATHER CASE SAMSUNG S9 FASHION', 0, '508,825225683408', '615,678523076923', 1, NULL, NULL, '21'),
(15489, NULL, 'FUNDA CELULAR LEATHER CASE SAMSUNG S9 PLUS FASHION', 0, '508,825225683408', '615,678523076923', 1, NULL, NULL, '21'),
(15490, NULL, 'FUNDA CELULAR LEATHER CASE HUAWEI MATE 10 LITE FASHION', 0, '508,825225683408', '615,678523076923', 1, NULL, NULL, '21'),
(15491, NULL, 'FUNDA CELULAR LEATHER CASE HUAWEI P10 FASHION', 0, '508,825225683408', '615,678523076923', 1, NULL, NULL, '21'),
(15492, NULL, 'FUNDA CELULAR LEATHER CASE HUAWEI Y7 FASHION', 0, '508,825225683408', '615,678523076923', 1, NULL, NULL, '21'),
(15493, NULL, 'FUNDA CELULAR LEATHER CASE LG G4 STYLUS FASHION', 0, '508,825225683408', '615,678523076923', 1, NULL, NULL, '21'),
(15494, NULL, 'FUNDA CELULAR LEATHER CASE SAMSUNG J2 PRO FASHION', 0, '508,825225683408', '615,678523076923', 1, NULL, NULL, '21'),
(15495, NULL, 'FUNDA CELULAR LEATHER CASE SAMSUNG A8 PLUS LISO', 0, '508,825225683408', '615,678523076923', 1, NULL, NULL, '21'),
(15496, NULL, 'GRABADOR DIGITAL PHILIPS VDT1150 4GB (IDEAL PERIODISTA)', 0, '5441,83089637635', '6584,61538461538', 1, NULL, NULL, '21'),
(15497, NULL, 'FUNDA CELULAR LEATHER CASE SAMSUNG J2 PRO LISO', 7, '508,825225683408', '615,678523076923', 0, NULL, NULL, '21'),
(15498, NULL, 'GRABADOR DIGITAL PHILIPS VDT1300 4GB (IDEAL PERIODISTA)', 0, '6977,74952320407', '8443,07692307692', 1, NULL, NULL, '21'),
(15499, NULL, 'JOYSTICK BLUETOOTH ANDROID/IOS MOGA ', 4, '742,54553892563', '820,512820512821', 0, NULL, NULL, '10,5'),
(15500, NULL, 'CONTROL REMOTO UNIVERSAL TV AIR MOUSE', 0, '1274,39378118111', '1408,20512820513', 1, NULL, NULL, '10,5'),
(15501, NULL, 'FUNDA CELULAR LEATHER CASE HUAWEY MATE 10 LITE LISO ', 0, '508,825225683408', '615,678523076923', 1, NULL, NULL, '21'),
(15502, NULL, 'FUNDA CELULAR LEATHER CASE HUAWEY Y7 LISO ', 0, '508,825225683408', '615,678523076923', 1, NULL, NULL, '21'),
(15503, NULL, 'FUNDA CELULAR LEATHER CASE MOTOROLA G6 LISO ', 0, '508,825225683408', '615,678523076923', 1, NULL, NULL, '21'),
(15504, NULL, 'FUNDA CELULAR LEATHER CASE MOTOROLA G6 PLUS LISO ', 0, '508,825225683408', '615,678523076923', 1, NULL, NULL, '21'),
(15505, NULL, 'FUNDA CELULAR LEATHER CASE SAMSUNG A8 LISO', 0, '508,825225683408', '615,678523076923', 1, NULL, NULL, '21'),
(15506, NULL, 'FUNDA CELULAR LEATHER CASE LG K10 LISO', 0, '508,825225683408', '615,678523076923', 1, NULL, NULL, '21'),
(15507, NULL, 'FUNDA CELULAR LEATHER CASE SAMSUNG NOTE 8 LISO', 0, '508,825225683408', '615,678523076923', 1, NULL, NULL, '21'),
(15508, NULL, 'FUNDA CELULAR LEATHER CASE SAMSUNG S9 LISO', 7, '508,825225683408', '615,678523076923', 0, NULL, NULL, '21'),
(15509, NULL, 'FUNDA CELULAR LEATHER CASE SAMSUNG S9 PLUS LISO', 0, '508,825225683408', '615,678523076923', 1, NULL, NULL, '21'),
(15510, NULL, 'TRIPODE PARA CAMARA VGO TM3-1120 1.10MTS', 0, '1147,90421699513', '1388,9641025641', 1, NULL, NULL, '21'),
(15511, NULL, 'FUNDA CELULAR TPU HUAWEI MATE 10 LITE PRINT 3D', 0, '155,965246874338', '188,717948717949', 1, NULL, NULL, '21'),
(15512, NULL, 'FUNDA CELULAR TPU HUAWEI P SMART PRINT 3D', 0, '155,965246874338', '188,717948717949', 1, NULL, NULL, '21'),
(15513, NULL, 'FUNDA CELULAR TPU HUAWEI Y7 PRINT 3D', 0, '172,917991099809', '209,230769230769', 1, NULL, NULL, '21'),
(15514, NULL, 'FUNDA CELULAR TPU MOTOROLA G5S PLUS PRINT 3D', 0, '155,965246874338', '188,717948717949', 1, NULL, NULL, '21'),
(15515, NULL, 'FUNDA CELULAR TPU MOTOROLA G6 PRINT 3D', 0, '155,965246874338', '188,717948717949', 1, NULL, NULL, '21'),
(15516, NULL, 'FUNDA CELULAR TPU MOTOROLA G6 PLUS PRINT 3D', 0, '155,965246874338', '188,717948717949', 1, NULL, NULL, '21'),
(15517, NULL, 'FUNDA CELULAR TPU MOTOROLA X4 PRINT 3D', 0, '155,965246874338', '188,717948717949', 1, NULL, NULL, '21'),
(15518, NULL, 'FUNDA CELULAR TPU SAMSUNG GALAXY A8 PRINT 3D', 0, '155,965246874338', '188,717948717949', 1, NULL, NULL, '21'),
(15519, NULL, 'FUNDA CELULAR TPU SAMSUNG GALAXY J2 PRO PRINT 3D', 5, '155,965246874338', '188,717948717949', 0, NULL, NULL, '21'),
(15520, NULL, 'TRIPODE PARA CAMARA VGO TM4-1060 1.06MTS', 0, '897,240940877304', '1085,66153846154', 1, NULL, NULL, '21'),
(15521, NULL, 'KIT DESTORNILLADOR  PARA CELULARES TORX 7 PIEZAS', 0, '770,87518542064', '932,758974358974', 1, NULL, NULL, '21'),
(15522, NULL, 'TABLET 7\" NOGANET 7F(1GB RAM - 8GB HD - QUAD CORE A33)', 2, '4923,07692307692', '5440', 1, NULL, NULL, '10,5'),
(15523, NULL, 'MOCHILA NOTEBOOK 16\" TARGUS TERRA NEGRA', 0, '2599,46598855689', '3145,35384615384', 1, NULL, NULL, '21'),
(15524, NULL, 'BOLSO PORTA NOTEBOOK 13.3 TARGUS OPIN MESSENGER NEGRO', 0, '4098,65256198347', '4959,3696', 1, NULL, NULL, '21'),
(15525, NULL, 'MOCHILA NOTEBOOK 15.6\" TARGUS VERTICAL', 0, '4423,99867768595', '5353,0384', 1, NULL, NULL, '21'),
(15526, NULL, 'MOCHILA NOTEBOOK 15.6\" TARGUS CITY NEGRA Y AZUL', 0, '2203,22776859504', '2665,9056', 1, NULL, NULL, '21'),
(15527, NULL, 'MOCHILA NOTEBOOK 15.6\" TARGUS MOBILE VIP', 0, '9027,22512396694', '10922,9424', 1, NULL, NULL, '21'),
(15528, NULL, 'MOCHILA NOTEBOOK 16\" TARGUS SPORT NEGRA 26L', 0, '3958,43187115914', '4789,70256410256', 1, NULL, NULL, '21'),
(15529, NULL, 'MOCHILA NOTEBOOK 15.6\" TARGUS WORK & PLAY FITNESS', 0, '5938,17334180971', '7185,18974358974', 1, NULL, NULL, '21'),
(15530, NULL, 'MOCHILA NOTEBOOK 15.6\" TARGUS CAMUFLADA TARBUS89102DI EN BUNDLE AZUL', 0, '4147,22909090909', '5018,1472', 1, NULL, NULL, '21'),
(15531, NULL, 'MALETIN PORTA NOTEBOOK 16\" TARGUS CVR200', 0, '1307,90421699513', '1582,5641025641', 1, NULL, NULL, '21'),
(15532, NULL, 'MOCHILA NOTEBOOK 15.6\" TARGUS URBAN EXPLORER', 0, '5938,17334180971', '7185,18974358974', 1, NULL, NULL, '21'),
(15533, NULL, 'TABLETA GRAFICA WACOM INTUOS 3D MEDIUM', 0, '19855,185056271', '21939,9794871795', 1, NULL, NULL, '10,5'),
(15534, NULL, 'MOCHILA NOTEBOOK 16\" TARGUS DRIFTER II NEGRA', 0, '5542,4284806103', '6706,33846153846', 1, NULL, NULL, '21'),
(15535, NULL, 'MOCHILA NOTEBOOK 16\" TARGUS CITYGEAR II NEGRA', 0, '7219,23438016529', '8735,2736', 1, NULL, NULL, '21'),
(15536, NULL, 'MOCHILA NOTEBOOK 16\" TARGUS MOTOR NEGRA', 0, '1979,77537613901', '2395,52820512821', 1, NULL, NULL, '21'),
(15537, NULL, 'MOCHILA NOTEBOOK 15.6\" TARGUS STRATA PRO TRIANGULOS', 0, '2078,67768595041', '2515,2', 1, NULL, NULL, '21'),
(15538, NULL, 'MOCHILA NOTEBOOK 17\" TARGUS XL TXL617-70', 0, '4749,92159355796', '5747,40512820514', 1, NULL, NULL, '21'),
(15539, NULL, 'MOCHILA NOTEBOOK 15.6\" TARGUS BALANCE ECOSMART', 0, '5938,17334180971', '7185,18974358974', 1, NULL, NULL, '21'),
(15540, NULL, 'MOCHILA NOTEBOOK 16\" TARGUS ASCEND BACKPACK', 0, '2276,55011655012', '2754,62564102565', 1, NULL, NULL, '21'),
(15541, NULL, 'MOCHILA NOTEBOOK 15.6\" TARGUS ESSESNTIAL', 0, '2276,55011655012', '2754,62564102565', 1, NULL, NULL, '21'),
(15542, NULL, 'TABLETA GRAFICA WACOM INTUOS PRO SMALL', 0, '24016,8929110106', '26538,6666666667', 1, NULL, NULL, '10,5'),
(15543, NULL, 'MOCHILA NOTEBOOK 15.6\" TARGUS CITYSMART EVA PRO', 0, '5938,20958677686', '7185,2336', 1, NULL, NULL, '21'),
(15544, NULL, 'MOCHILA NOTEBOOK 14\" TARGUS DRIFTER SPORT ', 0, '4749,92159355796', '5747,40512820514', 1, NULL, NULL, '21'),
(15545, NULL, 'MOCHILA NOTEBOOK 15.6\" TARGUS SPORT TSB89104US', 0, '1615,56261919898', '1954,83076923077', 1, NULL, NULL, '21'),
(15546, NULL, 'MOCHILA PORTA NOTEBOOK 15.4\" TARGUS GROOVE', 0, '2817,95295613477', '3409,72307692307', 1, NULL, NULL, '21'),
(15547, NULL, 'MOCHILA NOTEBOOK 15.6\" TARGUS WORK & PLAY RAQUETAS', 0, '5938,17334180971', '7185,18974358974', 1, NULL, NULL, '21'),
(15548, NULL, 'CAMARA GOPRO KELYX 101+ HD 720P SUMERGIBLE 30MTS', 0, '1792,04068658614', '2168,36923076923', 1, NULL, NULL, '21'),
(15549, NULL, 'MONITOR 24\" LED IPS LG 24MP48HQ-P FULL HD C/HDMI', 0, '20886,294214876', '25272,416', 1, NULL, NULL, '21'),
(15550, NULL, 'AURICULAR LOGITECH WIRELESS GAMMER G933 C/MIC 7.1 3D', 0, '12320', '14907,2', 1, NULL, NULL, '21'),
(15551, NULL, 'MONITOR 27\" LED LG IPS 27UD58-B ULTRA HD 4K', 0, '43738,7582114855', '52923,8974358974', 1, NULL, NULL, '21'),
(15552, NULL, 'PLACA MADRE GIGABYTE 1151 H310M-H DDR4 SOLO 8VA', 1, '8448,03475113122', '9335,0784', 0, NULL, NULL, '10,5'),
(15553, NULL, 'PLACA MADRE MSI AM4 X470 GAMING PRO', 0, '13957,9626406776', '15423,5487179487', 1, NULL, NULL, '10,5'),
(15554, NULL, 'RECEPTOR  LOGITECH USB UNIFYING PARA TEC Y MOUSE (INALAMBRICO)', 14, '1524,80132231405', '1845,0096', 0, NULL, NULL, '21'),
(15555, NULL, 'MOUSE LOGITECH G PRO GAMING', 0, '4295,9985520362', '4747,0784', 1, NULL, NULL, '10,5'),
(15556, NULL, 'MOUSE LOGITECH USB G300S GAMMING', 17, '2881,6', '3184,168', 0, NULL, NULL, '10,5'),
(15557, NULL, 'TECLADO LOGITECH G513 MECHANICAL CARBON ', 0, '18880', '20862,4', 0, NULL, NULL, '10,5'),
(15558, NULL, 'FUNDA CELULAR LEATHER CASE SAMSUNG J7 NEO FLIP ONE', 0, '508,825225683408', '615,678523076923', 1, NULL, NULL, '21'),
(15559, NULL, 'FUNDA CELULAR LEATHER CASE SAMSUNG J7 PRIME FLIP ONE', 0, '508,825225683408', '615,678523076923', 1, NULL, NULL, '21'),
(15560, NULL, 'FUNDA CELULAR LEATHER CASE SAMSUNG NOTE 8 FLIP ONE', 0, '508,825225683408', '615,678523076923', 1, NULL, NULL, '21'),
(15561, NULL, 'FUNDA CELULAR LEATHER CASE SAMSUNG S9 FLIP ONE', 0, '508,825225683408', '615,678523076923', 1, NULL, NULL, '21'),
(15562, NULL, 'FUNDA CELULAR LEATHER CASE SAMSUNG S9 PLUS FLIP ONE', 0, '508,825225683408', '615,678523076923', 1, NULL, NULL, '21'),
(15563, NULL, 'FUNDA CELULAR LEATHER CASE HUAWEI MATE 10 LITE FLIP ONE', 0, '508,825225683408', '615,678523076923', 1, NULL, NULL, '21'),
(15564, NULL, 'FUNDA CELULAR LEATHER CASE HUAWEI MATE 9 LITE FLIP ONE', 0, '508,825225683408', '615,678523076923', 1, NULL, NULL, '21'),
(15565, NULL, 'FUNDA CELULAR LEATHER CASE IPHONE 8 FLIP ONE', 0, '508,825225683408', '615,678523076923', 1, NULL, NULL, '21'),
(15566, NULL, 'FUNDA CELULAR LEATHER CASE IPHONE 8 PLUS FLIP ONE', 0, '508,825225683408', '615,678523076923', 1, NULL, NULL, '21'),
(15567, NULL, 'FUNDA CELULAR TPU SAMSUNG GALAXY A8 ELECTRO', 0, '233,047891402715', '257,51792', 1, NULL, NULL, '10,5'),
(15568, NULL, 'FUNDA CELULAR TPU MOTOROLA G6 PLUS ELECTRO', 0, '233,047891402715', '257,51792', 1, NULL, NULL, '10,5'),
(15569, NULL, 'FUNDA CELULAR TPU MOTOROLA G6 ELECTRO', 0, '233,047891402715', '257,51792', 1, NULL, NULL, '10,5'),
(15570, NULL, 'UPS FORZA INTERACTIVE 1000VA/500W NT-1002A', 3, '11413,6803619909', '12612,1168', 0, NULL, NULL, '10,5'),
(15571, NULL, 'IMPRESORA TINTA HP MULTIFUNCION 2675 WIFI', 0, '9943,84', '12032,0464', 1, NULL, NULL, '21'),
(15572, NULL, 'MOCHILA PORTA NOTEBOOK 15.6\" TARGUS CITY NEGRA TSB89004', 0, '2203,1867768595', '2665,856', 1, NULL, NULL, '21'),
(15573, NULL, 'TABLETA GRAFICA WACOM INTUOS BASIC PEN S CTL4100', 0, '6909,05209421046', '7634,50256410256', 1, NULL, NULL, '10,5'),
(15574, NULL, 'MOCHILA NOTEBOOK 16\" TARGUS ULTRALIGHT TSB515US', 0, '1818,85992795084', '2200,82051282051', 1, NULL, NULL, '21'),
(15575, NULL, 'MOCHILA PORTA NOTEBOOK 16\" TARGUS TREK TSB193US', 0, '1900,40262767536', '2299,48717948718', 1, NULL, NULL, '21'),
(15576, NULL, 'MOCHILA NOTEBOOK 15.6\" TARGUS SPORT NEGRA/ROJA TSB89103DI', 0, '2203,22776859504', '2665,9056', 1, NULL, NULL, '21'),
(15577, NULL, 'MOCHILA NOTEBOOK 15.6\" TARGUS DRIFTER TREK TSB927US', 0, '6729,62915872007', '8142,85128205128', 1, NULL, NULL, '21'),
(15578, NULL, 'MOCHILA NOTEBOOK 17\" TARGUS STRIKER GAMMER TSB900US', 0, '6640,49162958253', '8034,99487179486', 1, NULL, NULL, '21'),
(15579, NULL, 'MOCHILA NOTEBOOK 15.6\" TARGUS ESSESNTIAL 2 TSB87501', 0, '3180,82380165289', '3848,7968', 1, NULL, NULL, '21'),
(15580, NULL, 'MOCHILA NOTEBOOK 15.6\" TARGUS CAMUFLADA TARBUS89105DI EN BUNDLE VERDE MILITAR', 0, '4147,22909090909', '5018,1472', 1, NULL, NULL, '21'),
(15581, NULL, 'MOCHILA NOTEBOOK 15.6\" TARGUS STRATA CAMUFLADA TSB93601DI', 1, '3161,5894214876', '3825,5232', 0, NULL, NULL, '21'),
(15582, NULL, 'MOCHILA NOTEBOOK 15.6\" TARGUS STRATA GRIS TSB93604GL', 0, '2771,23119304938', '3353,18974358974', 1, NULL, NULL, '21'),
(15583, NULL, 'FILM PROTECTOR GORILLA GLASS HUAWEI HORROR 8 PRO', 400, '80,0146909090909', '96,817776', 0, NULL, NULL, '21'),
(15584, NULL, 'FILM PROTECTOR GORILLA GLASS LENOVO VIVE K5', 670, '80,0146909090909', '96,817776', 0, NULL, NULL, '21'),
(15585, NULL, 'FILM PROTECTOR GORILLA GLASS LG G6', 0, '40,9917355371901', '49,6', 1, NULL, NULL, '21'),
(15586, NULL, 'ADAPTADOR DE AUDIO PLUG MACHO 3.5 A 2 RCA HEMBRA ', 14, '47,4337783428693', '57,3948717948718', 0, NULL, NULL, '21'),
(15587, NULL, 'MONITOR 32\" LED SENTEY MS-3208 IPS 2K5', 0, '31053,0197075652', '37574,1538461539', 1, NULL, NULL, '21'),
(15588, NULL, 'LAMPARA VELADOR LED MULTICOLOR NISUTA BLR16 (RECARGABLE)', 0, '2027,00572155118', '2452,67692307692', 1, NULL, NULL, '21'),
(15589, NULL, 'LAMPARA VELADOR LED MULTIC PLEGABLE NISUTA BLR05 (RECARGABLE)', 0, '1881,51727060818', '2276,6358974359', 1, NULL, NULL, '21'),
(15590, NULL, 'LAMPARA VELADOR LED MULTIC PLEGABLE NISUTA BLR30 (RECARGABLE)', 2, '1465,06049586777', '1772,7232', 0, NULL, NULL, '21'),
(15591, NULL, 'LAMPARA VELADOR LED VERSATIL NISUTA BLR18 (RECARGABLE)', 5, '2914,69884297521', '3526,7856', 0, NULL, NULL, '21'),
(15592, NULL, 'LAMPARA VELADOR LED NISUTA BLR01 (RECARGABLE)', 0, '1023,30154693791', '1238,19487179487', 1, NULL, NULL, '21'),
(15593, NULL, 'LUZ LED SOLAR NISUTA SOL4 (C/SENSOR MOVIMIENTO )', 36, '693,975933884298', '839,71088', 0, NULL, NULL, '21'),
(15594, NULL, 'LUZ LED SOLAR NISUTA SOL5 (C/SENSOR MOVIMIENTO Y LUZ SECUNDARIA )', 32, '2026,99636363636', '2452,6656', 0, NULL, NULL, '21'),
(15595, NULL, 'LUZ LED SOLAR NISUTA SOL7 (C/SENSOR MOVIMIENTO Y LUZ SECUNDARIA)', 2, '1850,60231404959', '2239,2288', 0, NULL, NULL, '21'),
(15596, NULL, 'ADAPTADOR DE HDMI MACHO-HEMBRA 90º ', 0, '69,9849170437405', '77,3333333333333', 1, NULL, NULL, '10,5'),
(15597, NULL, 'SOPORTE PARA TV NISUTA TV70F 32\"-70\" HASTA 45KG', 0, '5259,48717948718', '6363,97948717949', 1, NULL, NULL, '21'),
(15598, NULL, 'SOPORTE PARA TV NISUTA TV100  37\"-100\" HASTA 45KG', 0, '5897,65628311082', '7136,1641025641', 0, NULL, NULL, '21'),
(15599, NULL, 'CARTUCHO GLOBAL TONER HP 287X (18K)', 4, '4760,3305785124', '5760', 0, NULL, NULL, '21'),
(15600, NULL, 'TINTA GLOBAL SUBLIMACION 100CC BLACK', 0, '392,025388429752', '474,35072', 0, NULL, NULL, '21'),
(15601, NULL, 'TINTA GLOBAL SUBLIMACION 100CC CYAN', 0, '392,025388429752', '474,35072', 0, NULL, NULL, '21'),
(15602, NULL, 'TINTA GLOBAL SUBLIMACION 100CC MAGENTA', 1, '392,025388429752', '474,35072', 0, NULL, NULL, '21'),
(15603, NULL, 'TINTA GLOBAL SUBLIMACION 100CC YELLOW', 2, '392,025388429752', '474,35072', 0, NULL, NULL, '21'),
(15604, NULL, 'CABLE UTP NEXXT CAT 5 INTERIOR X METRO', 27, '13,66391184573', '16,5333333333333', 1, NULL, NULL, '21'),
(15605, NULL, 'PLACA DE RED WIFI 300N NEXXT LYNX301 USB', 0, '1136,50794570136', '1255,84128', 1, NULL, NULL, '10,5'),
(15606, NULL, 'AMPLIFICADOR WIFI NEXXT KRONOS 301 300M 2.4GHZ', 0, '2289,68398190045', '2530,1008', 1, NULL, NULL, '10,5'),
(15607, NULL, 'PENDRIVE 16GB 3.0 KINGSTON DT100 G3', 0, '577,605157024793', '698,90224', 1, NULL, NULL, '21'),
(15608, NULL, 'AURICULAR PS4 HYPERX CLOUD ALPHA S BLACK', 0, '16016', '19379,36', 1, NULL, NULL, '21'),
(15609, NULL, 'AURICULAR JBL VINCHA JR300 (IDEAL PARA NIÑOS)', 7, '5204,24330578512', '6297,1344', 0, NULL, NULL, '21'),
(15610, NULL, 'AURICULAR BLUETHOOT JBL VINCHA JR300 (IDEAL PARA NIÑOS)', 0, '4600,66909090909', '5566,8096', 1, NULL, NULL, '21'),
(15611, NULL, 'PROC AMD AM4 RYZEN 7 2700X 3.6GHZ  8C PRISM COOLER RGB', 0, '32218,4108597285', '35601,344', 1, NULL, NULL, '10,5'),
(15612, NULL, 'PARLANTE BLUETHOOTH HARMAN KARDON AURA STUDIO 2', 0, '12663,8016528926', '15323,2', 1, NULL, NULL, '21'),
(15613, NULL, 'AURICULAR HYPERX CLOUD REVOLVER S 7.1', 0, '15719,2991735537', '19020,352', 1, NULL, NULL, '21'),
(15614, NULL, 'ADAPTADOR DE AUDIO NETMAK PLUG 3.5 M (4 CONTACTOS)  A 2 PLUG 3.5 H', 0, '183,417785123967', '221,93552', 0, NULL, NULL, '21'),
(15615, NULL, 'CONVERSOR VGA A RCA Y S/VIDEO NETMAK', 0, '1869,13592760181', '2065,3952', 0, NULL, NULL, '10,5'),
(15616, NULL, 'CONVERSOR DE AUDIO DIGITAL EN ANALOGICO NETMAK', 0, '1147,23286877828', '1267,69232', 1, NULL, NULL, '10,5'),
(15617, NULL, 'CONVERSOR DE VGA+AUDIO  A HDMI 720P NETMAK', 0, '1308,54651239669', '1583,34128', 1, NULL, NULL, '21'),
(15618, NULL, 'CONVERSOR DE HDMI A RCA/AUDIO NETMAK', 0, '1319,30882644628', '1596,36368', 1, NULL, NULL, '21'),
(15619, NULL, 'SWITCH HDMI ELECTRONICO 3 ENTRADAS 1 SALIDA  NETMAK', 0, '482,316742081448', '532,96', 1, NULL, NULL, '10,5'),
(15620, NULL, 'PALANCA LOGITECH PARA G29 Y G920 DRIVE FORCE', 0, '6572,83438016529', '7953,1296', 1, NULL, NULL, '21'),
(15621, NULL, 'TABLET 10\" LENOVO TB-X104F (LED  IPS 10\"- 1GB MEMORIA -16GB DISCO - QUAD CORE)', 0, '21143,5294117647', '23363,6', 1, NULL, NULL, '10,5'),
(15622, NULL, 'FUNDA BRAZALETE NEOPRENE 5.5', 1, '260,633484162896', '288', 0, NULL, NULL, '10,5'),
(15623, NULL, 'CABLE USB TIPO C 1M ', 0, '157,151938970121', '190,153846153846', 0, NULL, NULL, '21'),
(15624, NULL, 'RIÑONERA ANTI HUMEDAD EXELENTE CALIDAD', 5, '430,193757976563', '475,364102564103', 0, NULL, NULL, '10,5'),
(15625, NULL, 'FILM PROTECTOR GORILLA GLASS HUAWEI GW', 0, '80,0146909090909', '96,817776', 1, NULL, NULL, '21'),
(15626, NULL, 'FILM PROTECTOR GORILLA GLASS HUAWEI MATE 10 LITE', 0, '40,9917355371901', '49,6', 1, NULL, NULL, '21'),
(15627, NULL, 'FILM PROTECTOR GORILLA GLASS HUAWEI P SMART', 0, '80,0146909090909', '96,817776', 1, NULL, NULL, '21'),
(15628, NULL, 'FILM PROTECTOR GORILLA GLASS LG G7', 0, '40,9917355371901', '49,6', 1, NULL, NULL, '21'),
(15629, NULL, 'FILM PROTECTOR GORILLA GLASS LG K10 2018', 0, '80,0146909090909', '96,817776', 1, NULL, NULL, '21'),
(15630, NULL, 'FILM PROTECTOR GORILLA GLASS MOTO G6', 0, '39,6694214876033', '48', 1, NULL, NULL, '21'),
(15631, NULL, 'FILM PROTECTOR GORILLA GLASS MOTO G6 PLAY', 0, '40,9917355371901', '49,6', 1, NULL, NULL, '21'),
(15632, NULL, 'FILM PROTECTOR GORILLA GLASS MOTO G6 PLUS', 0, '39,6694214876033', '48', 1, NULL, NULL, '21'),
(15633, NULL, 'FILM PROTECTOR GORILLA GLASS SAMSUNG J2 PRO', 0, '80,0146909090909', '96,817776', 1, NULL, NULL, '21'),
(15634, NULL, 'FUNDA CELULAR TPU MOTOROLA G6 PRO MAX', 0, '233,066327611782', '282,010256410256', 1, NULL, NULL, '21'),
(15635, NULL, 'FUNDA CELULAR TPU MOTOROLA G6 PLUS PRO MAX', 0, '233,066327611782', '282,010256410256', 1, NULL, NULL, '21'),
(15636, NULL, 'FUNDA CELULAR TPU SAMSUNG J7 NEO PRO MAX ', 0, '233,066327611782', '282,010256410256', 1, NULL, NULL, '21'),
(15637, NULL, 'AURICULAR BLUETOOTH 2.0 IN-EAR S9', 1, '1032,13829910663', '1140,51282051282', 1, NULL, NULL, '10,5'),
(15638, NULL, 'AURICULAR UPLAY A30', 0, '586,610975751247', '648,205128205128', 1, NULL, NULL, '10,5'),
(15639, NULL, 'AURICULAR IN-EAR MANOS LIBRES CORDON', 1, '162,746344564526', '196,923076923077', 0, NULL, NULL, '21'),
(15640, NULL, 'AURICULAR BLUETOOTH 4.0 IN-EAR G5', 0, '1032,13829910663', '1140,51282051282', 1, NULL, NULL, '10,5'),
(15641, NULL, 'FILM PROTECTOR GORILLA GLASS SAMSUNG S9 3D', 1, '495,867768595041', '600', 0, NULL, NULL, '21'),
(15642, NULL, 'FILM PROTECTOR GORILLA GLASS SAMSUNG S9 PLUS 3D', 0, '495,867768595041', '600', 1, NULL, NULL, '21'),
(15643, NULL, 'NOTEBOOK LENOVO IP320-14IAP (CELERON N3350 /4GB MEMORIA/DISCO 500GB/LED 14.1\")', 0, '29861,3203387865', '32996,758974359', 1, NULL, NULL, '10,5'),
(15644, NULL, 'RELOJ CELULAR SMARTWATCH SP-1', 0, '8791,9942081448', '9715,1536', 1, NULL, NULL, '10,5'),
(15645, NULL, 'PC ARMADA AMD A10-9700 AM4 (MB A320/8GB RAM DDR4/HD 1TB/HDMI OUT)', 0, '33842,3297366284', '37395,7743589744', 1, NULL, NULL, '10,5'),
(15646, NULL, 'ACCES POINT DIRECCIONAL UBIQUITI AIRMAX POWERBEAM M5 5.8GHZ 400MW PBE-M5-400', 0, '9814,11185520362', '10844,5936', 1, NULL, NULL, '10,5'),
(15647, NULL, 'ROUTER MICROTIK RB750R2-HEX LITE', 0, '5639,11358626291', '6231,22051282051', 1, NULL, NULL, '10,5'),
(15648, NULL, 'PANTALLA NOTEBOOK 14.0 LED (LP140WH4-TL-A1))', 0, '5899,55499046408', '7138,46153846154', 1, NULL, NULL, '21'),
(15649, NULL, 'PANTALLA NOTEBOOK 14.0 SLIM 30P (B140XTN03.9))', 0, '5899,55499046408', '7138,46153846154', 1, NULL, NULL, '21'),
(15650, NULL, 'PANTALLA NOTEBOOK 15.6 SLIM 30P', 0, '5899,55499046408', '7138,46153846154', 1, NULL, NULL, '21'),
(15651, NULL, 'PANTALLA NOTEBOOK 15.6 LED 40P', 0, '5899,55499046408', '7138,46153846154', 1, NULL, NULL, '21'),
(15652, NULL, 'PANTALLA NOTEBOOK 14.0 SLIM 40P (LP140WH2-TL-S1)', 0, '6408,13731722823', '7753,84615384616', 1, NULL, NULL, '21'),
(15653, NULL, 'PANTALLA NOTEBOOK 15.6 SLIM 40P', 0, '6408,13731722823', '7753,84615384616', 1, NULL, NULL, '21'),
(15654, NULL, 'PANTALLA NOTEBOOK 15.6 LCD (LP156WH1- TL-C1)', 0, '6408,13731722823', '7753,84615384616', 1, NULL, NULL, '21'),
(15655, NULL, 'PC INTEL I3 7100 (MBH110M/DDR4 8GB/1TB HD)', 0, '34334,3775379975', '37939,4871794872', 1, NULL, NULL, '10,5'),
(15656, NULL, 'TECLADO REDRAGON KUMARA K552 RGB MECANICO SW BLUE', 6, '6717,48', '7422,82', 0, NULL, NULL, '10,5'),
(15657, NULL, 'MOUSE REDRAGON USB M703 GERBERUS 7200DPI GAMMER', 0, '1175,33820628843', '1298,74871794872', 1, NULL, NULL, '10,5'),
(15658, NULL, 'TABLET 7.85\" CIRKUIT (1GB RAM-16GB HD-GPS-QUAD CORE)', 0, '5034,42946049426', '5563,04455384616', 1, NULL, NULL, '10,5'),
(15659, NULL, 'TV BOX GLOBAL 4K (QUAD  CORE/1GB/8GB/ANDROID 7.0/HDMI/AV OUT)', 7, '4320', '5227,2', 0, NULL, NULL, '21'),
(15660, NULL, 'AURICULAR GENIUS VINCHA GAMING C/MIC HS-G580', 0, '1917,96567069295', '2320,73846153846', 1, NULL, NULL, '21'),
(15661, NULL, 'AURICULAR GENIUS VINCHA GAMING C/MIC HS-G560', 0, '4726,39338842975', '5718,936', 0, NULL, NULL, '21'),
(15662, NULL, 'AURICULAR GENIUS VINCHA GAMING C/MIC HS-G680 USB 7.1', 0, '4840,61877516423', '5857,14871794872', 1, NULL, NULL, '21'),
(15663, NULL, 'LAMPARA TIPO FAROL DE LED SH-5805 (LUZ BLANCA+RGB+GIRATORIO)', 11, '800,020705882353', '884,02288', 0, NULL, NULL, '10,5'),
(15664, NULL, 'ACCES POINT DIRECCIONAL UBIQUITI AIRMAX POWERBEAM 5.8GHZ 400MW PBE-5AC-400-ISO', 0, '13661,872607031', '15096,3692307692', 1, NULL, NULL, '10,5'),
(15665, NULL, 'POE INYECTOR UBIQUITI POE-24-7W ', 2, '841,253289256198', '1017,91648', 0, NULL, NULL, '21'),
(15666, NULL, 'POE INYECTOR UBIQUITI POE-24-5W ', 0, '900,258529349439', '1089,31282051282', 1, NULL, NULL, '21'),
(15667, NULL, 'TABLET 7\" LENOVO TB-7104F (LED  IPS 7\"- 1GB MEMORIA -8GB DISCO - QUAD CORE)', 0, '11832,0839819005', '13074,4528', 1, NULL, NULL, '10,5'),
(15668, NULL, 'FUENTE ATX 650W THERMALTAKE SP FULL MOD RGB BRONCE 80+', 0, '8980,79074380165', '10866,7568', 1, NULL, NULL, '21'),
(15669, NULL, 'FUENTE ATX 750W THERMALTAKE SP FULL MOD RGB BRONCE 80+', 0, '10163,2079338843', '12297,4816', 1, NULL, NULL, '21'),
(15670, NULL, 'FUNDA CELULAR TPU SAMSUNG GALAXY J7 PRIME PRINT NEW', 0, '439,371371900826', '531,63936', 1, NULL, NULL, '21'),
(15671, NULL, 'FUNDA CELULAR TPU SAMSUNG GALAXY A8 2018 PRINT NEW', 0, '439,371371900826', '531,63936', 1, NULL, NULL, '21'),
(15672, NULL, 'FUNDA CELULAR TPU SAMSUNG GALAXY J2 PRIME PRINT NEW', 0, '439,371371900826', '531,63936', 1, NULL, NULL, '21'),
(15673, NULL, 'FUNDA CELULAR TPU SAMSUNG GALAXY J7 NEO PRINT NEW', 0, '439,371371900826', '531,63936', 1, NULL, NULL, '21'),
(15674, NULL, 'FUNDA CELULAR TPU SAMSUNG GALAXY J7 2016 PRINT NEW', 0, '439,371371900826', '531,63936', 1, NULL, NULL, '21'),
(15675, NULL, 'FUNDA CELULAR TPU SAMSUNG GALAXY S9 PRINT NEW', 0, '439,371371900826', '531,63936', 1, NULL, NULL, '21'),
(15676, NULL, 'FUNDA CELULAR TPU SAMSUNG GALAXY S9 PLUS PRINT NEW', 0, '439,371371900826', '531,63936', 1, NULL, NULL, '21'),
(15677, NULL, 'FUNDA CELULAR TPU MOTOROLA G6 PRINT NEW', 0, '439,371371900826', '531,63936', 1, NULL, NULL, '21'),
(15678, NULL, 'FUNDA CELULAR TPU MOTOROLA G6 PLUS PRINT NEW', 0, '439,371371900826', '531,63936', 1, NULL, NULL, '21'),
(15679, NULL, 'FUNDA CELULAR TPU MOTOROLA E4 PLUS PRINT NEW', 0, '439,371371900826', '531,63936', 1, NULL, NULL, '21'),
(15680, NULL, 'FUNDA CELULAR TPU MOTOROLA C PLUS PRINT NEW', 0, '439,371371900826', '531,63936', 1, NULL, NULL, '21'),
(15681, NULL, 'FUNDA CELULAR TPU HUAWEI G6 PRINT NEW', 0, '439,371371900826', '531,63936', 1, NULL, NULL, '21'),
(15682, NULL, 'FUNDA CELULAR TPU HUAWEI MATE 10 LITE PRINT NEW', 9, '439,371371900826', '531,63936', 0, NULL, NULL, '21'),
(15683, NULL, 'DISCO SOLIDO SSD 960GB SATA  KINGSTON A400 ', 0, '12569,0671493213', '13888,8192', 0, NULL, NULL, '10,5'),
(15684, NULL, 'DISCO SOLIDO M.2 500GB SATA III WD BLUE 2280', 0, '13577,7793247477', '15003,4461538462', 1, NULL, NULL, '10,5'),
(15685, NULL, 'DISCO SOLIDO M.2 240GB SATA III KINGSTON UV500', 0, '7200', '7956', 1, NULL, NULL, '10,5'),
(15686, NULL, 'PLACA MADRE GIGABYTE AM4 GA-A320M-S2H (VGA/HDMI/DVI)', 3, '9624,007239819', '10634,528', 0, NULL, NULL, '10,5'),
(15687, NULL, 'FUNDA CELULAR TPU HUAWEI P SMART 3D UV', 0, '205,340297520661', '248,46176', 1, NULL, NULL, '21'),
(15688, NULL, 'FUNDA CELULAR TPU MOTOROLA G6 3D UV', 0, '205,340297520661', '248,46176', 1, NULL, NULL, '21'),
(15689, NULL, 'FUNDA CELULAR TPU MOTOROLA G6 PLAY 3D UV', 0, '205,340297520661', '248,46176', 1, NULL, NULL, '21'),
(15690, NULL, 'FUNDA CELULAR TPU MOTOROLA G6 PLUS 3D UV', 0, '205,340297520661', '248,46176', 1, NULL, NULL, '21'),
(15691, NULL, 'PC INTEL I5 8400 (MB H310/DDR4 8GB/250 SSD/KIT GABINETE)', 0, '44492,3633832232', '49164,0615384616', 1, NULL, NULL, '10,5'),
(15692, NULL, 'CABLE UTP NOGANET CAT 6 INTERIOR X METRO', 132, '29,4687074380165', '35,657136', 0, NULL, NULL, '21'),
(15693, NULL, 'FUNDA CELULAR TPU HUAWEI GW/Y7 3D UV', 0, '205,340297520661', '248,46176', 1, NULL, NULL, '21'),
(15694, NULL, 'FUNDA CELULAR TPU LG K20 PLUS 3D UV', 0, '205,340297520661', '248,46176', 1, NULL, NULL, '21'),
(15695, NULL, 'DISCO SOLIDO SSD 120GB SATA III ADATA', 1, '3200', '3536', 1, NULL, NULL, '10,5'),
(15696, NULL, 'DISCO RIGIDO EXTERNO 1TB USB 3.0 ADATA HV620', 0, '6227,72943496925', '6881,64102564102', 1, NULL, NULL, '10,5'),
(15697, NULL, 'MEMORIA RAM DDR4 SODIMM 4GB 2666MHZ KINGSTON', 0, '3459,1985520362', '3822,4144', 1, NULL, NULL, '10,5'),
(15698, NULL, 'PC GAMMER AMD A10-9700 AM4 (MB A320/8GB RAM DDR4/HD 1TB/HDMI OUT)', 0, '33214,5817380206', '36702,1128205128', 1, NULL, NULL, '10,5'),
(15699, NULL, 'JOYSTICK XBOX 360 WIRELESS DINAX', 0, '3605,42986425339', '3984', 1, NULL, NULL, '10,5'),
(15700, NULL, 'PLACA MADRE GIGABYTE 1151 GA-Z370 AORUS GAMING 5 DDR4', 0, '25019,2551340063', '27646,2769230769', 1, NULL, NULL, '10,5'),
(15701, NULL, 'SEGURIDAD - CABLE 2 RCA + ALIMENTACION DE 20M', 3, '501,2182387748', '553,846153846154', 0, NULL, NULL, '10,5'),
(15702, NULL, 'CABLE USB TIPO C 1M SEISA X1', 0, '137,923173553719', '166,88704', 1, NULL, NULL, '21'),
(15703, NULL, 'CABLE USB TIPO C - TIPO C 3.1 ILUV', 0, '205,340297520661', '248,46176', 1, NULL, NULL, '21'),
(15704, NULL, 'CONVERSOR DE MINI DISPLAYPORT A HDMI HEMBRA ILUV', 0, '1322,31404958678', '1600', 1, NULL, NULL, '21'),
(15705, NULL, 'CABLE HDMI ILUV 1.8M 1.4V 3D/4K/ARC', 0, '205,340297520661', '248,46176', 1, NULL, NULL, '21'),
(15706, NULL, 'FUNDA CELULAR LEATHER CASE HUAWEI P SMART CLASS', 0, '337,203438016529', '408,01616', 1, NULL, NULL, '21'),
(15707, NULL, 'FUNDA CELULAR LEATHER CASE LG K 20 PLUS CLASS', 0, '337,203438016529', '408,01616', 1, NULL, NULL, '21'),
(15708, NULL, 'FUNDA CELULAR LEATHER CASE MOTOROLA E4 PLUS CLASS', 0, '337,203438016529', '408,01616', 1, NULL, NULL, '21'),
(15709, NULL, 'NOTEBOOK BANGHO CLOUD CELERON (INTEL ATOM Z8350 /4GB DDR3/DISCO 32GB/LED 14/WIN 10)', 34, '14708,5755656109', '16252,976', 1, NULL, NULL, '10,5'),
(15710, NULL, 'ESPUMA LIMPIEZA PARA PC NETMAK AEROSOL 440CC', 0, '309,014621741895', '373,907692307693', 1, NULL, NULL, '21'),
(15711, NULL, 'ADAPTADOR DE AUDIO NETMAK PLUG 3.5 (H)  A 2 PLUG 3.5 (M)', 0, '183,377851239669', '221,8872', 1, NULL, NULL, '21'),
(15712, NULL, 'PUERTO BLUETOOTH 4.0 NETMAK MINI NM-BT4', 1, '590,512396694215', '714,52', 0, NULL, NULL, '21'),
(15713, NULL, 'TRANSMISOR Y RECEPTOR DE AUDIO NETMAK BLUETOOTH 2 EN 1', 0, '1497,32633484163', '1654,5456', 1, NULL, NULL, '10,5'),
(15714, NULL, 'FUNDA CELULAR TPU HUAWEI GW SILICONE CASE', 0, '943,03283443555', '1042,05128205128', 1, NULL, NULL, '10,5'),
(15715, NULL, 'FUNDA CELULAR TPU HUAWEI MATE 10 LITE SILICONE CASE', 0, '943,03283443555', '1042,05128205128', 1, NULL, NULL, '10,5'),
(15716, NULL, 'FUNDA CELULAR TPU HUAWEI P SMART SILICONE CASE', 0, '943,03283443555', '1042,05128205128', 1, NULL, NULL, '10,5'),
(15717, NULL, 'FUNDA CELULAR TPU MOTOROLA G6 SILICONE CASE', 0, '943,03283443555', '1042,05128205128', 1, NULL, NULL, '10,5'),
(15718, NULL, 'FUNDA CELULAR TPU MOTOROLA G6 PLAY SILICONE CASE', 0, '943,03283443555', '1042,05128205128', 1, NULL, NULL, '10,5'),
(15719, NULL, 'FUNDA CELULAR TPU MOTOROLA G6 PLUS SILICONE CASE', 0, '943,03283443555', '1042,05128205128', 1, NULL, NULL, '10,5'),
(15720, NULL, 'FUNDA CELULAR TPU SAMSUNG A6 2018 SILICONE CASE', 0, '943,03283443555', '1042,05128205128', 1, NULL, NULL, '10,5'),
(15721, NULL, 'FUNDA CELULAR TPU SAMSUNG A8 SILICONE CASE', 0, '943,03283443555', '1042,05128205128', 1, NULL, NULL, '10,5'),
(15722, NULL, 'FUNDA CELULAR TPU SAMSUNG A8 PLUS SILICONE CASE', 0, '943,03283443555', '1042,05128205128', 1, NULL, NULL, '10,5'),
(15723, NULL, 'FUNDA CELULAR TPU SAMSUNG J2 PRIME SILICONE CASE', 0, '637,10407239819', '704', 1, NULL, NULL, '10,5'),
(15724, NULL, 'FUNDA CELULAR TPU SAMSUNG J7 NEO SILICONE CASE', 0, '943,03283443555', '1042,05128205128', 1, NULL, NULL, '10,5'),
(15725, NULL, 'FUNDA CELULAR TPU XIAOMI A1 SILICONE CASE', 0, '943,03283443555', '1042,05128205128', 1, NULL, NULL, '10,5'),
(15726, NULL, 'CONVERSOR DE TIPO C A HDMI/TIPO C/USB ILUV', 0, '1322,31404958678', '1600', 1, NULL, NULL, '21'),
(15727, NULL, 'PLACA DE RED WIFI DUAL BAND 600N NISUTA NSWIU600N USB', 1, '2622,42751131222', '2897,7824', 0, NULL, NULL, '10,5'),
(15728, NULL, 'AURICULAR ILUV IN-EAR MANOS LIBRES BUBBLE GUM 3', 1, '205,340297520661', '248,46176', 1, NULL, NULL, '21'),
(15729, NULL, 'AURICULAR ILUV IN-EAR PEPPERMINT', 0, '205,340297520661', '248,46176', 1, NULL, NULL, '21'),
(15730, NULL, 'AURICULAR ILUV IN-EAR PARTY ON', 0, '205,340297520661', '248,46176', 1, NULL, NULL, '21'),
(15731, NULL, 'TECLADO BRB G-10 GAMMER RGB', 0, '1292,0292377306', '1427,69230769231', 1, NULL, NULL, '10,5'),
(15732, NULL, 'TECLADO BRB G-15 GAMMER RGB', 0, '1292,0292377306', '1427,69230769231', 1, NULL, NULL, '10,5'),
(15733, NULL, 'TECLADO BRB G-10 KEY GAMMER KEY RGB', 0, '1925,79185520362', '2128', 0, NULL, NULL, '10,5'),
(15734, NULL, 'TECLADO BRB G-15 KEY GAMMER KEY RGB', 0, '1925,79185520362', '2128', 1, NULL, NULL, '10,5'),
(15735, NULL, 'TECLADO BRB G-20 KEY GAMMER KEY RGB', 0, '2620,81447963801', '2896', 1, NULL, NULL, '10,5'),
(15736, NULL, 'COMBO MOUSE Y PAD BRB GAMER 100P', 0, '500', '552,5', 1, NULL, NULL, '10,5'),
(15737, NULL, 'MOUSE + PAD BRB M-200P GAMMER METAL', 0, '955,284835827823', '1055,58974358974', 1, NULL, NULL, '10,5'),
(15738, NULL, 'MOUSE + PAD BRB M-300P GAMMER METAL', 0, '955,284835827823', '1055,58974358974', 1, NULL, NULL, '10,5'),
(15739, NULL, 'GABINETE KIT BRB LB-110 (C/TEC Y MOUSE/SIN FUENTE)', 0, '6400', '7072', 1, NULL, NULL, '10,5'),
(15740, NULL, 'GABINETE KIT BRB LB-140 (C/TEC Y MOUSE/SIN FUENTE)', 1, '7200,00868778281', '7956,0096', 1, NULL, NULL, '10,5'),
(15741, NULL, 'CONVERSOR DE MINI DISPLAYPORT A DVI NISUTA', 7, '1438,91402714932', '1590', 0, NULL, NULL, '10,5'),
(15742, NULL, 'CONVERSOR DE DISPLAYPORT A VGA HEMBRA NISUTA NSDPVGBL', 0, '1570,45864253394', '1735,3568', 0, NULL, NULL, '10,5'),
(15743, NULL, 'CABLE AUDIO ADAPTADOR  PLUG-HEMBRA A 2 RCA-MACHO NISUTA', 1, '261,740429752066', '316,70592', 0, NULL, NULL, '21'),
(15744, NULL, 'FUNDA Y TECLADO TABLET 9 Y 10.1\" NISUTA NSFNTE910', 1, '1437,82790950226', '1588,79984', 1, NULL, NULL, '10,5'),
(15745, NULL, 'TABLET 7\" PHILIPS TLE732/77 (1GB RAM/8GB HD/QUAD DUAL CORE INTEL)', 3, '4711,26580809839', '5205,94871794872', 1, NULL, NULL, '10,5'),
(15746, NULL, 'TABLET 7\" AOC A731 (1GB MEMORIA- 8GB DISCO-QC INTEL -ANDROID 6.0- LED IPC)', 0, '4020,69194334019', '4442,86459739091', 1, NULL, NULL, '10,5'),
(15747, NULL, 'NOTEBOOK LENOVO IP320-14IKB (INTEL I7/4GB MEMORIA/DISCO 2TB/LED 14.1\")', 0, '74462,5780252929', '82281,1487179487', 1, NULL, NULL, '10,5'),
(15748, NULL, 'IMPRESORA TINTA EPSON MULTIFUNCION L4150 C/SISTEMA CONTINUO', 0, '26843,1867768595', '32480,256', 1, NULL, NULL, '21'),
(15749, NULL, 'AURICULAR NOGANET BLUETOOTH VINCHA NG-BT469', 0, '1660,71746606335', '1835,0928', 1, NULL, NULL, '10,5'),
(15750, NULL, 'NOTEBOOK BGH B1554F (CORE I5-6200U/4GB DDR4/HD 500GB/BT/LED 14\")', 0, '48246,1538461538', '53312', 1, NULL, NULL, '10,5'),
(15751, NULL, 'NOTEBOOK BGH B1714F (CORE I7-6200U/4GB DDR4/HD 1TB/BT/LED 14\")', 1, '71649,9269056736', '79173,1692307693', 1, NULL, NULL, '10,5'),
(15752, NULL, 'NOTEBOOK LENOVO V330 (INTEL I7 8550U/4GB MEMORIA/SSD 256GB/LED 15.6\")', 0, '75076,9230769231', '82960', 1, NULL, NULL, '10,5'),
(15753, NULL, 'AMPLIFICADOR WIFI NEXXT KRONOS 1200-AC DUAL BAND', 0, '4923,25502262443', '5440,1968', 1, NULL, NULL, '10,5'),
(15754, NULL, 'ROUTER WIRELESS 300N NEXXT NEBULA NYX300 2 ANTENAS', 0, '1918,4', '2119,832', 0, NULL, NULL, '10,5'),
(15755, NULL, 'TECLADO SEISA BLUETOOTH MINI FZ-BT12', 0, '3040,02027149321', '3359,2224', 1, NULL, NULL, '10,5'),
(15756, NULL, 'CABLE USB A MICRO V8 WEST 1M 2.4A ', 0, '156,745073108709', '189,661538461538', 1, NULL, NULL, '21'),
(15757, NULL, 'CABLE USB TIPO C 1M 2.4A WEST', 1, '156,745073108709', '189,661538461538', 0, NULL, NULL, '21'),
(15758, NULL, 'CABLE USB IPHONE 6 WEST 1M 2.4A', 0, '156,74507310871', '189,661538461539', 0, NULL, NULL, '21'),
(15759, NULL, 'CABLE USB IPHONE 6 WEST ALLOY 1M 2.4A', 0, '397,779190506463', '481,312820512821', 1, NULL, NULL, '21'),
(15760, NULL, 'CABLE USB TIPO C 1M 2.4A WEST ALLOY ', 0, '397,779190506463', '481,312820512821', 0, NULL, NULL, '21'),
(15761, NULL, 'CABLE USB A MICRO V8 WEST ALLOY 1M 2.4A ', 1, '397,779190506463', '481,312820512821', 0, NULL, NULL, '21'),
(15762, NULL, 'CABLE USB A MICRO V8 WEST BUNGEE 1M 2.4A ', 0, '335,630430175885', '406,112820512821', 1, NULL, NULL, '21'),
(15763, NULL, 'CABLE USB TIPO C 1M 2.4A WEST BUNGEE', 0, '335,630430175885', '406,112820512821', 1, NULL, NULL, '21'),
(15764, NULL, 'CABLE USB IPHONE 6 WEST BUNGEE 1M 2.4A', 0, '335,630430175885', '406,112820512821', 1, NULL, NULL, '21'),
(15765, NULL, 'CABLE USB IPHONE 6 WEST VOXON 1M 2.4A', 0, '261,970756516212', '316,984615384616', 1, NULL, NULL, '21'),
(15766, NULL, 'CABLE USB TIPO C 1M 2.4A WEST VOXON', 0, '261,970756516211', '316,984615384615', 1, NULL, NULL, '21'),
(15767, NULL, 'CABLE USB A MICRO V8 WEST VOXON 1M 2.4A ', 0, '395,43973553719', '478,48208', 0, NULL, NULL, '21'),
(15768, NULL, 'CABLE USB A MICRO USB WEST IMANTADO 1M 2.4A ', 1, '795,065734265735', '962,029538461539', 0, NULL, NULL, '21'),
(15769, NULL, 'CABLE USB IPHONE 6 WEST IMANTADO 1M 2.4A', 0, '795,065734265735', '962,029538461539', 1, NULL, NULL, '21'),
(15770, NULL, 'SOPORTE CELELULAR PARA AUTO CON SOPAPA', 1, '115,244755244755', '139,446153846154', 0, NULL, NULL, '21'),
(15771, NULL, 'TRIPODE PARA CAMARA GORILLA CON GANCHO', 4, '189,023098114007', '228,717948717949', 0, NULL, NULL, '21'),
(15772, NULL, 'MOUSE LOGITECH INALAMBRICO G305 BLACK ', 0, '4261,79619909502', '4709,2848', 1, NULL, NULL, '10,5'),
(15773, NULL, 'MOUSE LOGITECH INALAMBRICO G603 LIGHTSPEED ', 0, '6124,80723981901', '6767,912', 1, NULL, NULL, '10,5'),
(15774, NULL, 'FUENTE 220V A USB 2A INOVA TURBO (CON CABLE V8)', 0, '519,781936651584', '574,35904', 0, NULL, NULL, '10,5'),
(15775, NULL, 'CABLE USB A MICRO V8 INOVA 1M LED RGB', 0, '150,229338283637', '166,003418803419', 0, NULL, NULL, '10,5'),
(15776, NULL, 'CABLE USB A MICRO V8 INOVA 1M', 0, '51,9781877247941', '57,4358974358974', 0, NULL, NULL, '10,5'),
(15777, NULL, 'FILM PROTECTOR GORILLA GLASS SAMSUNG A6 2018', 0, '80,0146909090909', '96,817776', 1, NULL, NULL, '21'),
(15778, NULL, 'FILM PROTECTOR GORILLA GLASS SAMSUNG A6 PLUS 2018', 0, '40,9917355371901', '49,6', 1, NULL, NULL, '21'),
(15779, NULL, 'FILM PROTECTOR GORILLA GLASS SAMSUNG J4 2018 3D', 22, '371,272769462815', '410,25641025641', 0, NULL, NULL, '10,5'),
(15780, NULL, 'FILM PROTECTOR GORILLA GLASS SAMSUNG J6 2018', 139, '94,4510148760331', '114,285728', 0, NULL, NULL, '21'),
(15781, NULL, 'FILM PROTECTOR GORILLA GLASS XIAOMI A1', 0, '198,347133884298', '240,000032', 1, NULL, NULL, '21'),
(15782, NULL, 'FILM PROTECTOR GORILLA GLASS XIAOMI A2', 0, '198,347133884298', '240,000032', 1, NULL, NULL, '21'),
(15783, NULL, 'FILM PROTECTOR GORILLA GLASS XIAOMI REDMI NOTE 5', 0, '80,0146909090909', '96,817776', 1, NULL, NULL, '21'),
(15784, NULL, 'FILM PROTECTOR GORILLA GLASS IPHONE 8 CAMARA + FLASH', 0, '102,699724517906', '124,266666666667', 1, NULL, NULL, '21'),
(15785, NULL, 'FILM PROTECTOR GORILLA GLASS IPHONE 8 PLUS CAMARA + FLASH', 0, '102,699724517906', '124,266666666667', 1, NULL, NULL, '21'),
(15786, NULL, 'FILM PROTECTOR GORILLA GLASS SAMSUNG S8 EDGE CAMARA + FLASH', 0, '102,699724517906', '124,266666666667', 1, NULL, NULL, '21'),
(15787, NULL, 'FILM PROTECTOR GORILLA GLASS SAMSUNG S7 EDGE CAMARA + FLASH', 0, '102,699724517906', '124,266666666667', 1, NULL, NULL, '21'),
(15788, NULL, 'FILM PROTECTOR GORILLA GLASS SAMSUNG S8 CAMARA + FLASH', 0, '102,699724517906', '124,266666666667', 1, NULL, NULL, '21'),
(15789, NULL, 'FILM PROTECTOR GORILLA GLASS MOTO M', 0, '80,0146909090909', '96,817776', 1, NULL, NULL, '21'),
(15790, NULL, 'FILM PROTECTOR GORILLA GLASS HUAWEI Y5 CAIRO', 0, '80,0146909090909', '96,817776', 1, NULL, NULL, '21'),
(15791, NULL, 'FILM PROTECTOR GORILLA GLASS MOTO E5 ', 0, '94,4510148760331', '114,285728', 1, NULL, NULL, '21'),
(15792, NULL, 'FILM PROTECTOR GORILLA GLASS HUAWEI P20', 0, '40,9917355371901', '49,6', 1, NULL, NULL, '21'),
(15793, NULL, 'CARTUCHO GLOBAL TONER HP 17A SIN CHIP', 0, '648,448661157025', '784,62288', 0, NULL, NULL, '21'),
(15794, NULL, 'CARTUCHO GLOBAL TONER HP 230A CON CHIP', 8, '1759,75801652893', '2129,3072', 0, NULL, NULL, '21'),
(15795, NULL, 'PENDRIVE 128GB 3.1 KINGSTON DT50', 0, '6156,38906547997', '7449,23076923077', 1, NULL, NULL, '21'),
(15796, NULL, 'PENDRIVE 32GB 3.0 KINGSTON DT100 G3', 0, '875,10294214876', '1058,87456', 1, NULL, NULL, '21'),
(15797, NULL, 'PENDRIVE 32GB 3.1 KINGSTON DT50 METALICO', 1, '821,752066115703', '994,32', 1, NULL, NULL, '21'),
(15798, NULL, 'PENDRIVE 64GB 3.1 KINGSTON DT50 METALICO', 0, '1322,31404958678', '1600', 1, NULL, NULL, '21'),
(15799, NULL, 'AURICULAR SENTEY IN-EAR LS-4205 SPORT', 0, '2415,59652468743', '2922,87179487179', 0, NULL, NULL, '21'),
(15800, NULL, 'AURICULAR SENTEY IN-EAR LS-4217', 0, '1255,89319771138', '1519,63076923077', 1, NULL, NULL, '21'),
(15801, NULL, 'AURICULAR SENTEY IN-EAR LS-4215', 0, '1255,89319771138', '1519,63076923077', 1, NULL, NULL, '21'),
(15802, NULL, 'AURICULAR SENTEY VINCHA LS-4421/2', 1, '3454,42678533588', '4179,85641025642', 0, NULL, NULL, '21'),
(15803, NULL, 'AURICULAR SENTEY VINCHA LS-4230', 1, '2397,59271031999', '2901,08717948718', 1, NULL, NULL, '21'),
(15804, NULL, 'TECLADO SENTEY GAMING TECHNUS GS-5750 RGB', 0, '2224', '2457,52', 1, NULL, NULL, '10,5'),
(15805, NULL, 'TECLADO SENTEY GAMING STRONX GS-5755 RETROILUMINADO', 1, '3152,40283095487', '3483,40512820513', 0, NULL, NULL, '10,5');
INSERT INTO `productos` (`pro_codigo`, `pro_cod_bar`, `descripcion`, `stock_actual`, `precio_costo`, `precio_neto`, `baja`, `fkIdFabricante`, `fkIdProveedor`, `iva`) VALUES
(15806, NULL, 'TECLADO SENTEY GAMING QUADRANT GS-5730 RETROILUMINADO', 0, '1755,86030862049', '1940,22564102564', 1, NULL, NULL, '10,5'),
(15807, NULL, 'TECLADO SENTEY GAMING LUXE GS-5745 RETROILUMINADO', 0, '1755,86030862049', '1940,22564102564', 1, NULL, NULL, '10,5'),
(15808, NULL, 'TECLADO SENTEY GAMING FOSTER GS-5735 RETROILUMINADO', 0, '1755,8603086205', '1940,22564102565', 1, NULL, NULL, '10,5'),
(15809, NULL, 'TECLADO SENTEY GAMING ACRYLIC GS-5720 RGB', 0, '1927,992760181', '2130,432', 1, NULL, NULL, '10,5'),
(15810, NULL, 'TECLADO SENTEY KIT GAMING BRAIN GS-5800 RETROILUMINADO', 0, '2453,33333333333', '2710,93333333333', 1, NULL, NULL, '10,5'),
(15811, NULL, 'TECLADO SENTEY KIT INALAMBRICO MAX200W', 0, '1600', '1768', 1, NULL, NULL, '10,5'),
(15812, NULL, 'MOUSE SENTEY GAMING ZONER GS-3313 RGB', 0, '2150,57085972851', '2376,3808', 1, NULL, NULL, '10,5'),
(15813, NULL, 'MOUSE SENTEY GAMING LAYON GS-3312 RGB', 0, '1397,0865520362', '1543,78064', 1, NULL, NULL, '10,5'),
(15814, NULL, 'MOUSE SENTEY GAMING GRYD GS-3311 RGB', 0, '1136,00014479638', '1255,28016', 1, NULL, NULL, '10,5'),
(15815, NULL, 'MOUSE SENTEY GAMING GALACTIK GS-3300 RETROILUMINADO', 0, '784,88007239819', '867,29248', 1, NULL, NULL, '10,5'),
(15816, NULL, 'VIDEO PCI-E GT 740 2GB DDR5', 0, '9919,9985520362', '10961,5984', 1, NULL, NULL, '10,5'),
(15817, NULL, 'PC LENOVO THINKCENTRE M710S (I3 7100/4GB DDR4/DISCO 1TB/W10)', 0, '93936,4288200486', '103799,753846154', 1, NULL, NULL, '10,5'),
(15818, NULL, 'FUNDA CELULAR TPU SAMSUNG J7 NEO UNICORNIO POP SOCKET', 0, '334,145492516533', '369,230769230769', 1, NULL, NULL, '10,5'),
(15819, NULL, 'FUNDA CELULAR TPU SAMSUNG J7 2016 UNICORNIO POP SOCKET', 0, '334,145492516533', '369,230769230769', 1, NULL, NULL, '10,5'),
(15820, NULL, 'FUNDA CELULAR TPU SAMSUNG J1 ACE UNICORNIO POP SOCKET', 0, '334,145492516533', '369,230769230769', 1, NULL, NULL, '10,5'),
(15821, NULL, 'FUNDA CELULAR TPU SAMSUNG J5 PRIME UNICORNIO POP SOCKET', 0, '334,145492516533', '369,230769230769', 1, NULL, NULL, '10,5'),
(15822, NULL, 'FUNDA CELULAR TPU SAMSUNG J2 PRIME UNICORNIO POP SOCKET', 0, '334,145492516533', '369,230769230769', 1, NULL, NULL, '10,5'),
(15823, NULL, 'FUNDA CELULAR TPU SAMSUNG J7 PRIME UNICORNIO POP SOCKET', 0, '334,145492516533', '369,230769230769', 1, NULL, NULL, '10,5'),
(15824, NULL, 'FUNDA CELULAR TPU SAMSUNG J7 PRIME NIRVANA', 0, '204,200023204548', '225,641025641026', 1, NULL, NULL, '10,5'),
(15825, NULL, 'FUNDA CELULAR TPU SAMSUNG J7 2016 NIRVANA', 0, '204,200023204548', '225,641025641026', 1, NULL, NULL, '10,5'),
(15826, NULL, 'FUNDA CELULAR TPU SAMSUNG J7 NEO NIRVANA', 0, '204,200023204548', '225,641025641026', 1, NULL, NULL, '10,5'),
(15827, NULL, 'FUNDA CELULAR TPU SAMSUNG J1 ACE NIRVANA', 4, '204,200023204548', '225,641025641026', 0, NULL, NULL, '10,5'),
(15828, NULL, 'FUNDA CELULAR TPU SAMSUNG J2 PRIME NIRVANA', 0, '204,200023204548', '225,641025641026', 1, NULL, NULL, '10,5'),
(15829, NULL, 'FUNDA CELULAR TPU SAMSUNG J5 PRIME NIRVANA', 0, '204,200023204548', '225,641025641026', 1, NULL, NULL, '10,5'),
(15830, NULL, 'FUNDA CELULAR TPU MOTOROLA G5 PLUS NIRVANA', 0, '204,200023204548', '225,641025641026', 1, NULL, NULL, '10,5'),
(15831, NULL, 'FUNDA CELULAR TPU SAMSUNG J7 NEO UNICORNIO', 0, '259,89093862397', '287,179487179487', 1, NULL, NULL, '10,5'),
(15832, NULL, 'FUNDA CELULAR TPU SAMSUNG J7 PRIME UNICORNIO', 0, '259,89093862397', '287,179487179487', 0, NULL, NULL, '10,5'),
(15833, NULL, 'FUNDA CELULAR TPU SAMSUNG J7 2016 UNICORNIO', 0, '259,89093862397', '287,179487179487', 1, NULL, NULL, '10,5'),
(15834, NULL, 'FUNDA CELULAR TPU SAMSUNG J5 PRIME UNICORNIO', 0, '259,89093862397', '287,179487179487', 1, NULL, NULL, '10,5'),
(15835, NULL, 'FUNDA CELULAR TPU SAMSUNG J2 PRIME UNICORNIO', 0, '259,89093862397', '287,179487179487', 1, NULL, NULL, '10,5'),
(15836, NULL, 'FUNDA CELULAR TPU SAMSUNG J1 ACE UNICORNIO', 0, '259,89093862397', '287,179487179487', 1, NULL, NULL, '10,5'),
(15837, NULL, 'FUNDA CELULAR TPU SAMSUNG J5 PRIME ESPEJADO POMPON', 0, '315,581854043392', '348,717948717949', 1, NULL, NULL, '10,5'),
(15838, NULL, 'FUNDA CELULAR TPU SAMSUNG J7 PRIME ESPEJADO POMPON', 0, '315,581854043392', '348,717948717949', 1, NULL, NULL, '10,5'),
(15839, NULL, 'FUNDA CELULAR TPU SAMSUNG J7 2016 ESPEJADO POMPON', 1, '315,581854043392', '348,717948717949', 0, NULL, NULL, '10,5'),
(15840, NULL, 'FUNDA CELULAR TPU SAMSUNG J7 NEO ESPEJADO POMPON', 0, '315,581854043392', '348,717948717949', 1, NULL, NULL, '10,5'),
(15841, NULL, 'PC AMD QC5000 (AMD QUAD CORE/4GB MEMORIA DDR3/128GB DISCO SOLIDO )', 0, '21310,8342035039', '23548,4717948718', 1, NULL, NULL, '10,5'),
(15842, NULL, 'TRIPODE PARA PARLANTES KOLKE KVT129 12/15\"', 0, '1811,32033057851', '2191,6976', 1, NULL, NULL, '21'),
(15843, NULL, 'AURICULAR PHILIPS IN-EAR SHE-1405', 0, '883,337123966942', '1068,83792', 1, NULL, NULL, '21'),
(15844, NULL, 'TRIPODE PARA CAMARA WEIFENG WT-330A', 0, '1796,14280991736', '2173,3328', 1, NULL, NULL, '21'),
(15845, NULL, 'MICROFONO INALAMBRICO PRO BASS VF-112 X 2 MIC', 0, '5993,84615384615', '7252,55384615384', 1, NULL, NULL, '21'),
(15846, NULL, 'MICROFONO TRUST CON BASE 21672', 0, '2642,69548633185', '3197,66153846154', 1, NULL, NULL, '21'),
(15847, NULL, 'AURICULAR BKT H75 SPARTAN GAMMER (C/MIC) PLAY 4', 0, '1886,77262131807', '2282,99487179486', 1, NULL, NULL, '21'),
(15848, NULL, 'AURICULAR TRUST IN-EAR GXT304 IN-GAME PARA PLAYSTATION 4 (C/MIC)', 0, '1360,62725153634', '1646,35897435898', 0, NULL, NULL, '21'),
(15849, NULL, 'AURICULAR PHILIPS VINCHA SHL-5000', 0, '1589,25223140496', '1922,9952', 1, NULL, NULL, '21'),
(15850, NULL, 'CARGADOR USB MICRO SONY CARGA RAPIDO 5V.3AMP 2 SALIDAS 15W', 0, '1964,51834710744', '2377,0672', 1, NULL, NULL, '21'),
(15851, NULL, 'MONO PIE PARA CAMARA VGO MP-42 1.45MTS', 1, '1495,40156812884', '1809,4358974359', 0, NULL, NULL, '21'),
(15852, NULL, 'FILM PROTECTOR GORILLA GLASS HUAWEI P20 PRO', 10, '40,9917355371901', '49,6', 0, NULL, NULL, '21'),
(15853, NULL, 'JOYSTICK BLUETOOTH PS4 NETMAK NM-2075', 0, '4382,13212669683', '4842,256', 1, NULL, NULL, '10,5'),
(15854, NULL, 'PAPEL FOTO GLOBAL A4 MICROPOROSO 120GR AUTOADHESIVO (PACK 10 HOJAS)', 1, '438,465851239669', '530,54368', 0, NULL, NULL, '21'),
(15855, NULL, 'AURICULAR NETMAK VINCHA PLEGABLE M.LIBRES HS01', 0, '508,005933460479', '614,687179487179', 1, NULL, NULL, '21'),
(15856, NULL, 'LECTOR DE CODIGO BARRA LASER NETMAK LC401', 0, '2821,23583710407', '3117,4656', 1, NULL, NULL, '10,5'),
(15857, NULL, 'LECTOR DE CODIGO BARRA LASER NETMAK LC401-S C/BASE', 0, '3463,26588235294', '3826,9088', 1, NULL, NULL, '10,5'),
(15858, NULL, 'LECTOR DE CODIGO BARRA LASER NETMAK LC502 C/BASE INALAMBRICO ', 0, '4091,29411764706', '4520,88', 1, NULL, NULL, '10,5'),
(15859, NULL, 'FUNDA CELULAR TPU MOTOROLA G6 CLIP CASE', 0, '431,989828353465', '522,707692307692', 1, NULL, NULL, '21'),
(15860, NULL, 'FUNDA CELULAR TPU SAMSUNG GALAXY J7 NEO CLIP CASE', 0, '431,989828353465', '522,707692307692', 1, NULL, NULL, '21'),
(15861, NULL, 'AURICULAR IN-EAR WEST HF050 SUPER BASS', 0, '539,402446280992', '652,67696', 1, NULL, NULL, '21'),
(15862, NULL, 'AURICULAR IN-EAR WEST HF040 SPORTING', 0, '445,00958677686', '538,4616', 1, NULL, NULL, '21'),
(15863, NULL, 'PARLANTE PORTATIL BLUETOOTH WEST MAX SOUND', 0, '2150,86280991736', '2602,544', 1, NULL, NULL, '21'),
(15864, NULL, 'PARLANTE PORTATIL BLUETOOTH WEST MEGA BASS', 0, '1923,45785123967', '2327,384', 1, NULL, NULL, '21'),
(15865, NULL, 'PARLANTE PORTATIL BLUETOOTH WEST SPACE 360', 0, '2080,0678109769', '2516,88205128205', 1, NULL, NULL, '21'),
(15866, NULL, 'TECLADO REDRAGON MITRA K551 RGB MECANICO ESPAÑOL ', 1, '7933,88452488688', '8766,9424', 0, NULL, NULL, '10,5'),
(15867, NULL, 'TECLADO REDRAGON KUMARA K552 MECANICO (SINGLE COLOR)', 1, '6094,47963800905', '6734,4', 0, NULL, NULL, '10,5'),
(15868, NULL, 'AURICULAR REDRAGON IN-EAR E200 THUNDER PRO GAMMER (C/MIC)', 1, '2966,17917355372', '3589,0768', 1, NULL, NULL, '21'),
(15869, NULL, 'SILLA GAMMER NOGANET KRATOS', 1, '20676,9190082645', '25019,072', 1, NULL, NULL, '21'),
(15870, NULL, 'BASE PARA NOTEBOOK NOGANET NG-Z007 C/COOLER', 0, '1024', '1239,04', 1, NULL, NULL, '21'),
(15871, NULL, 'COOLER PARA NOTEBOOK NOGANET NG-Z019 C/COOLER', 0, '1283,88985123967', '1553,50672', 1, NULL, NULL, '21'),
(15872, NULL, 'BASE PARA NOTEBOOK NOGANET NG-Z025 C/COOLER', 0, '2141,53846153846', '2591,26153846154', 1, NULL, NULL, '21'),
(15873, NULL, 'BASE PARA NOTEBOOK NOGANET NG-Z031 C/COOLER', 0, '2239,01487603306', '2709,208', 1, NULL, NULL, '21'),
(15874, NULL, 'BASE PARA NOTEBOOK NOGANET NG-Z033 C/COOLER', 0, '1371,89685950413', '1659,9952', 1, NULL, NULL, '21'),
(15875, NULL, 'BASE PARA NOTEBOOK NOGANET NG-Z035 C/COOLER', 0, '2112,0079338843', '2555,5296', 1, NULL, NULL, '21'),
(15876, NULL, 'FUNDA CELULAR LEATHER CASE MOTOROLA G6 CLASS', 0, '337,203438016529', '408,01616', 1, NULL, NULL, '21'),
(15877, NULL, 'FUNDA CELULAR LEATHER CASE SAMSUNG J2 PRIME CLASS', 0, '337,203438016529', '408,01616', 1, NULL, NULL, '21'),
(15878, NULL, 'FUNDA CELULAR TPU MOTOROLA E5 3D UV', 0, '205,340297520661', '248,46176', 1, NULL, NULL, '21'),
(15879, NULL, 'FUNDA CELULAR TPU MOTOROLA E5 PLUS 3D UV', 0, '205,340297520661', '248,46176', 1, NULL, NULL, '21'),
(15880, NULL, 'FUNDA CELULAR TPU LG G6 PRO MAX', 12, '246,323373596101', '298,051282051282', 0, NULL, NULL, '21'),
(15881, NULL, 'PLACA DE RED 10/100MBPS NISUTA NSPC1003', 0, '762,074486599373', '842,092307692308', 1, NULL, NULL, '10,5'),
(15882, NULL, 'SOPORTE PARA CAMARA DEPORTIVA PARABRISAS NISUTA', 0, '889,103623649078', '1075,81538461538', 0, NULL, NULL, '21'),
(15883, NULL, 'RASTREADOR DE CABLES MULTIFUNCION VIRU VIRU NISUTA', 1, '3969,20292377306', '4385,96923076923', 0, NULL, NULL, '10,5'),
(15884, NULL, 'CABLE HDMI NISUTA 1.5MTS 2.0V CONECTOR DORADO 2160P 4KX2K', 0, '640,088198347107', '774,50672', 1, NULL, NULL, '21'),
(15885, NULL, 'CABLE HDMI NISUTA 3MTS 2.0V DORADO 2160P 4KX2K', 2, '955,175801652893', '1155,76272', 0, NULL, NULL, '21'),
(15886, NULL, 'CABLE HDMI - MICRO HDMI NISUTA 1.5MTS 1.4V 4K', 0, '793,863106590379', '960,574358974358', 1, NULL, NULL, '21'),
(15887, NULL, 'FUNDA CELULAR LEATHER CASE MOTOROLA G6 PLAY CLASS', 5, '337,203438016529', '408,01616', 0, NULL, NULL, '21'),
(15888, NULL, 'FUNDA CELULAR LEATHER CASE MOTOROLA G6 PLUS CLASS', 0, '337,203438016529', '408,01616', 1, NULL, NULL, '21'),
(15889, NULL, 'CABLE DISPLAYPORT A HDMI NISUTA 1.8M ', 0, '1794,5732231405', '2171,4336', 1, NULL, NULL, '21'),
(15890, NULL, 'CABLE DISPLAYPORT MINI  A HDMI NISUTA 1.8M ', 2, '1584,96925619835', '1917,8128', 0, NULL, NULL, '21'),
(15891, NULL, 'CABLE AUDIO PLUG-M/PLUG-M 3.5\" 4 SECCIONES  1.M NISUTA', 51, '274,823537190083', '332,53648', 0, NULL, NULL, '21'),
(15892, NULL, 'CABLE AUDIO EXTENSION  PLUG 3.5\" 4 SECCIONES 1M NISUTA', 12, '274,450115702479', '332,08464', 0, NULL, NULL, '21'),
(15893, NULL, 'CARGADOR USB PORTATIL 24000MAH DASH', 2, '253,761220597584', '307,051076923077', 1, NULL, NULL, '21'),
(15894, NULL, 'CARGADOR USB PORTATIL 18000MAH + IPHONE DASH', 0, '1986,51917779191', '2403,68820512821', 1, NULL, NULL, '21'),
(15895, NULL, 'CARGADOR USB PORTATIL 4500MAH + LINTERNA DASH', 0, '871,503623649078', '1054,51938461538', 1, NULL, NULL, '21'),
(15896, NULL, 'TABLETA GRAFICA WACOM CINTIQ PRO', 0, '163556,793131453', '180730,256410256', 1, NULL, NULL, '10,5'),
(15897, NULL, 'ROUTER WIFI 150N 4G TP-LINK TL-MR3420 (4 LAN)', 0, '5046,15384615385', '5576', 1, NULL, NULL, '10,5'),
(15898, NULL, 'AURICULAR HYPERX CLOUD X STINGER (CERTIF.XBOX)', 4, '6035,08760330579', '7302,456', 0, NULL, NULL, '21'),
(15899, NULL, 'PROC INTEL 1151 (KABY LAKE) CORE I7 7700 4.2GHZ 8MB', 0, '52171,8436013459', '57649,8871794872', 1, NULL, NULL, '10,5'),
(15900, NULL, 'MOUSE GENIUS USB OPTICO DX-120 G5 BLANCO', 1, '427,204488687783', '472,06096', 0, NULL, NULL, '10,5'),
(15901, NULL, 'AURICULAR BLUETOOTH ENERGY VINCHA HEADPHONES 3', 6, '2067,69190082645', '2501,9072', 1, NULL, NULL, '21'),
(15902, NULL, 'AURICULAR BLUETOOTH ENERGY EARPHONES 1', 0, '1033,84621487603', '1250,95392', 1, NULL, NULL, '21'),
(15903, NULL, 'PARLANTE BLUETOOTH ENERGY MUSIC BOX B3', 1, '1819,81090909091', '2201,9712', 1, NULL, NULL, '21'),
(15904, NULL, 'FUNDA CELULAR IPHONE 8 SILICONE CASE ', 12, '723,981900452489', '800', 0, NULL, NULL, '10,5'),
(15905, NULL, 'FUNDA CELULAR IPHONE 8 PLUS SILICONE CASE ', 19, '723,981900452489', '800', 0, NULL, NULL, '10,5'),
(15906, NULL, 'FUNDA CELULAR TPU SAMSUNG S8 SILICONE CASE', 14, '943,03283443555', '1042,05128205128', 0, NULL, NULL, '10,5'),
(15907, NULL, 'FUNDA CELULAR TPU SAMSUNG S8 PLUS SILICONE CASE', 7, '943,03283443555', '1042,05128205128', 0, NULL, NULL, '10,5'),
(15908, NULL, 'FUNDA CELULAR TPU SAMSUNG J7 PRIME SILICONE CASE', 0, '943,03283443555', '1042,05128205128', 1, NULL, NULL, '10,5'),
(15909, NULL, 'PENDRIVE 16GB 3.1 ADATA AUV128', 1, '205,340297520661', '248,46176', 1, NULL, NULL, '21'),
(15910, NULL, 'FUNDA CELULAR TPU SAMSUNG GALAXY J1 ACE SHINE', 3, '129,945469311985', '143,589743589744', 0, NULL, NULL, '10,5'),
(15911, NULL, 'FUNDA CELULAR TPU SAMSUNG GALAXY J7 2017 SHINE', 6, '129,945469311985', '143,589743589744', 0, NULL, NULL, '10,5'),
(15912, NULL, 'FUNDA CELULAR TPU IPHONE 6 SHINE', 0, '129,945469311985', '143,589743589744', 1, NULL, NULL, '10,5'),
(15913, NULL, 'FUNDA CELULAR TPU IPHONE 7 PLUS SHINE', 0, '129,945469311985', '143,589743589744', 1, NULL, NULL, '10,5'),
(15914, NULL, 'FUNDA CELULAR TPU SAMSUNG J7 2016 MUÑEQUITOS', 0, '167,072746258267', '184,615384615385', 1, NULL, NULL, '10,5'),
(15915, NULL, 'FUNDA CELULAR TPU MOTOROLA E4 PLUS MUÑEQUITOS', 0, '167,072746258267', '184,615384615385', 1, NULL, NULL, '10,5'),
(15916, NULL, 'FUNDA CELULAR TPU MOTOROLA G5S PLUS MUÑEQUITOS', 0, '167,072746258267', '184,615384615385', 1, NULL, NULL, '10,5'),
(15917, NULL, 'FUNDA CELULAR TPU LG K4 2017 MUÑEQUITOS', 0, '167,072746258267', '184,615384615385', 1, NULL, NULL, '10,5'),
(15918, NULL, 'FUNDA CELULAR TPU LG K8 2017 MUÑEQUITOS', 0, '167,072746258267', '184,615384615385', 1, NULL, NULL, '10,5'),
(15919, NULL, 'FUNDA CELULAR TPU LG K10 2017 MUÑEQUITOS', 0, '167,072746258267', '184,615384615385', 1, NULL, NULL, '10,5'),
(15920, NULL, 'PENDRIVE 32GB 3.1 ADATA UV128', 0, '624,015867768595', '755,0592', 1, NULL, NULL, '21'),
(15921, NULL, 'FUNDA CELULAR TPU SAMSUNG GALAXY J2 PRIME PIEL', 0, '445,527323355378', '492,307692307692', 1, NULL, NULL, '10,5'),
(15922, NULL, 'FUNDA CELULAR TPU SAMSUNG GALAXY J7 PRIME PIEL', 0, '445,527323355378', '492,307692307692', 1, NULL, NULL, '10,5'),
(15923, NULL, 'FUNDA CELULAR TPU SAMSUNG GALAXY J7 2016 PIEL', 0, '445,527323355378', '492,307692307692', 1, NULL, NULL, '10,5'),
(15924, NULL, 'FUNDA CELULAR TPU SAMSUNG GALAXY J7 NEO PIEL', 0, '445,527323355378', '492,307692307692', 1, NULL, NULL, '10,5'),
(15925, NULL, 'FUNDA CELULAR TPU IPHONE 6 PIEL', 0, '445,527323355378', '492,307692307692', 1, NULL, NULL, '10,5'),
(15926, NULL, 'FUNDA CELULAR TPU IPHONE 7 PIEL', 0, '445,527323355378', '492,307692307692', 1, NULL, NULL, '10,5'),
(15927, NULL, 'FUNDA CELULAR TPU IPHONE 7 PLUS PIEL', 0, '445,527323355378', '492,307692307692', 1, NULL, NULL, '10,5'),
(15928, NULL, 'FUNDA CELULAR TPU IPHONE 6 PLUS PIEL', 0, '445,527323355378', '492,307692307692', 1, NULL, NULL, '10,5'),
(15929, NULL, 'IMPRESORA TINTA EPSON MULTIFUNCION L3110 C/SISTEMA CONTINUO', 0, '25772,8', '31185,088', 1, NULL, NULL, '21'),
(15930, NULL, 'FUNDA CELULAR IPHONE X SILICONE CASE ', 42, '723,981900452489', '800', 0, NULL, NULL, '10,5'),
(15931, NULL, 'FUNDA CELULAR TPU SAMSUNG S9 SILICONE CASE', 0, '943,03283443555', '1042,05128205128', 1, NULL, NULL, '10,5'),
(15932, NULL, 'FUNDA CELULAR TPU SAMSUNG S9 PLUS SILICONE CASE', 0, '943,03283443555', '1042,05128205128', 1, NULL, NULL, '10,5'),
(15933, NULL, 'FUNDA CELULAR LEATHER CASE MOTOROLA G6 PLAY LISO ', 0, '508,825225683408', '615,678523076923', 1, NULL, NULL, '21'),
(15934, NULL, 'FUNDA CELULAR LEATHER CASE HUAWEY P20 LITE LISO ', 0, '508,825225683408', '615,678523076923', 1, NULL, NULL, '21'),
(15935, NULL, 'FUNDA CELULAR LEATHER CASE HUAWEY P20 PRO LISO ', 0, '508,825225683408', '615,678523076923', 1, NULL, NULL, '21'),
(15936, NULL, 'FUNDA CELULAR TPU SAMSUNG GALAXY J2 PRIME MANDALA', 0, '237,338419156601', '287,179487179487', 1, NULL, NULL, '21'),
(15937, NULL, 'FUNDA CELULAR TPU SAMSUNG GALAXY J7 2016 MANDALA', 0, '237,338419156601', '287,179487179487', 1, NULL, NULL, '21'),
(15938, NULL, 'FUNDA CELULAR TPU SAMSUNG GALAXY J7 PRIME MANDALA', 0, '237,338419156601', '287,179487179487', 1, NULL, NULL, '21'),
(15939, NULL, 'FUNDA CELULAR TPU SAMSUNG GALAXY J7 2016 SPINER', 0, '237,3384191566', '287,179487179486', 1, NULL, NULL, '21'),
(15940, NULL, 'FUNDA CELULAR TPU SAMSUNG GALAXY J1 MINI SHINE', 1, '129,945469311985', '143,589743589744', 0, NULL, NULL, '10,5'),
(15941, NULL, 'FUNDA CELULAR TPU IPHONE 7 SHINE', 0, '129,945469311985', '143,589743589744', 1, NULL, NULL, '10,5'),
(15942, NULL, 'FUNDA CELULAR TPU MOTOROLA G4 PLUS SHINE', 0, '129,945469311985', '143,589743589744', 1, NULL, NULL, '10,5'),
(15943, NULL, 'FUNDA CELULAR TPU LG G4 SHINE', 0, '129,945469311985', '143,589743589744', 1, NULL, NULL, '10,5'),
(15944, NULL, 'FUNDA CELULAR TPU SAMSUNG J7 2017 MUÑEQUITOS', 15, '167,072746258267', '184,615384615385', 0, NULL, NULL, '10,5'),
(15945, NULL, 'FUNDA CELULAR TPU SAMSUNG J1 MINI PRIME MUÑEQUITOS', 4, '167,072746258267', '184,615384615385', 0, NULL, NULL, '10,5'),
(15946, NULL, 'FUNDA CELULAR TPU MOTOROLA G5 PLUS MUÑEQUITOS', 0, '167,072746258267', '184,615384615385', 1, NULL, NULL, '10,5'),
(15947, NULL, 'FUNDA CELULAR TPU MOTOROLA G5S MUÑEQUITOS', 0, '167,072746258267', '184,615384615385', 1, NULL, NULL, '10,5'),
(15948, NULL, 'FUNDA CELULAR TPU MOTOROLA E4 PLUS MUÑEQUITOS', 0, '167,072746258267', '184,615384615385', 1, NULL, NULL, '10,5'),
(15949, NULL, 'FUNDA CELULAR TPU MOTOROLA G5 PRIS MUÑEQUITOS', 0, '167,072746258267', '184,615384615385', 1, NULL, NULL, '10,5'),
(15950, NULL, 'FUNDA CELULAR TPU MOTOROLA G5 PRIUS MUÑEQUITOS', 0, '167,072746258267', '184,615384615385', 1, NULL, NULL, '10,5'),
(15951, NULL, 'FUNDA CELULAR TPU IPHONE 7 PLUS MUÑEQUITOS', 0, '167,072746258267', '184,615384615385', 1, NULL, NULL, '10,5'),
(15952, NULL, 'FUNDA CELULAR TPU HUAWEI P SMART PRINT 3D NEW', 0, '439,371371900826', '531,63936', 1, NULL, NULL, '21'),
(15953, NULL, 'FUNDA CELULAR TPU MOTOROLA E5 PRINT 3D NEW', 0, '439,371371900826', '531,63936', 1, NULL, NULL, '21'),
(15954, NULL, 'FUNDA CELULAR TPU MOTOROLA E5 PLUS PRINT 3D NEW', 0, '439,371371900826', '531,63936', 1, NULL, NULL, '21'),
(15955, NULL, 'FUNDA CELULAR TPU MOTOROLA G6 PLAY PRINT 3D NEW', 0, '439,371371900826', '531,63936', 1, NULL, NULL, '21'),
(15956, NULL, 'FUNDA CELULAR TPU SAMSUNG J2 PRIME PRINT 3D NEW', 0, '439,371371900826', '531,63936', 1, NULL, NULL, '21'),
(15957, NULL, 'FUNDA CELULAR TPU SAMSUNG J7 PRIME PRINT 3D NEW', 0, '439,371371900826', '531,63936', 1, NULL, NULL, '21'),
(15958, NULL, 'FUNDA CELULAR TPU SAMSUNG J7 2016 PRINT 3D NEW', 0, '439,371371900826', '531,63936', 1, NULL, NULL, '21'),
(15959, NULL, 'FUNDA CELULAR TPU SAMSUNG J7 NEO PRINT 3D NEW', 0, '439,371371900826', '531,63936', 1, NULL, NULL, '21'),
(15960, NULL, 'FUNDA CELULAR TPU SAMSUNG J7 NEO PRINT 3D BRILLO', 0, '305,149396058487', '369,230769230769', 1, NULL, NULL, '21'),
(15961, NULL, 'FUNDA CELULAR TPU SAMSUNG J7 PRIME PRINT 3D BRILLO', 0, '305,149396058487', '369,230769230769', 1, NULL, NULL, '21'),
(15962, NULL, 'FUNDA CELULAR TPU SAMSUNG J7 2016 PRINT 3D BRILLO', 0, '305,149396058487', '369,230769230769', 1, NULL, NULL, '21'),
(15963, NULL, 'FUNDA CELULAR TPU SAMSUNG J2 PRIME PRINT 3D BRILLO', 0, '305,149396058487', '369,230769230769', 1, NULL, NULL, '21'),
(15964, NULL, 'FUNDA CELULAR TPU MOTOROLA E5 PRINT 3D BRILLO', 0, '305,149396058487', '369,230769230769', 1, NULL, NULL, '21'),
(15965, NULL, 'FUNDA CELULAR TPU MOTOROLA G6 PRINT 3D BRILLO', 0, '305,149396058487', '369,230769230769', 1, NULL, NULL, '21'),
(15966, NULL, 'FUNDA CELULAR TPU MOTOROLA G6 PLAY PRINT 3D BRILLO', 0, '305,149396058487', '369,23076923077', 1, NULL, NULL, '21'),
(15967, NULL, 'FUNDA CELULAR TPU MOTOROLA G6 PLUS PRINT 3D BRILLO', 0, '305,149396058487', '369,230769230769', 1, NULL, NULL, '21'),
(15968, NULL, 'FUNDA CELULAR TPU MOTOROLA E5 PLUS PRINT 3D BRILLO', 0, '305,149396058487', '369,230769230769', 1, NULL, NULL, '21'),
(15969, NULL, 'FUNDA CELULAR TPU HUAWEI P SMART PRINT 3D BRILLO', 0, '305,149396058487', '369,230769230769', 1, NULL, NULL, '21'),
(15970, NULL, 'VENTILADOR USB NETMAK METALICO', 1, '531,918545454545', '643,62144', 0, NULL, NULL, '21'),
(15971, NULL, 'PARLANTE BLUETOOTH UGRAND PORTATIL EXTREME', 0, '4356,85526594617', '5271,79487179486', 1, NULL, NULL, '21'),
(15972, NULL, 'PARLANTE BLUETOOTH UGRAND PORTATIL X-91', 2, '2727,35749099385', '3300,10256410256', 0, NULL, NULL, '21'),
(15973, NULL, 'PARLANTE BLUETOOTH UGRAND PORTATIL BOOST TV', 0, '5834,28692519602', '7059,48717948718', 1, NULL, NULL, '21'),
(15974, NULL, 'PARLANTE BLUETOOTH UGRAND PORTATIL MINI BOOMBOX', 0, '4299,21593557957', '5202,05128205128', 1, NULL, NULL, '21'),
(15975, NULL, 'AURICULAR BLUETOOTH UGRAND VINCHA BT-1610', 0, '2338,12248357703', '2829,12820512821', 1, NULL, NULL, '21'),
(15976, NULL, 'FILM PROTECTOR GORILLA GLASS HUAWEI GW METAL', 0, '80,0146909090909', '96,817776', 1, NULL, NULL, '21'),
(15977, NULL, 'FILM PROTECTOR GORILLA GLASS SAMSUNG A8 PLUS 2018', 0, '40,9917355371901', '49,6', 1, NULL, NULL, '21'),
(15978, NULL, 'FILM PROTECTOR GORILLA GLASS MOTO E5 PLUS', 0, '76,6942148760331', '92,8', 1, NULL, NULL, '21'),
(15979, NULL, 'GABINETE THERMALTAKE VERSA J21 TEMPERED GLASS', 0, '8027,23619909502', '8870,096', 1, NULL, NULL, '10,5'),
(15980, NULL, 'GABINETE THERMALTAKE V200 TEMPERED GLASS RGB 3FAN', 0, '11200', '12376', 0, NULL, NULL, '10,5'),
(15981, NULL, 'FILM PROTECTOR GORILLA GLASS IPAD 2', 0, '132,231404958678', '160', 1, NULL, NULL, '21'),
(15982, NULL, 'FILM PROTECTOR GORILLA GLASS IPAD 3', 0, '132,231404958678', '160', 1, NULL, NULL, '21'),
(15983, NULL, 'FILM PROTECTOR GORILLA GLASS IPAD AIR 3', 0, '132,231404958678', '160', 1, NULL, NULL, '21'),
(15984, NULL, 'FILM PROTECTOR GORILLA GLASS IPAD 9.7 2017', 0, '132,231404958678', '160', 1, NULL, NULL, '21'),
(15985, NULL, 'FILM PROTECTOR GORILLA GLASS HUAWEI P20 PLUS', 0, '40,9917355371901', '49,6', 1, NULL, NULL, '21'),
(15986, NULL, 'FILM PROTECTOR GORILLA GLASS SONY XPERIA XZ1', 0, '80,0146909090909', '96,817776', 1, NULL, NULL, '21'),
(15987, NULL, 'FILM PROTECTOR GORILLA GLASS SAMSUNG J4 ', 0, '80,0146909090909', '96,817776', 1, NULL, NULL, '21'),
(15988, NULL, 'FILM PROTECTOR GORILLA GLASS SAMSUNG J4 2018', 0, '80,0146909090909', '96,817776', 1, NULL, NULL, '21'),
(15989, NULL, 'SOPORTE CELULAR PARA BICICLETA IPHONE 7 PLUS KW7P ONSET', 3, '949,682776859504', '1149,11616', 0, NULL, NULL, '21'),
(15990, NULL, 'SOPORTE PARA TABLET ONSET X300 (PARA APOYA CABEZA DE AUTO)', 0, '1628,65013774105', '1970,66666666667', 1, NULL, NULL, '21'),
(15991, NULL, 'FUENTE 12V 15A SWITCHING METALICA ', 0, '3507,86183513456', '4244,51282051282', 1, NULL, NULL, '21'),
(15992, NULL, 'FUENTE 12V 10A SWITCHING METALICA ', 0, '2369,75630430176', '2867,40512820513', 1, NULL, NULL, '21'),
(15993, NULL, 'FUENTE 12V 5A SWITCHING METALICA ', 0, '1787,42954015681', '2162,78974358974', 0, NULL, NULL, '21'),
(15994, NULL, 'FUENTE 24V 3A SWITCHING METALICA', 2, '1978,01229073956', '2393,39487179487', 0, NULL, NULL, '21'),
(15995, NULL, 'FUNDA CELULAR TPU HUAWEI Y7 2018 FISH', 0, '343,222208094935', '415,298871794872', 1, NULL, NULL, '21'),
(15996, NULL, 'FUNDA CELULAR TPU HUAWEI Y7 FISH', 0, '343,222208094935', '415,298871794872', 1, NULL, NULL, '21'),
(15997, NULL, 'FUNDA CELULAR TPU MOTOROLA E5 FISH', 0, '343,222208094935', '415,298871794872', 1, NULL, NULL, '21'),
(15998, NULL, 'FUNDA CELULAR TPU MOTOROLA G6 FISH', 0, '343,222208094935', '415,298871794872', 1, NULL, NULL, '21'),
(15999, NULL, 'FUNDA CELULAR TPU MOTOROLA G6 PLUS FISH', 0, '343,222208094935', '415,298871794872', 1, NULL, NULL, '21'),
(16000, NULL, 'FUNDA CELULAR TPU MOTOROLA G6 PLAY FISH', 0, '343,222208094936', '415,298871794872', 1, NULL, NULL, '21');

-- --------------------------------------------------------

--
-- Estructura de tabla para la tabla `proveedores`
--

CREATE TABLE `proveedores` (
  `id_proveedor` int(11) NOT NULL,
  `obs` varchar(255) DEFAULT NULL,
  `email` varchar(255) DEFAULT NULL,
  `razon_social` varchar(255) NOT NULL,
  `telefono_1` varchar(255) NOT NULL,
  `telefono_2` varchar(255) DEFAULT NULL,
  `direccion` varchar(255) NOT NULL,
  `habilitado` tinyint(1) NOT NULL
) ENGINE=InnoDB DEFAULT CHARSET=utf8mb4;

-- --------------------------------------------------------

--
-- Estructura de tabla para la tabla `tarjetas`
--

CREATE TABLE `tarjetas` (
  `id_tarjeta` int(11) NOT NULL,
  `descripcion` varchar(255) DEFAULT NULL,
  `alta` datetime DEFAULT NULL,
  `activo` tinyint(1) DEFAULT NULL,
  `id_tipo_tarjeta` int(11) DEFAULT NULL,
  `id_entidad_financiera` int(11) DEFAULT NULL,
  `arancel` double DEFAULT NULL,
  `id_marca` int(11) DEFAULT NULL
) ENGINE=InnoDB DEFAULT CHARSET=utf8mb4;

--
-- Volcado de datos para la tabla `tarjetas`
--

INSERT INTO `tarjetas` (`id_tarjeta`, `descripcion`, `alta`, `activo`, `id_tipo_tarjeta`, `id_entidad_financiera`, `arancel`, `id_marca`) VALUES
(25, 'Tarjeta Naranja X', '2022-11-15 10:51:17', 1, 1, 2, 0, 6),
(26, 'Tarjeta Naranja X', '2022-11-15 10:51:30', 1, 2, 2, 0, 8),
(27, 'Tarjeta Naranja X', '2022-11-15 10:51:53', 1, 2, 2, 0, 6),
(28, 'Tarjeta Tuya', '2022-11-16 12:40:58', 1, 2, 1, 0, 7);

-- --------------------------------------------------------

--
-- Estructura de tabla para la tabla `tipos_cheques`
--

CREATE TABLE `tipos_cheques` (
  `id_tipo_cheque` int(11) NOT NULL,
  `descripcion` varchar(255) DEFAULT NULL
) ENGINE=InnoDB DEFAULT CHARSET=utf8mb4;

-- --------------------------------------------------------

--
-- Estructura de tabla para la tabla `tipos_clientes`
--

CREATE TABLE `tipos_clientes` (
  `id_tipo_cliente` int(11) NOT NULL,
  `tipo_cliente` varchar(255) NOT NULL,
  `habilitado` tinyint(1) NOT NULL
) ENGINE=InnoDB DEFAULT CHARSET=utf8mb4;

--
-- Volcado de datos para la tabla `tipos_clientes`
--

INSERT INTO `tipos_clientes` (`id_tipo_cliente`, `tipo_cliente`, `habilitado`) VALUES
(1, 'MINORISTAS', 1),
(2, 'MAYORISTAS', 1),
(3, 'CREDITO PERSONAL', 1),
(4, 'MERCADOLIBRE', 1),
(5, 'GREMIO', 1),
(6, 'SUCURSALES', 1);

-- --------------------------------------------------------

--
-- Estructura de tabla para la tabla `tipos_documentos`
--

CREATE TABLE `tipos_documentos` (
  `id_tipo_documento` int(11) NOT NULL,
  `tipo_documento` varchar(255) NOT NULL
) ENGINE=InnoDB DEFAULT CHARSET=utf8mb4;

--
-- Volcado de datos para la tabla `tipos_documentos`
--

INSERT INTO `tipos_documentos` (`id_tipo_documento`, `tipo_documento`) VALUES
(1, 'D.N.I'),
(2, 'L.C.'),
(3, 'L.E.'),
(4, 'C.I.'),
(5, 'CUIT'),
(6, 'CUIL');

-- --------------------------------------------------------

--
-- Estructura de tabla para la tabla `tipos_entidades_financieras`
--

CREATE TABLE `tipos_entidades_financieras` (
  `id_tipo_entidad` int(11) NOT NULL,
  `descripcion` varchar(255) DEFAULT NULL,
  `activo` tinyint(1) DEFAULT NULL
) ENGINE=InnoDB DEFAULT CHARSET=utf8mb4;

--
-- Volcado de datos para la tabla `tipos_entidades_financieras`
--

INSERT INTO `tipos_entidades_financieras` (`id_tipo_entidad`, `descripcion`, `activo`) VALUES
(1, 'Emisor', 1),
(2, 'Receptor', 1),
(3, 'Emisor + Receptor', 1);

-- --------------------------------------------------------

--
-- Estructura de tabla para la tabla `tipos_facturas`
--

CREATE TABLE `tipos_facturas` (
  `id_tipo_factura` int(11) NOT NULL,
  `tipo_factura` varchar(255) NOT NULL,
  `cod_tipo_factura` varchar(255) NOT NULL
) ENGINE=InnoDB DEFAULT CHARSET=utf8mb4;

--
-- Volcado de datos para la tabla `tipos_facturas`
--

INSERT INTO `tipos_facturas` (`id_tipo_factura`, `tipo_factura`, `cod_tipo_factura`) VALUES
(1, 'Factura A', 'FA'),
(2, 'Factura B', 'FB'),
(3, 'Nota de Débito A', 'NDA'),
(4, 'Nota de Débito B', 'NDB'),
(5, 'Nota de Crédito A', 'NCA'),
(6, 'Nota de Crédito B', 'NCB');

-- --------------------------------------------------------

--
-- Estructura de tabla para la tabla `tipos_iva`
--

CREATE TABLE `tipos_iva` (
  `iva_codigo` int(11) NOT NULL,
  `descripcion` varchar(255) NOT NULL
) ENGINE=InnoDB DEFAULT CHARSET=utf8mb4;

--
-- Volcado de datos para la tabla `tipos_iva`
--

INSERT INTO `tipos_iva` (`iva_codigo`, `descripcion`) VALUES
(1, 'Responsable Inscripto\r\n'),
(2, 'Responsable no Inscripto'),
(3, 'Exento'),
(4, 'No Responsable'),
(5, 'Consumidor Final'),
(6, 'Monotributista'),
(7, 'Sujeto no Categorizado');

-- --------------------------------------------------------

--
-- Estructura de tabla para la tabla `tipos_pagos`
--

CREATE TABLE `tipos_pagos` (
  `id_tipo_pago` int(11) NOT NULL,
  `nombre` varchar(255) NOT NULL,
  `porcentaje` double NOT NULL,
  `defecto` tinyint(1) DEFAULT NULL,
  `cuotas` int(11) DEFAULT NULL
) ENGINE=InnoDB DEFAULT CHARSET=utf8mb4;

--
-- Volcado de datos para la tabla `tipos_pagos`
--

INSERT INTO `tipos_pagos` (`id_tipo_pago`, `nombre`, `porcentaje`, `defecto`, `cuotas`) VALUES
(1, 'Efectivo/Debito', 0, 1, 1),
(2, 'Tarjeta Visa/Master 6 Cuotas', 33, 0, 6),
(3, 'Tarjeta Visa/Master 12 Cuotas ', 67, 0, 12),
(6, 'Tarjeta Naranja 6 Cuotas', 22, 0, 6),
(7, 'Tarjeta Naranja 12 Cuotas', 35, 0, 12),
(8, 'Tarjeta Cabal 6 Cuotas ', 33, 0, 6),
(9, 'Tarjeta Cabal 12 Cuotas', 67, 0, 12),
(10, 'Tarjeta Amex 3 Cuotas ', 24, 0, 3),
(11, 'Tarjeta Naranja PLAN Z', 0, 0, 3),
(12, 'Tarjeta Visa/Master/Cabal 3 Cuotas', 19, 0, 3),
(16, 'Tarjeta TUYA 12 Cuotas', 44, 0, 12),
(17, 'Tarjeta TUYA 6 Cuotas', 23, 0, 6),
(20, 'Mercadopago Promos', 8, 0, 1),
(23, 'Tarjeta TUYA 3 Cuotas ', 13, 0, 3),
(24, 'Ahora 12 ', 45, 0, 12),
(25, 'Ahora 18', 73, 0, 18),
(27, 'Tarjeta TUYA 18 Cuotas', 15, 0, 18),
(29, 'Tarjeta Tuya NBCH 10 Cuotas', 37, 0, 10),
(31, 'Costo Financiacion a 30 Dias', 7, 0, 1),
(33, 'Tarjeta Visa/Master/Cabal/Amex 1 Cuota', 0, 0, 1),
(36, 'Tarjeta TUYA 5 Cuotas ', 0, 0, 5),
(37, 'Tarjeta Naranja 9 Cuotas', 45, 0, 9),
(38, 'Tarjeta Naranja 14 Cuotas', 60, 0, 14),
(39, 'Tarjeta Visa/Master/Cabal/Amex 2 Cuotas ', 0, 0, 2);

-- --------------------------------------------------------

--
-- Estructura de tabla para la tabla `tipos_pagos_lista_precios`
--

CREATE TABLE `tipos_pagos_lista_precios` (
  `id_tipo_pago_lista_precio` int(11) NOT NULL,
  `fkIdListaPrecio` int(11) DEFAULT NULL,
  `fkIdListaTipoPago` int(11) DEFAULT NULL
) ENGINE=InnoDB DEFAULT CHARSET=utf8mb4;

--
-- Volcado de datos para la tabla `tipos_pagos_lista_precios`
--

INSERT INTO `tipos_pagos_lista_precios` (`id_tipo_pago_lista_precio`, `fkIdListaPrecio`, `fkIdListaTipoPago`) VALUES
(77, 12, 29),
(79, 12, 20),
(80, 12, 25),
(81, 12, 24),
(83, 2, 1),
(84, 4, 1),
(85, 6, 1),
(86, 8, 1),
(87, 9, 1),
(88, 12, 1),
(89, 13, 1),
(90, 12, 2),
(91, 12, 3),
(92, 12, 6),
(93, 12, 7),
(94, 12, 8),
(95, 12, 17),
(96, 12, 23),
(97, 12, 12),
(98, 12, 10),
(99, 1, 39),
(100, 12, 11),
(101, 12, 9),
(102, 12, 16),
(103, 12, 38),
(104, 12, 37),
(105, 12, 33);

-- --------------------------------------------------------

--
-- Estructura de tabla para la tabla `tipos_tarjetas`
--

CREATE TABLE `tipos_tarjetas` (
  `id_tipo_tarjeta` int(11) NOT NULL,
  `descripcion` varchar(255) DEFAULT NULL,
  `activo` tinyint(1) NOT NULL
) ENGINE=InnoDB DEFAULT CHARSET=utf8mb4;

--
-- Volcado de datos para la tabla `tipos_tarjetas`
--

INSERT INTO `tipos_tarjetas` (`id_tipo_tarjeta`, `descripcion`, `activo`) VALUES
(1, 'Débito', 1),
(2, 'Crédito', 1);

-- --------------------------------------------------------

--
-- Estructura de tabla para la tabla `transferencias`
--

CREATE TABLE `transferencias` (
  `id_transferencia` int(11) NOT NULL,
  `num_interno` varchar(255) DEFAULT NULL,
  `importe` double DEFAULT NULL,
  `fecha` datetime DEFAULT NULL,
  `id_cliente` int(11) DEFAULT NULL,
  `id_entidad_financiera` int(11) DEFAULT NULL,
  `id_medio_pago` int(11) DEFAULT NULL
) ENGINE=InnoDB DEFAULT CHARSET=utf8mb4;

-- --------------------------------------------------------

--
-- Estructura de tabla para la tabla `ventas`
--

CREATE TABLE `ventas` (
  `id_venta` int(11) NOT NULL,
  `fecha` datetime DEFAULT NULL,
  `id_comprobante` int(11) DEFAULT NULL
) ENGINE=InnoDB DEFAULT CHARSET=utf8mb4;

--
-- Volcado de datos para la tabla `ventas`
--

INSERT INTO `ventas` (`id_venta`, `fecha`, `id_comprobante`) VALUES
(68, '2022-11-16 12:06:34', 316),
(69, '2022-11-16 12:11:24', 317);

--
-- Índices para tablas volcadas
--

--
-- Indices de la tabla `categorias`
--
ALTER TABLE `categorias`
  ADD PRIMARY KEY (`id_categoria`);

--
-- Indices de la tabla `categorias_productos`
--
ALTER TABLE `categorias_productos`
  ADD PRIMARY KEY (`id_categoria_producto`),
  ADD KEY `fkIdCategoria` (`fkIdCategoria`),
  ADD KEY `fkIdProducto` (`fkIdProducto`);

--
-- Indices de la tabla `cheques`
--
ALTER TABLE `cheques`
  ADD PRIMARY KEY (`id_cheque`),
  ADD KEY `id_tipo_cheque` (`id_tipo_cheque`),
  ADD KEY `fkcliente` (`id_cliente`),
  ADD KEY `fkentidadfinanciera` (`id_entidad_financiera`);

--
-- Indices de la tabla `clientes`
--
ALTER TABLE `clientes`
  ADD PRIMARY KEY (`cli_codigo`),
  ADD KEY `fkIdTipoDocumento` (`fkIdTipoDocumento`),
  ADD KEY `fkIdTipoCliente` (`fkIdTipoCliente`),
  ADD KEY `iva_codigo` (`iva_codigo`),
  ADD KEY `id_lista_precio` (`id_lista_precio`);

--
-- Indices de la tabla `comprobantes`
--
ALTER TABLE `comprobantes`
  ADD PRIMARY KEY (`id_comprobante`),
  ADD KEY `id_cuenta_corriente` (`id_cuenta_corriente`);

--
-- Indices de la tabla `comprobantes_facturas`
--
ALTER TABLE `comprobantes_facturas`
  ADD PRIMARY KEY (`id_comprobante_factura`),
  ADD KEY `fk_factura` (`fk_factura`),
  ADD KEY `fkcomprobante` (`fk_comprobante`);

--
-- Indices de la tabla `condiciones_ventas`
--
ALTER TABLE `condiciones_ventas`
  ADD PRIMARY KEY (`id_condicion_venta`);

--
-- Indices de la tabla `creditos_personales`
--
ALTER TABLE `creditos_personales`
  ADD PRIMARY KEY (`id_credito_personal`),
  ADD KEY `cliente_id` (`id_cliente`),
  ADD KEY `medio_pago_id` (`id_medio_pago`);

--
-- Indices de la tabla `cuentas_corrientes`
--
ALTER TABLE `cuentas_corrientes`
  ADD PRIMARY KEY (`id_cuenta_corriente`),
  ADD KEY `fkidclicodigo` (`fkidclicodigo`);

--
-- Indices de la tabla `cupones_tarjetas`
--
ALTER TABLE `cupones_tarjetas`
  ADD PRIMARY KEY (`id_cupon_tarjeta`),
  ADD KEY `fkidcliente` (`id_cliente`),
  ADD KEY `fkidtarjeta` (`id_tarjeta`),
  ADD KEY `fkidentidadfinanciera` (`id_entidad_financiera`),
  ADD KEY `fkidplan` (`id_plan_pago`);

--
-- Indices de la tabla `entidades_financieras`
--
ALTER TABLE `entidades_financieras`
  ADD PRIMARY KEY (`id_entidad_financiera`),
  ADD KEY `id_tipo_entidad` (`id_tipo_entidad`);

--
-- Indices de la tabla `fabricantes`
--
ALTER TABLE `fabricantes`
  ADD PRIMARY KEY (`id_fabricante`);

--
-- Indices de la tabla `facturas`
--
ALTER TABLE `facturas`
  ADD PRIMARY KEY (`id_factura`),
  ADD KEY `fk_cuenta_corriente` (`fk_cuenta_corriente`),
  ADD KEY `fk_tipo_factura` (`fk_tipo_factura`);

--
-- Indices de la tabla `facturas_items`
--
ALTER TABLE `facturas_items`
  ADD PRIMARY KEY (`id`),
  ADD KEY `factura_id` (`factura_id`),
  ADD KEY `lista_producto_id` (`fkProCodigo`);

--
-- Indices de la tabla `gateways_pagos`
--
ALTER TABLE `gateways_pagos`
  ADD PRIMARY KEY (`id_gateway_pago`),
  ADD KEY `id_medio_pago` (`id_medio_pago`);

--
-- Indices de la tabla `lista_precios`
--
ALTER TABLE `lista_precios`
  ADD PRIMARY KEY (`id_lista_precio`);

--
-- Indices de la tabla `lista_precios_clientes`
--
ALTER TABLE `lista_precios_clientes`
  ADD PRIMARY KEY (`id_lista_precio_cliente`);

--
-- Indices de la tabla `lista_productos`
--
ALTER TABLE `lista_productos`
  ADD PRIMARY KEY (`id_lista_producto`),
  ADD KEY `fkIdListaPrecioProducto` (`fkIdListaPrecioProducto`),
  ADD KEY `fkIdProductoLista` (`fkIdProductoLista`);

--
-- Indices de la tabla `marcas_tarjetas`
--
ALTER TABLE `marcas_tarjetas`
  ADD PRIMARY KEY (`id_marca`);

--
-- Indices de la tabla `medios_pagos`
--
ALTER TABLE `medios_pagos`
  ADD PRIMARY KEY (`id_medio_pago`);

--
-- Indices de la tabla `pagos`
--
ALTER TABLE `pagos`
  ADD PRIMARY KEY (`id`),
  ADD KEY `id_factura` (`id_factura`);

--
-- Indices de la tabla `pagos_ventas`
--
ALTER TABLE `pagos_ventas`
  ADD PRIMARY KEY (`id_pago_venta`),
  ADD KEY `fk_venta` (`fk_venta`),
  ADD KEY `fk_pago` (`fk_pago`);

--
-- Indices de la tabla `pedidos_ventas`
--
ALTER TABLE `pedidos_ventas`
  ADD PRIMARY KEY (`id_pedido_venta`);

--
-- Indices de la tabla `planes_pagos`
--
ALTER TABLE `planes_pagos`
  ADD PRIMARY KEY (`id_plan_pago`),
  ADD KEY `tarjeta_fk` (`tarjeta_fk`),
  ADD KEY `mediopago_fk` (`mediopago_fk`);

--
-- Indices de la tabla `productos`
--
ALTER TABLE `productos`
  ADD PRIMARY KEY (`pro_codigo`),
  ADD KEY `fkIdFabricante` (`fkIdFabricante`),
  ADD KEY `fkIdProveedor` (`fkIdProveedor`);

--
-- Indices de la tabla `proveedores`
--
ALTER TABLE `proveedores`
  ADD PRIMARY KEY (`id_proveedor`);

--
-- Indices de la tabla `tarjetas`
--
ALTER TABLE `tarjetas`
  ADD PRIMARY KEY (`id_tarjeta`),
  ADD KEY `id_tipo_tarjeta` (`id_tipo_tarjeta`),
  ADD KEY `id_entidad_financiera` (`id_entidad_financiera`),
  ADD KEY `id_marca` (`id_marca`);

--
-- Indices de la tabla `tipos_cheques`
--
ALTER TABLE `tipos_cheques`
  ADD PRIMARY KEY (`id_tipo_cheque`);

--
-- Indices de la tabla `tipos_clientes`
--
ALTER TABLE `tipos_clientes`
  ADD PRIMARY KEY (`id_tipo_cliente`);

--
-- Indices de la tabla `tipos_documentos`
--
ALTER TABLE `tipos_documentos`
  ADD PRIMARY KEY (`id_tipo_documento`);

--
-- Indices de la tabla `tipos_entidades_financieras`
--
ALTER TABLE `tipos_entidades_financieras`
  ADD PRIMARY KEY (`id_tipo_entidad`);

--
-- Indices de la tabla `tipos_facturas`
--
ALTER TABLE `tipos_facturas`
  ADD PRIMARY KEY (`id_tipo_factura`);

--
-- Indices de la tabla `tipos_iva`
--
ALTER TABLE `tipos_iva`
  ADD PRIMARY KEY (`iva_codigo`);

--
-- Indices de la tabla `tipos_pagos`
--
ALTER TABLE `tipos_pagos`
  ADD PRIMARY KEY (`id_tipo_pago`);

--
-- Indices de la tabla `tipos_pagos_lista_precios`
--
ALTER TABLE `tipos_pagos_lista_precios`
  ADD PRIMARY KEY (`id_tipo_pago_lista_precio`),
  ADD KEY `fkIdListaPrecio` (`fkIdListaPrecio`),
  ADD KEY `fkIdListaTipoPago` (`fkIdListaTipoPago`);

--
-- Indices de la tabla `tipos_tarjetas`
--
ALTER TABLE `tipos_tarjetas`
  ADD PRIMARY KEY (`id_tipo_tarjeta`);

--
-- Indices de la tabla `transferencias`
--
ALTER TABLE `transferencias`
  ADD PRIMARY KEY (`id_transferencia`),
  ADD KEY `fk_medio_pago` (`id_medio_pago`),
  ADD KEY `fk_cliente` (`id_cliente`),
  ADD KEY `fk_entidad_financiera` (`id_entidad_financiera`);

--
-- Indices de la tabla `ventas`
--
ALTER TABLE `ventas`
  ADD PRIMARY KEY (`id_venta`),
  ADD KEY `fk_comprobante` (`id_comprobante`);

--
-- AUTO_INCREMENT de las tablas volcadas
--

--
-- AUTO_INCREMENT de la tabla `categorias`
--
ALTER TABLE `categorias`
  MODIFY `id_categoria` int(11) NOT NULL AUTO_INCREMENT;

--
-- AUTO_INCREMENT de la tabla `categorias_productos`
--
ALTER TABLE `categorias_productos`
  MODIFY `id_categoria_producto` int(11) NOT NULL AUTO_INCREMENT;

--
-- AUTO_INCREMENT de la tabla `cheques`
--
ALTER TABLE `cheques`
  MODIFY `id_cheque` int(11) NOT NULL AUTO_INCREMENT;

--
-- AUTO_INCREMENT de la tabla `comprobantes`
--
ALTER TABLE `comprobantes`
  MODIFY `id_comprobante` int(11) NOT NULL AUTO_INCREMENT, AUTO_INCREMENT=318;

--
-- AUTO_INCREMENT de la tabla `comprobantes_facturas`
--
ALTER TABLE `comprobantes_facturas`
  MODIFY `id_comprobante_factura` int(11) NOT NULL AUTO_INCREMENT, AUTO_INCREMENT=14;

--
-- AUTO_INCREMENT de la tabla `condiciones_ventas`
--
ALTER TABLE `condiciones_ventas`
  MODIFY `id_condicion_venta` int(11) NOT NULL AUTO_INCREMENT, AUTO_INCREMENT=2;

--
-- AUTO_INCREMENT de la tabla `creditos_personales`
--
ALTER TABLE `creditos_personales`
  MODIFY `id_credito_personal` int(11) NOT NULL AUTO_INCREMENT;

--
-- AUTO_INCREMENT de la tabla `cuentas_corrientes`
--
ALTER TABLE `cuentas_corrientes`
  MODIFY `id_cuenta_corriente` int(11) NOT NULL AUTO_INCREMENT, AUTO_INCREMENT=309;

--
-- AUTO_INCREMENT de la tabla `cupones_tarjetas`
--
ALTER TABLE `cupones_tarjetas`
  MODIFY `id_cupon_tarjeta` int(11) NOT NULL AUTO_INCREMENT;

--
-- AUTO_INCREMENT de la tabla `entidades_financieras`
--
ALTER TABLE `entidades_financieras`
  MODIFY `id_entidad_financiera` int(11) NOT NULL AUTO_INCREMENT, AUTO_INCREMENT=10;

--
-- AUTO_INCREMENT de la tabla `fabricantes`
--
ALTER TABLE `fabricantes`
  MODIFY `id_fabricante` int(11) NOT NULL AUTO_INCREMENT;

--
-- AUTO_INCREMENT de la tabla `facturas`
--
ALTER TABLE `facturas`
  MODIFY `id_factura` int(11) NOT NULL AUTO_INCREMENT, AUTO_INCREMENT=92;

--
-- AUTO_INCREMENT de la tabla `facturas_items`
--
ALTER TABLE `facturas_items`
  MODIFY `id` int(11) NOT NULL AUTO_INCREMENT, AUTO_INCREMENT=126;

--
-- AUTO_INCREMENT de la tabla `gateways_pagos`
--
ALTER TABLE `gateways_pagos`
  MODIFY `id_gateway_pago` int(11) NOT NULL AUTO_INCREMENT, AUTO_INCREMENT=5;

--
-- AUTO_INCREMENT de la tabla `lista_precios`
--
ALTER TABLE `lista_precios`
  MODIFY `id_lista_precio` int(11) NOT NULL AUTO_INCREMENT, AUTO_INCREMENT=14;

--
-- AUTO_INCREMENT de la tabla `lista_precios_clientes`
--
ALTER TABLE `lista_precios_clientes`
  MODIFY `id_lista_precio_cliente` int(11) NOT NULL AUTO_INCREMENT, AUTO_INCREMENT=230;

--
-- AUTO_INCREMENT de la tabla `lista_productos`
--
ALTER TABLE `lista_productos`
  MODIFY `id_lista_producto` int(11) NOT NULL AUTO_INCREMENT, AUTO_INCREMENT=6576;

--
-- AUTO_INCREMENT de la tabla `marcas_tarjetas`
--
ALTER TABLE `marcas_tarjetas`
  MODIFY `id_marca` int(11) NOT NULL AUTO_INCREMENT, AUTO_INCREMENT=9;

--
-- AUTO_INCREMENT de la tabla `medios_pagos`
--
ALTER TABLE `medios_pagos`
  MODIFY `id_medio_pago` int(11) NOT NULL AUTO_INCREMENT, AUTO_INCREMENT=7;

--
-- AUTO_INCREMENT de la tabla `pagos`
--
ALTER TABLE `pagos`
  MODIFY `id` int(11) NOT NULL AUTO_INCREMENT, AUTO_INCREMENT=121;

--
-- AUTO_INCREMENT de la tabla `pagos_ventas`
--
ALTER TABLE `pagos_ventas`
  MODIFY `id_pago_venta` int(11) NOT NULL AUTO_INCREMENT, AUTO_INCREMENT=85;

--
-- AUTO_INCREMENT de la tabla `pedidos_ventas`
--
ALTER TABLE `pedidos_ventas`
  MODIFY `id_pedido_venta` int(11) NOT NULL AUTO_INCREMENT;

--
-- AUTO_INCREMENT de la tabla `planes_pagos`
--
ALTER TABLE `planes_pagos`
  MODIFY `id_plan_pago` int(11) NOT NULL AUTO_INCREMENT, AUTO_INCREMENT=56;

--
-- AUTO_INCREMENT de la tabla `productos`
--
ALTER TABLE `productos`
  MODIFY `pro_codigo` int(11) NOT NULL AUTO_INCREMENT, AUTO_INCREMENT=18764;

--
-- AUTO_INCREMENT de la tabla `proveedores`
--
ALTER TABLE `proveedores`
  MODIFY `id_proveedor` int(11) NOT NULL AUTO_INCREMENT;

--
-- AUTO_INCREMENT de la tabla `tarjetas`
--
ALTER TABLE `tarjetas`
  MODIFY `id_tarjeta` int(11) NOT NULL AUTO_INCREMENT, AUTO_INCREMENT=29;

--
-- AUTO_INCREMENT de la tabla `tipos_cheques`
--
ALTER TABLE `tipos_cheques`
  MODIFY `id_tipo_cheque` int(11) NOT NULL AUTO_INCREMENT;

--
-- AUTO_INCREMENT de la tabla `tipos_clientes`
--
ALTER TABLE `tipos_clientes`
  MODIFY `id_tipo_cliente` int(11) NOT NULL AUTO_INCREMENT, AUTO_INCREMENT=7;

--
-- AUTO_INCREMENT de la tabla `tipos_documentos`
--
ALTER TABLE `tipos_documentos`
  MODIFY `id_tipo_documento` int(11) NOT NULL AUTO_INCREMENT, AUTO_INCREMENT=7;

--
-- AUTO_INCREMENT de la tabla `tipos_entidades_financieras`
--
ALTER TABLE `tipos_entidades_financieras`
  MODIFY `id_tipo_entidad` int(11) NOT NULL AUTO_INCREMENT, AUTO_INCREMENT=4;

--
-- AUTO_INCREMENT de la tabla `tipos_facturas`
--
ALTER TABLE `tipos_facturas`
  MODIFY `id_tipo_factura` int(11) NOT NULL AUTO_INCREMENT, AUTO_INCREMENT=7;

--
-- AUTO_INCREMENT de la tabla `tipos_iva`
--
ALTER TABLE `tipos_iva`
  MODIFY `iva_codigo` int(11) NOT NULL AUTO_INCREMENT, AUTO_INCREMENT=10;

--
-- AUTO_INCREMENT de la tabla `tipos_pagos`
--
ALTER TABLE `tipos_pagos`
  MODIFY `id_tipo_pago` int(11) NOT NULL AUTO_INCREMENT, AUTO_INCREMENT=40;

--
-- AUTO_INCREMENT de la tabla `tipos_pagos_lista_precios`
--
ALTER TABLE `tipos_pagos_lista_precios`
  MODIFY `id_tipo_pago_lista_precio` int(11) NOT NULL AUTO_INCREMENT, AUTO_INCREMENT=106;

--
-- AUTO_INCREMENT de la tabla `tipos_tarjetas`
--
ALTER TABLE `tipos_tarjetas`
  MODIFY `id_tipo_tarjeta` int(11) NOT NULL AUTO_INCREMENT, AUTO_INCREMENT=3;

--
-- AUTO_INCREMENT de la tabla `transferencias`
--
ALTER TABLE `transferencias`
  MODIFY `id_transferencia` int(11) NOT NULL AUTO_INCREMENT;

--
-- AUTO_INCREMENT de la tabla `ventas`
--
ALTER TABLE `ventas`
  MODIFY `id_venta` int(11) NOT NULL AUTO_INCREMENT, AUTO_INCREMENT=70;

--
-- Restricciones para tablas volcadas
--

--
-- Filtros para la tabla `categorias_productos`
--
ALTER TABLE `categorias_productos`
  ADD CONSTRAINT `fkIdCategoria` FOREIGN KEY (`fkIdCategoria`) REFERENCES `categorias` (`id_categoria`),
  ADD CONSTRAINT `fkIdProducto` FOREIGN KEY (`fkIdProducto`) REFERENCES `productos` (`pro_codigo`);

--
-- Filtros para la tabla `cheques`
--
ALTER TABLE `cheques`
  ADD CONSTRAINT `fkcliente` FOREIGN KEY (`id_cliente`) REFERENCES `clientes` (`cli_codigo`),
  ADD CONSTRAINT `fkentidadfinanciera` FOREIGN KEY (`id_entidad_financiera`) REFERENCES `entidades_financieras` (`id_entidad_financiera`),
  ADD CONSTRAINT `id_tipo_cheque` FOREIGN KEY (`id_tipo_cheque`) REFERENCES `tipos_cheques` (`id_tipo_cheque`);

--
-- Filtros para la tabla `clientes`
--
ALTER TABLE `clientes`
  ADD CONSTRAINT `fkIdTipoCliente` FOREIGN KEY (`fkIdTipoCliente`) REFERENCES `tipos_clientes` (`id_tipo_cliente`),
  ADD CONSTRAINT `fkIdTipoDocumento` FOREIGN KEY (`fkIdTipoDocumento`) REFERENCES `tipos_documentos` (`id_tipo_documento`),
  ADD CONSTRAINT `id_lista_precio` FOREIGN KEY (`id_lista_precio`) REFERENCES `lista_precios` (`id_lista_precio`),
  ADD CONSTRAINT `iva_codigo` FOREIGN KEY (`iva_codigo`) REFERENCES `tipos_iva` (`iva_codigo`);

--
-- Filtros para la tabla `comprobantes`
--
ALTER TABLE `comprobantes`
  ADD CONSTRAINT `id_cuenta_corriente` FOREIGN KEY (`id_cuenta_corriente`) REFERENCES `cuentas_corrientes` (`id_cuenta_corriente`);

--
-- Filtros para la tabla `comprobantes_facturas`
--
ALTER TABLE `comprobantes_facturas`
  ADD CONSTRAINT `fk_factura` FOREIGN KEY (`fk_factura`) REFERENCES `facturas` (`id_factura`),
  ADD CONSTRAINT `fkcomprobante` FOREIGN KEY (`fk_comprobante`) REFERENCES `comprobantes` (`id_comprobante`);

--
-- Filtros para la tabla `creditos_personales`
--
ALTER TABLE `creditos_personales`
  ADD CONSTRAINT `cliente_id` FOREIGN KEY (`id_cliente`) REFERENCES `clientes` (`cli_codigo`),
  ADD CONSTRAINT `medio_pago_id` FOREIGN KEY (`id_medio_pago`) REFERENCES `medios_pagos` (`id_medio_pago`);

--
-- Filtros para la tabla `cuentas_corrientes`
--
ALTER TABLE `cuentas_corrientes`
  ADD CONSTRAINT `fkidclicodigo` FOREIGN KEY (`fkidclicodigo`) REFERENCES `clientes` (`cli_codigo`);

--
-- Filtros para la tabla `cupones_tarjetas`
--
ALTER TABLE `cupones_tarjetas`
  ADD CONSTRAINT `fkidcliente` FOREIGN KEY (`id_cliente`) REFERENCES `clientes` (`cli_codigo`),
  ADD CONSTRAINT `fkidentidadfinanciera` FOREIGN KEY (`id_entidad_financiera`) REFERENCES `entidades_financieras` (`id_entidad_financiera`),
  ADD CONSTRAINT `fkidplan` FOREIGN KEY (`id_plan_pago`) REFERENCES `planes_pagos` (`id_plan_pago`),
  ADD CONSTRAINT `fkidtarjeta` FOREIGN KEY (`id_tarjeta`) REFERENCES `tarjetas` (`id_tarjeta`);

--
-- Filtros para la tabla `entidades_financieras`
--
ALTER TABLE `entidades_financieras`
  ADD CONSTRAINT `id_tipo_entidad` FOREIGN KEY (`id_tipo_entidad`) REFERENCES `tipos_entidades_financieras` (`id_tipo_entidad`);

--
-- Filtros para la tabla `facturas`
--
ALTER TABLE `facturas`
  ADD CONSTRAINT `fk_cuenta_corriente` FOREIGN KEY (`fk_cuenta_corriente`) REFERENCES `cuentas_corrientes` (`id_cuenta_corriente`),
  ADD CONSTRAINT `fk_tipo_factura` FOREIGN KEY (`fk_tipo_factura`) REFERENCES `tipos_facturas` (`id_tipo_factura`);

--
-- Filtros para la tabla `facturas_items`
--
ALTER TABLE `facturas_items`
  ADD CONSTRAINT `factura_id` FOREIGN KEY (`factura_id`) REFERENCES `facturas` (`id_factura`),
  ADD CONSTRAINT `lista_producto_id` FOREIGN KEY (`fkProCodigo`) REFERENCES `lista_productos` (`id_lista_producto`);

--
-- Filtros para la tabla `gateways_pagos`
--
ALTER TABLE `gateways_pagos`
  ADD CONSTRAINT `id_medio_pago` FOREIGN KEY (`id_medio_pago`) REFERENCES `medios_pagos` (`id_medio_pago`);

--
-- Filtros para la tabla `lista_productos`
--
ALTER TABLE `lista_productos`
  ADD CONSTRAINT `fkIdListaPrecioProducto` FOREIGN KEY (`fkIdListaPrecioProducto`) REFERENCES `lista_precios` (`id_lista_precio`),
  ADD CONSTRAINT `fkIdProductoLista` FOREIGN KEY (`fkIdProductoLista`) REFERENCES `productos` (`pro_codigo`);

--
-- Filtros para la tabla `pagos`
--
ALTER TABLE `pagos`
  ADD CONSTRAINT `id_factura` FOREIGN KEY (`id_factura`) REFERENCES `facturas` (`id_factura`);

--
-- Filtros para la tabla `pagos_ventas`
--
ALTER TABLE `pagos_ventas`
  ADD CONSTRAINT `fk_pago` FOREIGN KEY (`fk_pago`) REFERENCES `pagos` (`id`),
  ADD CONSTRAINT `fk_venta` FOREIGN KEY (`fk_venta`) REFERENCES `ventas` (`id_venta`);

--
-- Filtros para la tabla `planes_pagos`
--
ALTER TABLE `planes_pagos`
  ADD CONSTRAINT `mediopago_fk` FOREIGN KEY (`mediopago_fk`) REFERENCES `medios_pagos` (`id_medio_pago`),
  ADD CONSTRAINT `tarjeta_fk` FOREIGN KEY (`tarjeta_fk`) REFERENCES `tarjetas` (`id_tarjeta`);

--
-- Filtros para la tabla `productos`
--
ALTER TABLE `productos`
  ADD CONSTRAINT `fkIdFabricante` FOREIGN KEY (`fkIdFabricante`) REFERENCES `fabricantes` (`id_fabricante`),
  ADD CONSTRAINT `fkIdProveedor` FOREIGN KEY (`fkIdProveedor`) REFERENCES `proveedores` (`id_proveedor`);

--
-- Filtros para la tabla `tarjetas`
--
ALTER TABLE `tarjetas`
  ADD CONSTRAINT `id_entidad_financiera` FOREIGN KEY (`id_entidad_financiera`) REFERENCES `entidades_financieras` (`id_entidad_financiera`),
  ADD CONSTRAINT `id_marca` FOREIGN KEY (`id_marca`) REFERENCES `marcas_tarjetas` (`id_marca`),
  ADD CONSTRAINT `id_tipo_tarjeta` FOREIGN KEY (`id_tipo_tarjeta`) REFERENCES `tipos_tarjetas` (`id_tipo_tarjeta`);

--
-- Filtros para la tabla `tipos_pagos_lista_precios`
--
ALTER TABLE `tipos_pagos_lista_precios`
  ADD CONSTRAINT `fkIdListaPrecio` FOREIGN KEY (`fkIdListaPrecio`) REFERENCES `lista_precios` (`id_lista_precio`),
  ADD CONSTRAINT `fkIdListaTipoPago` FOREIGN KEY (`fkIdListaTipoPago`) REFERENCES `tipos_pagos` (`id_tipo_pago`);

--
-- Filtros para la tabla `transferencias`
--
ALTER TABLE `transferencias`
  ADD CONSTRAINT `fk_cliente` FOREIGN KEY (`id_cliente`) REFERENCES `clientes` (`cli_codigo`),
  ADD CONSTRAINT `fk_entidad_financiera` FOREIGN KEY (`id_entidad_financiera`) REFERENCES `entidades_financieras` (`id_entidad_financiera`),
  ADD CONSTRAINT `fk_medio_pago` FOREIGN KEY (`id_medio_pago`) REFERENCES `medios_pagos` (`id_medio_pago`);

--
-- Filtros para la tabla `ventas`
--
ALTER TABLE `ventas`
  ADD CONSTRAINT `fk_comprobante` FOREIGN KEY (`id_comprobante`) REFERENCES `comprobantes` (`id_comprobante`);
COMMIT;

/*!40101 SET CHARACTER_SET_CLIENT=@OLD_CHARACTER_SET_CLIENT */;
/*!40101 SET CHARACTER_SET_RESULTS=@OLD_CHARACTER_SET_RESULTS */;
/*!40101 SET COLLATION_CONNECTION=@OLD_COLLATION_CONNECTION */;
