ProCodigo;ProCodBar;ProDescripcion;ProCantidad;ProStockActual;ProPrecioCosto;ProUtilidadVEfectivo;ProUtilidadVCtaCte;ProUtilidadVLista;ProPrecioNeto;ProIVA;ProPreEfectivo;ProPreLista;ProPreCtaCte;ProCantMinima;ProFecha;ProPerfil;ProSAsociado;ProBaja;ProGarantia;ProStockService;ProStockFallado;ProStockProveedor;ProFechaUActualizacion;ProGarantiaFabrica;ProGarantiaCompra;ProExigeSerie;Categoria;EnOferta;ImporteDescuento;PorcentajeDescuento;DescuentoDesde;DescuentoHasta;DisponiblePedidos;EsBundle;costodolares;cotizacion;dolarblue
347;Sin Codigo;BOLSA CD C/ADHESIVO  13X14CM -CHICA-;2500;130194;0,350921797;197,3;89,19;275;0,424615374;21;0,11;1,5;0,07;100;2011-09-02;CV;1;0;2;0;1;0;2019-11-14;1;1;0;47;0;0;0;2019-11-14;2019-11-14;1;0;0,006153846;65;0
1185;Sin Codigo;BOLSA DVD C/ADHESIVO 13.8X14CM;5;92577;0,350921797;155,81;60;400;0,424615374;21;0,11;2;0,07;100;2011-04-07;CV;1;0;2;0;0;0;2019-12-13;1;1;0;47;0;0;0;2019-12-12;2019-12-12;0;0;0,006153846;65;0
8394;Sin Codigo;CLIP DE RECARGA;1000;19900;16,64359835;0;0;145,9;20,138754;21;0;30;0;1;2015-03-18;CV;1;0;2;0;0;0;2019-11-20;0;0;0;6;0;0;0;2017-11-09;2017-12-31;1;0;0,291866;41,8;0
1391;Sin Codigo;DVD MEMOREX ESTAMPADO 16X;12;14126;6,141131157;55,56;25,56;100;7,4307687;21;1,4;14;1,13;1;2008-12-19;CV;1;0;2;0;0;0;2019-12-13;1;1;0;50;0;0;0;2019-12-12;2019-12-12;1;0;0,1076923;65;0
2646;Sin Codigo;CABLE UTP NOGANET CAT 5 INTERIOR X METRO;0;7458;6,47;143,2;57,37;206,47;7,8312;21;1,7;24;1,1;305;2011-06-15;CV;1;0;2;0;0;0;2020-05-05;1;1;0;82,109;0;0;0;2017-11-10;2017-11-18;1;0;0,1118743;70;0
2359;Sin Codigo;FICHA RJ45 CAT 5E ANBYTE;2;6812;5,056838926;41,79;30;184,89;6,1187751;21;9,5;12;8,71;2;2007-11-12;CV;1;0;2;0;0;0;2019-06-05;1;1;0;110;0;0;0;2019-06-05;2019-06-05;1;0;0,0886779;47,5;0
329;Sin Codigo;SOBRES PARA CD Y DVD DE PAPEL CON VENTANA;2;6259;0,511760911;263,64;40;259,45;0,619230702;21;0,2;2;0,08;500;2010-08-03;CV;1;0;2;0;0;0;2019-09-21;1;1;0;46;0;0;0;2017-11-09;2017-11-18;1;0;0,008974358;39;0
1459;Sin Codigo;FLETE DESTINO;10;3345;292,4348306;0;0;150;353,846145;21;0;500;0;0;2011-07-18;CV;1;0;2;0;2;0;2020-02-18;1;1;0;59;0;0;0;2020-02-18;2020-02-18;0;0;5,128205;39;0
3328;Sin Codigo;CD IPC CAJA ACRILICA EASY 700MB 80MIN;0;2753;3,322059758;54,05;25;164,08;4,019692308;21;3,5;6;2,84;0;2009-04-15;CV;1;0;2;0;0;0;2014-01-27;1;1;0;49;0;0;0;2015-06-24;2015-06-24;0;0;0,05825641;39;0
3327;Sin Codigo;CD IPC CAJA ACRILICA FOTO 700MB 80MIN;0;2716;3,322059758;65,05;30;164,08;4,019692308;21;3,75;6;2,95;0;2009-04-15;CV;1;0;2;0;0;0;2014-01-27;1;1;0;49;0;0;0;2015-06-24;2015-06-24;0;0;0,05825641;39;0
5023;Sin Codigo;CD IPC CAJA ACRILICA DJ 700MB 80MIN;0;2681;3,322059758;65,05;30;164,08;4,019692308;21;3,75;6;2,95;2;2012-04-01;CV;1;0;2;0;0;0;2014-01-27;1;1;0;49;0;0;0;2015-06-24;2015-06-24;0;0;0,05825641;39;0
15692;Sin Codigo;CABLE UTP NOGANET CAT 6 INTERIOR X METRO;0;2440;9,31;143,2;57,37;210,53;11,271;21;1,7;35;1,1;1;2018-08-09;CV;1;0;2;0;0;0;2020-05-06;1;1;0;82,109;0;0;0;2017-11-09;2017-11-18;1;0;0,1610143;70;0
3548;Sin Codigo;CABLE UTP NOGANET CAT 5 EXTERIOR X METRO;2;2368;10,37;150;59;107,17;12,5502;21;2,5;26;1,59;50;2011-10-08;CV;1;0;2;0;0;0;2020-05-05;1;1;0;82,109;0;0;0;2017-11-10;2017-11-18;1;0;0,1792886;70;0
586;Sin Codigo;COSTOS POR FINANCIACION;0;2315;1,210526306;0;0;4032,23;1,46473683;21;0,001;50;0,01;1;2008-07-06;CV;1;0;2;0;0;0;2019-08-21;1;1;0;0;0;0;0;2019-08-20;2019-08-20;1;0;0,02122807;57;0
5024;Sin Codigo;CD IPC CAJA ACRILICA MP3 700MB 80MIN;0;2248;3,322059758;54,05;30;164,08;4,019692308;21;3,5;6;2,95;2;2012-04-01;CV;1;0;2;0;0;0;2014-01-27;1;1;0;49;0;0;0;2015-06-24;2015-06-24;0;0;0,05825641;39;0
632;Sin Codigo;FICHA RJ45 CAT 5E INTELLINET;100;2113;8,194217603;173,72;55,11;221,19;9,9150033;21;1,5;30;0,85;100;2011-06-06;CV;1;0;2;0;0;0;2019-12-02;1;1;0;110;0;0;0;2019-12-02;2019-12-02;1;0;0,1436957;46;0
2274;Sin Codigo;DVD BANANA 4.7GB PRINTEABLE;2;1370;7,091546281;56,25;21;168,04;8,580771;21;1,5;13;1,16;100;2010-12-07;CV;1;0;2;0;0;0;2019-04-15;1;1;0;50;0;0;0;2019-04-15;2019-04-15;1;0;0,124359;39;0
18392;Sin Codigo;AURICULAR IN-EAR MANOS LIBRES BOROFONE BM15;2;1285;82,68595041;47,11;30;144,03;100,05;21;7,9;230;6,98;1;2019-12-13;CV;1;0;2;0;0;0;2019-12-13;1;1;0;90,24;0;0;0;2017-11-09;2017-11-18;1;0;1,45;65;0
3052;Sin Codigo;CABLE UTP AMP CAT 5E ;2;1185;13,62746345;85,96;34,97;114,59;16,48923077;21;3,1;20;2,25;100;2011-03-13;CV;1;0;2;0;0;0;2018-06-27;1;1;0;82,109;0;0;0;2018-06-27;2018-06-27;1;0;0,238974359;39;0
18399;Sin Codigo;AURICULAR IN-EAR MANOS LIBRES BOROFONE BM31;2;1116;69,57024793;47,11;30;152,21;84,18;21;7,9;200;6,98;1;2019-12-13;CV;1;0;2;0;0;0;2019-12-13;1;1;0;90,24;0;0;0;2017-11-09;2017-11-18;1;0;1,22;65;0
17684;Sin Codigo;CARGADOR 220V USB BANGHO 2A;5;1095;63,37085455;0;0;92,83;76,678734;21;0;150;0;1;2019-08-09;CV;1;0;2;0;0;0;2020-02-26;0;0;0;39;0;0;0;2020-02-26;2020-02-26;1;0;1,111286;70;0
1174;Sin Codigo;PARLANTE BANGHO 2.0 USB SP210;2;1064;86,79638009;22,79;18;176,7;95,91;10,5;73;250;70,15;1;2015-10-26;CV;1;0;2;0;2;0;2020-01-10;1;1;0;8;0;0;0;2020-01-09;2020-01-09;0;0;1,39;46;0
4047;Sin Codigo;SISTEMA OPERATIVO LINUX;0;1025;0,016011138;0;0;465,22;0,017692308;10,5;0;0,1;0;0;2010-12-07;CV;1;0;2;0;0;0;2020-04-23;1;1;0;59;0;0;0;2020-04-23;2020-04-23;0;0;0,00025641;39;0
18401;Sin Codigo;AURICULAR IN-EAR MANOS LIBRES BOROFONE BM36;2;1014;72,4214876;47,11;30;142,28;87,63;21;7,9;200;6,98;1;2019-12-13;CV;1;0;2;0;0;0;2019-12-13;1;1;0;90,24;0;0;0;2017-11-09;2017-11-18;1;0;1,27;65;0
14596;Sin Codigo;FICHA RJ45 CAT 6E INTELLINET;100;906;15,60140182;173,72;55,11;169,3237;18,8776962;21;1,5;35;0,85;1;2018-01-04;CV;1;0;2;0;0;0;2019-05-24;1;1;0;110;0;0;0;2019-05-24;2019-05-24;1;0;0,2735898;39;0
2815;Sin Codigo;DVD VERBATIM 8.5GB 16X DUAL LAYER;5;851;24,85696122;61,54;30;105,88;30,07692308;21;10,5;35;8,45;10;2011-09-06;CV;1;0;2;0;0;0;2018-07-20;1;1;0;2,5;0;0;0;2018-07-20;2018-07-20;1;0;0,435897436;39;0
673;Sin Codigo;CD IPC DJ COLOR 52X 80MIN / 700MB;20;819;4,181818182;47,06;18,57;109,79;5,06;21;1,6;6;1,29;100;2010-10-30;CV;1;0;2;0;0;0;2016-03-23;1;1;0;49;0;0;0;2015-06-24;2015-06-24;1;0;0,073333333;39;0
18425;Sin Codigo;CABLE USB A MICRO USB BOROFONE BX19 1M 1.3A;2;817;29,97285068;15;12,5;220,51;33,12;10,5;259,3;100;253,66;1;2019-12-13;CV;1;0;2;0;0;0;2019-12-13;1;1;0;77;0;0;0;2017-11-09;2017-11-18;1;0;0,48;65;0
546;Sin Codigo;CABLE SATA DATOS;0;799;2,137698665;925,99;583,99;1951,98;2,586615385;21;15;30;10;10;2010-09-21;CV;1;0;2;0;0;0;2019-04-15;1;1;0;19;0;0;0;2019-04-15;2019-04-15;0;0;0,037487179;39;0
13294;Sin Codigo;FILM PROTECTOR GORILLA GLASS IPHONE 7 PLUS BACK;0;774;34,50633545;0;0;606,52;41,7526659;21;0;130;0;1;2017-04-18;CV;1;0;2;0;0;0;2017-04-18;0;0;0;73;0;0;0;2017-04-17;2017-04-17;1;0;0,6051111;45;0
1143;Sin Codigo;SERVICIO ARMADO DE CABLES UTP Y OTROS;0;759;1,60111409;24,1;15;5900;1,76923107;10,5;12;100;11,12;1;2007-05-06;CV;1;0;2;0;0;0;2019-11-08;1;1;0;59;0;0;0;2017-11-09;2017-11-18;1;0;0,02564103;39;0
18295;Sin Codigo;AURICULAR IN-EAR MANOS LIBRES HOCO M33;2;739;99,2231405;47,11;30;165,25;120,06;21;7,9;300;6,98;1;2019-12-06;CV;1;0;2;0;0;0;2019-12-06;1;1;0;90,24;0;0;0;2017-11-09;2017-11-18;1;0;1,74;65;0
2848;Sin Codigo;SERVICIO INSTALACION DE SISTEMA W10 + PAQ OFF + ANTIVIRUS;0;719;57,02479339;54945,87;54945,87;1349,28;69;21;60;1000;60;0;2009-04-11;CV;1;0;2;0;0;0;2020-04-24;1;1;0;59;0;0;0;2020-04-24;2020-04-24;1;0;1;39;0
15584;Sin Codigo;FILM PROTECTOR GORILLA GLASS LENOVO VIVE K5;2;670;34,50633545;0;0;1900;41,7526659;21;0;100;0;1;2018-06-22;CV;1;0;2;0;0;0;2018-06-22;0;0;0;73;0;0;0;2018-06-22;2018-06-22;1;0;0,6051111;45;0
12974;Sin Codigo;PENDRIVE 32GB 3.0 SANDISK CRUZER GLIDE Z600;1;639;337,8205785;45,51;19,73;63,53;408,7629;21;7,9;620;6,5;1;2017-02-20;CV;1;0;2;0;0;0;2020-03-09;1;1;0;66,151;0;0;0;2020-03-09;2020-03-09;1;0;5,9241;64;0
7989;Sin Codigo;"FUNDA PORTA TABLET PLEGABLE 7"" C/AGARRE ELASTICO";5;622;132,8924469;0;0;28,6;146,8461538;10,5;0;130;0;1;2015-02-24;CV;1;0;2;0;0;0;2019-05-02;0;0;0;53,56,89,95;0;0;0;2019-05-02;2019-05-02;1;0;2,128205128;39;0
963;Sin Codigo;CAJA DVD PLASTICO NEGRO SIMPLES 14MM;2;591;3,946115702;84,21;31,58;131,21;4,7748;21;1,75;12;1,25;500;2011-01-06;CV;1;0;2;0;0;0;2019-12-19;1;1;0;48;0;0;0;2019-12-19;2019-12-19;1;0;0,0692;75;0
18213;Sin Codigo;CARGADOR 220V A USB SEISA 2.1A CARGA RAPIDA MICRO USB;2;578;195,9254545;0;0;108,8;237,0698;21;0;450;0;1;2019-11-15;CV;1;0;2;0;1;0;2020-04-19;0;0;0;28,32,99,139,157;0;0;0;2017-11-09;2017-11-18;1;0;2,15518;70;1
13804;Sin Codigo;CABLE UTP GLC CAT5E INTERIOR X METRO;2;566;9,825810553;63,15;25,72;182,74;11,88923077;21;1,7;19;1,31;1;2017-07-20;CV;1;0;2;0;0;0;2018-08-04;1;1;0;82,109;0;0;0;2018-08-04;2018-08-04;1;0;0,172307692;39;0
2754;Sin Codigo;RESMA A4 DUPLY 70G;2;562;185,61;49,33;20;78,1;224,59;21;28;400;22,5;10;2011-08-18;CV;1;0;2;0;0;0;2020-05-14;1;1;0;46,157;0;0;0;2020-05-14;2020-05-14;1;0;3,290696;68,25;0
11227;Sin Codigo;CARTUCHO GLOBAL EPSON T197 XL BLACK;15;558;89,70393394;0;0;106,66;99,122847;10,5;0;190;0;1;2016-06-21;CV;1;0;2;0;0;12;2020-03-06;0;0;0;6;0;0;0;2017-11-09;2017-11-15;0;0;1,436563;64;0
8906;Sin Codigo;CARGADOR USB A 220V 2000MAH SIMIL SAMSUNG -C/CABLE MICRO USB-;2;535;57,64009746;0;0;100;63,69230769;10,5;0;120;0;1;2015-05-21;CV;1;0;2;0;2;3;2019-12-02;0;0;0;28,99,56,138;1;0;22,22222;2017-11-13;2017-11-18;1;0;0,923076923;39;0
3381;Sin Codigo;CABLE POWER Y 12V DE 5.25 A 2X5.25  0.25;0;535;3,36446281;200;100;812,65;4,071;21;6,9;35;4,6;0;2009-08-24;CV;1;0;2;0;0;0;2020-02-21;1;1;0;19;0;0;0;2017-11-13;2017-11-18;0;0;0,059;39;0
18294;Sin Codigo;AURICULAR IN-EAR MANOS LIBRES HOCO M25;2;519;131,7272727;47,11;30;159,74;159,39;21;7,9;390;6,98;1;2019-12-06;CV;1;0;2;0;0;0;2020-04-19;1;1;0;90,24,157;0;0;0;2017-11-09;2017-11-18;1;0;2,31;65;0
18527;Sin Codigo;CARGADOR 220V A USB MICRO USB QC 3.0 SEISA 3.6A CARGA RAPIDA  ;2;491;344,6870909;0;0;63,59;417,07138;21;0;490;0;1;2020-01-07;CV;1;0;2;0;0;0;2020-01-30;0;0;0;28,32,99,139;0;0;0;2020-01-30;2020-01-30;1;0;3,791558;79;1
11859;Sin Codigo;FILM PROTECTOR GORILLA GLASS LG K5;2;457;34,50633545;0;0;354,55;41,7526659;21;0;150;0;1;2016-09-01;CV;1;0;2;0;0;0;2016-09-01;0;0;0;73;0;0;0;2015-06-24;2015-06-24;1;0;0,6051111;45;0
14807;Sin Codigo;AURICULAR GENIUS IN-EAR M300 (MANOS LIBRES) ;2;451;249,7761793;48,15;24,07;61,57;302,229177;21;4;460;3,35;1;2018-01-23;CV;1;0;2;0;1;2;2020-04-19;1;1;0;24,157;0;0;0;2017-11-09;2017-11-18;1;0;4,380133;37,75;0
10783;Sin Codigo;FILM PROTECTOR GORILLA GLASS SAMSUNG J2;2;450;34,50633545;0;0;656,76;41,7526659;21;0;140;0;1;2016-03-07;CV;1;0;2;0;0;0;2016-05-13;0;0;0;73;0;0;0;2015-06-24;2015-06-24;1;0;0,6051111;45;0
18420;Sin Codigo;CABLE USB A MICRO USB BOROFONE BX16 1M 2A;2;449;38,09049774;15;12,5;202,65;42,09;10,5;259,3;120;253,66;1;2019-12-13;CV;1;0;2;0;0;0;2019-12-13;1;1;0;77;0;0;0;2017-11-09;2017-11-18;1;0;0,61;65;0
822;Sin Codigo;CAJAS CD Y DVD ACRILICA DOBLE;100;447;6,155753338;32,81;15,63;90,02;7,448461538;21;0,85;8;0,74;1;2006-09-24;CV;1;0;2;0;0;0;2017-11-16;1;1;0;48;0;0;0;2017-11-11;2017-11-17;1;0;0,107948718;39;0
8661;Sin Codigo;FILM PROTECTOR GORILLA GLASS MOTO E;2;439;17,67768595;0;0;350,45;21,39;21;0;150;0;1;2015-04-29;CV;1;0;2;0;0;0;2015-12-04;0;0;0;73;0;0;0;2015-06-24;2015-06-24;1;0;0,31;62;0
18432;Sin Codigo;CABLE USB A MICRO USB BOROFONE BX33 1M 4A;2;436;95,53846154;15;12,5;151,38;105,57;10,5;259,3;250;253,66;1;2019-12-13;CV;1;0;2;0;0;0;2019-12-13;1;1;0;77;0;0;0;2017-11-09;2017-11-18;1;0;1,53;65;0
18341;Sin Codigo;CABLE USB A MICRO USB HOCO X38 2.4A 1M COOL;2;427;69,93665158;15;12,5;174,73;77,28;10,5;259,3;200;253,66;1;2019-12-11;CV;1;0;2;0;0;0;2020-04-24;1;1;0;77,157;0;0;0;2017-11-10;2017-11-18;1;0;1,12;65;0
13293;Sin Codigo;FILM PROTECTOR GORILLA GLASS IPHONE 7 BACK;0;410;34,50633545;0;0;606,52;41,7526659;21;0;130;0;1;2017-04-18;CV;1;0;2;0;0;0;2017-04-18;0;0;0;73;0;0;0;2017-04-17;2017-04-17;1;0;0,6051111;45;0
17685;Sin Codigo;PARLANTE BANGHO 2.0 USB FM-S2016E;2;406;216,9532785;22,79;18;81,97;262,513467;21;73;450;70,15;1;2019-08-09;CV;1;0;2;0;0;0;2020-01-10;1;1;0;8;0;0;0;2020-01-09;2020-01-09;0;0;3,804543;46;0
12615;Sin Codigo;PAPEL FOTO GLOBAL A4 GLOSSY 200GR (PACK 20 HOJAS);10;401;56,44;69,3;22,27;170,9;68,29;21;27;185;19,5;1;2017-01-09;CV;1;0;2;0;0;0;2020-04-29;1;1;0;46;0;0;0;2020-04-27;2020-04-27;1;0;0,9897102;69;0
16232;Sin Codigo;CABLE USB A MICRO USB HOCO X13 2A 1M;2;400;47,45701982;15;12,5;203,64;52,4400069;10,5;259,3;150;253,66;1;2018-11-15;CV;1;0;2;0;0;0;2019-12-12;1;1;0;77;0;0;0;2017-11-09;2017-12-31;1;0;0,7600001;65;0
15583;Sin Codigo;FILM PROTECTOR GORILLA GLASS HUAWEI HORROR 8 PRO;2;400;34,50633545;0;0;1900;41,7526659;21;0;100;0;1;2018-06-22;CV;1;0;2;0;0;0;2018-06-22;0;0;0;73;0;0;0;2018-06-22;2018-06-22;1;0;0,6051111;45;0
12222;Sin Codigo;"FUNDA SILICONA TPU TABLET 7"" GEEKER";3;385;67,24678037;0;0;331,89;74,30769231;10,5;0;200;0;1;2016-10-14;CV;1;0;2;0;0;0;2019-04-10;0;0;0;72;0;0;0;2019-04-10;2019-04-10;1;0;1,076923077;39;0
16531;Sin Codigo;TECLADO GENIUS USB SMART KB-100;0;380;333,3;64,51;20,01;71,06;368,3;10,5;61;630;44,5;1;2019-01-15;CV;1;0;2;0;0;0;2020-05-02;1;1;0;22,157;0;0;0;2017-11-10;2017-11-18;0;0;5,580303;66;0
3931;Sin Codigo;CAJA DVD PLASTICO SIMPLES COLORES 14MM;100;380;6,506675143;108,33;24;176,76;7,873076923;21;2,5;15;1,49;5;2011-06-22;CV;1;0;2;0;0;0;2019-05-30;1;1;0;48;0;0;0;2019-05-30;2019-05-30;1;0;0,114102564;39;0
10934;Sin Codigo;CARTUCHO GLOBAL TONER SAMSUNG 111S/L;10;365;352;0;0;80,79;425,92;21;0;770;0;1;2016-04-20;CV;1;0;2;0;0;10;2020-05-14;0;0;0;156;0;0;0;2017-11-09;2017-11-18;0;0;6,172754;69;0
2812;Sin Codigo;DVD VERBATIM 16X 4.7GB PRINTEABLE;0;356;3,874761602;70;20;50,94;4,688461538;21;4,5;4;3,18;100;2011-05-18;CV;1;0;2;0;0;0;2013-03-13;1;1;0;0,5;0;0;0;2015-06-24;2015-06-24;0;0;0,067948718;39;0
16564;Sin Codigo;AURICULAR IN-EAR MANOS LIBRES HOCO M21;2;350;74,1322314;47,11;30;195,86;89,7;21;7,9;250;6,98;1;2019-01-18;CV;1;0;2;0;0;0;2019-12-06;1;1;0;90,24;0;0;0;2017-11-09;2017-11-18;1;0;1,3;65;0
323;Sin Codigo;DVD IMATION 4.7GB ESTAMPADO;0;346;7,177260248;33,28;14,24;245,44;8,6844849;21;1,75;30;1,5;50;2006-03-31;CV;1;0;2;0;0;0;2020-05-08;1;1;0;50;0;0;0;2020-05-08;2020-05-08;1;0;0,1258621;58;0
6314;Sin Codigo;FICHA RJ45 NISUTA CAT6 50 MICRONES;5;338;16,6834075;0;0;70,9;20,18692308;21;0;19,5;0;1;2013-09-25;CV;1;0;2;0;0;0;2018-05-30;0;0;0;110;0;0;0;2018-05-30;2018-05-30;1;0;0,292564103;39;0
6322;Sin Codigo;CABLE UTP NISUTA CAT5E EXTERIOR X METRO;5;334;9,372536554;0;0;87,21;11,34076923;21;0;12;0;1;2013-09-25;CV;1;0;2;0;0;0;2017-10-21;0;0;0;82,109;0;0;0;2017-10-21;2017-10-21;1;0;0,164358974;39;0
549;Sin Codigo;DVD VERBATIM 16X 4.7GB ESTAMPADO;0;324;5,190718373;87,97;42,41;97,18;6,280769231;21;4,25;7;3,22;100;2011-08-07;CV;1;0;2;0;0;0;2016-05-05;1;1;0;50;0;0;0;2015-06-24;2015-06-24;1;0;0,091025641;39;0
16228;Sin Codigo;AURICULAR IN-EAR MANOS LIBRES HOCO M22;2;314;149,8317322;47,11;30;157,82;181,296396;21;7,9;420;6,98;1;2018-11-15;CV;1;0;2;0;0;0;2019-09-16;1;1;0;90,24;0;0;0;2019-09-16;2019-09-16;1;0;2,627484;46;0
1454;Sin Codigo;PENDRIVE 32GB 3.1 SANDISK CRUZER ULTRA FIT Z430;1;314;382,0661157;45,51;19,73;69,61;462,3;21;7,9;500;6,5;1;2007-12-04;CV;1;0;2;0;0;1;2019-07-08;1;1;0;26,66,151;0;0;0;2017-11-09;2017-11-18;1;0;6,7;44;0
18431;Sin Codigo;CABLE USB A MICRO USB BOROFONE BX32 1M 2A;2;310;66,81447964;15;12,5;216,32;73,83;10,5;259,3;220;253,66;1;2019-12-13;CV;1;0;2;0;0;0;2019-12-13;1;1;0;77;0;0;0;2017-11-09;2017-11-18;1;0;1,07;65;0
17421;Sin Codigo;AURICULAR IN-EAR MANOS LIBRES HOCO M19;2;309;131,2438165;47,11;30;166,3;158,805018;21;7,9;380;6,98;1;2019-07-06;CV;1;0;2;0;0;0;2019-09-16;1;1;0;90,24;0;0;0;2019-09-16;2019-09-16;1;0;2,301522;46;0
16935;Sin Codigo;COOLER VENTILADOR SEISA 80X80X25 MOLEX;1;309;56,3362;100;60;206,4;68,166802;21;50;150;40;1;2019-03-21;CV;1;0;2;0;0;0;2020-03-05;1;1;0;27;0;0;0;2020-03-05;2020-03-05;1;0;0,6196982;79;1
1154;Sin Codigo;CD IPC PRINTEABLE 80MIN 700MB;5;297;5,24920534;118,98;25;108,91;6,351538462;21;3;7,5;1,71;1;2011-07-27;CV;1;0;2;0;0;0;2017-04-21;1;1;0;49;0;0;0;2017-04-21;2017-04-21;0;0;0,092051282;39;0
4671;Sin Codigo;CABLE UTP NEXANS CAT 6 (ALTA VELOCIDAD) X 1METRO;2;295;15,39669421;60;20;99,43;18,63;21;6,4;21;4,8;100;2011-07-06;CV;1;0;2;0;0;0;2019-04-15;1;1;0;82,109;0;0;0;2019-04-15;2019-04-15;1;0;0,27;39;0
10446;Sin Codigo;FILM PROTECTOR GORILLA GLASS SAMSUNG A8;2;287;34,50633545;0;0;417,05;41,7526659;21;0;100;0;1;2016-01-04;CV;1;0;2;0;0;0;2018-07-02;0;0;0;73;0;0;0;2018-07-02;2018-07-02;1;0;0,6051111;45;0
10935;Sin Codigo;CARTUCHO GLOBAL TONER BROTHER TN-1060;10;286;193,77;0;0;121,79;234,46;21;0;520;0;1;2016-04-20;CV;1;0;2;0;1;4;2020-05-14;0;0;0;2;1;0;24;2017-11-09;2017-11-18;0;0;3,435312;68,25;0
541;Sin Codigo;CABLE MONITOR 5M HD;5;270;36,67132867;82,42;45,11;333,96;44,37230769;21;44;120;35;1;2015-10-21;CV;1;0;2;0;0;0;2020-03-05;1;1;0;78;0;0;0;2020-03-05;2020-03-05;1;0;0,643076923;39;0
17318;Sin Codigo;PILA 23A ENERGIZER;12;265;31,43382248;88,68;50,94;81,41;38,0349252;21;3;65;2,4;1;2019-06-13;CV;1;0;2;0;0;0;2020-02-20;1;1;0;28;0;0;0;2020-02-20;2020-02-20;1;0;0,5512308;65;0
18426;Sin Codigo;CABLE USB A IPHONE BOROFONE BX19 1M 1.3A;2;251;46,20813855;15;12,5;170,27;51,0599931;10,5;259,3;130;253,66;1;2019-12-13;CV;1;0;2;0;0;0;2019-12-13;1;1;0;77;0;0;0;2017-11-09;2017-11-18;1;0;0,7399999;65;0
13946;Sin Codigo;CABLE UTP FURUKAWA CAT 5 EXTERIOR X METRO;2;249;21,20152736;60;20;87,65;25,6538481;21;6,4;30;4,8;1;2017-08-23;CV;1;0;2;0;0;0;2019-03-11;1;1;0;82,109;0;0;0;2019-03-11;2019-03-11;1;0;0,3717949;43;0
18243;Sin Codigo;CABLE USB A MICRO USB SEISA 3M S7-V8;2;249;139,0817273;0;0;201,68;168,28889;21;0;300;0;1;2019-11-22;CV;1;0;2;0;0;0;2019-11-22;0;0;0;77;0;0;0;2017-11-09;2017-11-18;1;0;1,529899;65;1
3139;Sin Codigo;DVD TDK 4.7GB  ESTAMPADO;0;248;3,187539733;66,67;25,56;106,42;3,856923077;21;1,5;4,5;1,13;0;2010-11-16;CV;1;0;2;0;0;0;2015-08-24;1;1;0;50;0;0;0;2015-06-24;2015-06-24;0;0;0,055897436;39;0
13475;Sin Codigo;CARTUCHO GLOBAL EPSON T297 XL BLACK;15;247;260;0;0;74,03;287,3;10,5;0;500;0;1;2017-05-31;CV;1;0;2;0;0;8;2020-05-14;0;0;0;6;0;0;0;2020-05-14;2020-05-14;0;0;4,163768;69;0
18402;Sin Codigo;AURICULAR VINCHA MANOS LIBRES BOROFONE BO1;2;246;326,7520661;47,11;30;101,37;395,37;21;7,9;750;6,98;1;2019-12-13;CV;1;0;2;0;0;0;2019-12-13;1;1;0;90,24;0;0;0;2017-11-09;2017-11-18;1;0;5,73;65;0
16226;Sin Codigo;AURICULAR IN-EAR MANOS LIBRES HOCO M34;2;245;84,75617851;47,11;30;171,29;102,554976;21;7,9;250;6,98;1;2018-11-15;CV;1;0;2;0;1;0;2020-04-19;1;1;0;90,24,157;0;0;0;2017-11-09;2017-11-18;1;0;1,486304;46;0
16643;Sin Codigo;CARGADOR 220V IPHONE IGLUFIVE 2.1A;2;243;190,6533937;0;0;67,22;210,672;10,5;0;250;0;1;2019-01-31;CV;1;0;2;0;0;0;2019-12-14;0;0;0;32,99;0;0;0;2017-11-09;2017-11-15;1;0;1,9152;70;1
12517;Sin Codigo;FILM PROTECTOR GORILLA GLASS SAMSUNG J2 2016;2;243;17,67768595;0;0;1066,67;21,39;21;0;140;0;1;2016-12-17;CV;1;0;2;0;0;0;2017-04-18;0;0;0;73;0;0;0;2017-04-17;2017-04-17;1;0;0,31;62;0
16610;Sin Codigo;CABLE HDMI GENERICO 1M GOMA 1.4V;2;240;57,7444552;0;0;220,1;63,807623;10,5;0;130;0;1;2019-01-21;CV;1;0;2;0;0;0;2020-01-21;0;0;0;76;0;0;0;2017-11-10;2017-11-10;1;0;0,5800693;70;1
328;Sin Codigo;SOBRES PARA CD Y DVD DE PAPEL;100;235;0,511760911;400;100;369,17;0,619230702;21;0,2;2;0,08;500;2011-08-23;CV;1;0;2;0;0;0;2019-06-27;1;1;0;46;0;0;0;2019-06-27;2019-06-27;1;0;0,008974358;39;0
6388;Sin Codigo;CORREA PENDRIVE Y CELULAR;0;234;9,60668291;0;0;51,16;10,61538462;10,5;0;10;0;1;2013-11-19;CV;1;0;2;0;0;0;2019-04-09;0;0;0;32;0;0;0;2019-04-09;2019-04-09;1;0;0,153846154;39;0
10928;Sin Codigo;FILM PROTECTOR GORILLA GLASS LG KITE/JOY;2;231;34,50633545;0;0;1053,85;41,7526659;21;0;150;0;1;2016-04-20;CV;1;0;2;0;0;0;2016-11-15;0;0;0;73;0;0;0;2015-06-24;2015-06-24;1;0;0,6051111;45;0
18763;Sin Codigo;AURICULAR IN-EAR MANOS LIBRES AKG SIMIL S8;2;231;150;0;0;203,03;181,5;21;0;350;0;1;2020-02-19;CV;1;0;2;0;0;0;2020-02-19;0;0;0;12;0;0;0;2017-11-09;2017-11-18;1;0;1,65;70;1
671;Sin Codigo;SERVICIO TECNICO/INSTAL./CONFIG. (MANO DE OBRA PC);5;230;1,462174438;49900;49900;11900;1,76923107;21;50;200;50;0;2011-08-23;CV;1;0;2;0;0;0;2019-11-08;1;1;0;59;0;0;0;2017-11-09;2017-11-18;1;0;0,02564103;39;0
3951;Sin Codigo;CABLE POWER TIPO 8;5;230;54,17355372;105,01;38,1;110,53;65,55;21;16,7;130;11,25;5;2011-06-06;CV;1;0;2;0;3;1;2020-03-10;1;1;0;81;0;0;0;2020-03-10;2020-03-10;1;0;0,95;65;0
16264;Sin Codigo;CABLE UTP KELYX CAT 6 INTERIOR X METRO;0;225;14,96650488;143,2;57,37;96,08;18,1094709;21;1,7;22;1,1;1;2018-11-21;CV;1;0;2;0;0;0;2019-06-22;1;1;0;82,109;0;0;0;2017-11-09;2017-11-18;1;0;0,2624561;42,75;0
18242;Sin Codigo;CABLE USB A IPHONE SEISA 3M S7-IP;2;223;165,8281818;0;0;153,02;200,6521;21;0;300;0;1;2019-11-22;CV;1;0;2;0;0;0;2019-11-22;0;0;0;77;0;0;0;2017-11-09;2017-11-18;1;0;1,82411;65;1
2798;Sin Codigo;FUENTE ATX 550W NOGANET 24 PINES SATA POWER;2;222;518,1359975;66,67;24;60,85;626,944557;21;98;950;72,91;10;2011-08-06;CV;1;0;2;0;0;1;2020-03-09;1;1;0;97;0;0;0;2020-03-09;2020-03-09;1;0;9,086153;65;0
6617;Sin Codigo;AURICULAR IN-EAR MANOS LIBRES SAMSUNG SIMIL HS330;0;215;159,2760181;0;0;123,21;176;10,5;0;250;0;1;2014-04-21;CV;1;0;2;0;13;0;2020-02-19;0;0;0;24;0;0;0;2017-11-09;2017-11-18;1;0;1,6;70;1
18321;Sin Codigo;CABLE USB A MICRO USB HOCO X5 2.4A 1M;2;215;79,30316742;15;12,5;142,28;87,63;10,5;259,3;200;253,66;1;2019-12-09;CV;1;0;2;0;0;0;2019-12-09;1;1;0;77;0;0;0;2017-11-09;2017-11-18;1;0;1,27;65;0
